<?xml version='1.0' encoding='utf-8'?>
<COLLADA xmlns="http://www.collada.org/2005/11/COLLADASchema" version="1.4.1"><asset><created>2026-09-16T00:00:00Z</created><modified>2026-09-16T00:00:00Z</modified><unit name="meter" meter="1" /><up_axis>Z_UP</up_axis></asset><library_effects><effect id="mesh0-material0-effect"><profile_COMMON><technique sid="common"><lambert><diffuse><color>0.08848551660776138 0.08848551660776138 0.08848551660776138 1.0</color></diffuse></lambert></technique></profile_COMMON></effect><effect id="mesh0-material1-effect"><profile_COMMON><technique sid="common"><lambert><diffuse><color>0.021547166630625725 0.021547166630625725 0.021547166630625725 1.0</color></diffuse></lambert></technique></profile_COMMON></effect><effect id="mesh0-material2-effect"><profile_COMMON><technique sid="common"><lambert><diffuse><color>0.017225133255124092 0.017225133255124092 0.017225133255124092 1.0</color></diffuse></lambert></technique></profile_COMMON></effect></library_effects><library_materials><material id="mesh0-material0" name="mesh0-material0"><instance_effect url="#mesh0-material0-effect" /></material><material id="mesh0-material1" name="mesh0-material1"><instance_effect url="#mesh0-material1-effect" /></material><material id="mesh0-material2" name="mesh0-material2"><instance_effect url="#mesh0-material2-effect" /></material></library_materials><library_geometries><geometry id="mesh0" name="mesh0"><mesh><source id="mesh0-positions"><float_array id="mesh0-array" count="6924">-0.00314286628576 -0.00122023432262 -0.00485487203515 -0.00345032127544 -0.000991779502878 -0.00479804523988 -0.00314312007508 -0.000967980613278 -0.00517337115872 -0.00347987997403 -0.00079232087685 -0.00499716299359 -0.00345063869126 -0.000592862213535 -0.00519632757129 -0.00375850389743 -0.000571497111867 -0.00477576512971 -0.00372339502703 -0.000331406047196 -0.00501560204906 -0.00396709949379 -0.000315101663003 -0.00451879468203 -0.00392751475352 -4.4486476458e-05 -0.00478891087768 -0.00409677528663 -3.38260005301e-05 -0.00423696725177 -0.00405440567746 0.000255704312001 -0.0045260706145 -0.00414204083362 0.000260339438763 -0.00394229676702 -0.00409867648052 0.000556475005589 -0.00423799566614 -0.00410100616908 0.000554804693788 -0.00364739476654 -0.00405853711736 0.000844935563621 -0.00393719773066 -0.00397538124654 0.000837079721513 -0.00336476984272 -0.00393559762119 0.00110899602263 -0.00363628516152 -0.00377057562022 0.00109517407823 -0.00310642724372 -0.00373516826294 0.00133726665548 -0.00334816280811 -0.00349519796736 0.00131819644191 -0.00288326879418 -0.00346555867554 0.00152015709551 -0.00308493169801 -0.0031412703674 0.00164036885201 -0.00284849405972 -0.00314154573718 0.00185394415407 -0.00319412398394 -0.00336346936379 -0.00118273132649 -0.00460746634151 -0.00314257299863 -0.00139222755521 -0.004486708998 -0.00322273084752 -0.00135686974296 -0.0044337169762 -0.00314225614024 -0.00147474438745 -0.00408887470838 -0.00344896328956 -0.00125113740626 -0.00409755241063 -0.00322372042029 -0.00143068014724 -0.00391837463856 -0.00361829025499 -0.00108081054861 -0.00375448171771 -0.0033642292386 -0.00128337142027 -0.00355254520981 -0.00372362345206 -0.000853177457202 -0.00341921635522 -0.00345145097431 -0.00107004977995 -0.00320290565743 -0.0037603740308 -0.000577826977496 -0.00310576762211 -0.00348169749384 -0.000799803355772 -0.00288436616494 -0.00372695282177 -0.000266548274699 -0.00282774618054 -0.00345367962767 -0.000484221313192 -0.00261053699634 -0.00362496898221 6.74678121124e-05 -0.00259666126061 -0.00336860661279 -0.000136694411337 -0.00239302785946 -0.00345853055372 0.000410029327739 -0.00242262089881 -0.00323008585392 0.000228184757973 -0.00224114750799 -0.00314076987606 0.000620968683896 -0.00222080583556 -0.0031407416861 0.000216140622288 -0.00218572821106 -0.00314078858974 -0.000185812346622 -0.00224494829704 -0.00314090803875 -0.000563292777928 -0.00239524889489 -0.0031410936625 -0.000896007048679 -0.00262861384423 -0.00314133534766 -0.00116586527796 -0.00293232873962 -0.00314162019372 -0.00135838037085 -0.00329018204458 -0.00314193267233 -0.001463267859 -0.00368266556931 -0.00323484326758 0.000746642005762 -0.00231283090377 -0.00314087164662 0.00100677033212 -0.0023482986113 -0.00337728353523 0.000922982172379 -0.00248877716201 -0.0031410415031 0.00135274007892 -0.00256132310626 -0.00346523727808 0.00111623582612 -0.00268165335141 -0.00314185288039 0.00198205125667 -0.0035797219688 -0.00323575283195 0.00188975120769 -0.00345412061509 -0.00337791247406 0.0017134108606 -0.00327794772233 -0.003629952646 0.00156895099849 -0.00357956224449 -0.00381750478328 0.00136920313972 -0.00389627215705 -0.00393255813804 0.00112275653622 -0.00421457699079 -0.00397010212072 0.000839900596758 -0.00452117253361 -0.00392862614064 0.000532824727269 -0.00480275027324 -0.00380992088022 0.000214419605505 -0.0050475985111 -0.00361907789678 -0.000101623217173 -0.00524510228297 -0.00336409065789 -0.000401910279964 -0.00538704455266 -0.00314332074941 -0.00064908004006 -0.0054251172096 -0.00314217523344 0.00201777359839 -0.00398449352214 -0.00323146564921 0.00196226400344 -0.00397246661393 -0.00345962088426 0.0017803192238 -0.00379072970002 -0.00314249535678 0.0019591937403 -0.00438654017086 -0.00337015626457 0.00181085462294 -0.00433747697365 -0.00362619373269 0.00160669207455 -0.00413343553482 -0.00314279604975 0.00180949448073 -0.00476425938042 -0.00345533312045 0.00159383152071 -0.00468528218684 -0.0037282598328 0.00137605821551 -0.0044677381287 -0.00314306114691 0.00157665965172 -0.00509734479307 -0.00348338459161 0.00132048306972 -0.00500127772369 -0.00376170787804 0.00109850633823 -0.00477943271269 -0.00314327623475 0.00127337483573 -0.00536768630695 -0.00345310000766 0.00100239859629 -0.00527205531091 -0.00372492735742 0.000785525928573 -0.00505531141153 -0.00314342976654 0.000915828480884 -0.00556077103075 -0.00336577013079 0.000653168857895 -0.00548600309057 -0.00361950887376 0.000450707584556 -0.00528356212853 -0.00314351354011 0.000523512378845 -0.00566628344264 -0.00322508771325 0.000287686600887 -0.00563400625678 -0.00345004478087 0.00010804365409 -0.00545457005811 -0.00314352293677 0.00011732190429 -0.00567840690307 -0.00322362926332 -0.00022777168517 -0.00556101784497 -0.00314345747871 -0.000280643427583 -0.00559652381359 -0.00373478300008 0.000853081546138 -0.00286474837777 -0.00393516489726 0.000565163471127 -0.00309331823004 -0.00362919868387 0.000621397336802 -0.00263351680702 -0.00381665788982 0.000304856583735 -0.00283361972491 -0.0040580753275 0.000264573957775 -0.00335775988826 -0.00393165430722 -1.31469344352e-05 -0.00308048154135 -0.00409820521437 -3.57960727676e-05 -0.00364666730757 -0.00396917973549 -0.000319321420918 -0.00336379565336 -0.00405394492282 -0.000323356259032 -0.00394793173605 -0.00392772445991 -0.000600376594163 -0.003671352672 -0.00392708417966 -0.000585616878735 -0.00424864179441 -0.0038090782073 -0.000844622731632 -0.00399024185507 -0.00372301286984 -0.000811688052103 -0.00453608451057 -0.00361833006636 -0.00104147074959 -0.0043067507089 -0.00414311975802 -0.000967981247414 -0.00517257483227 -0.00414286596869 -0.00122023495675 -0.0048540757087 -0.00414257268157 -0.00139222818935 -0.00448591267155 -0.00414225582317 -0.00147474502158 -0.00408807838192 -0.00414193235526 -0.00146326849313 -0.00368186924285 -0.00414161987666 -0.00135838100499 -0.00328938571812 -0.00414133503059 -0.00116586591209 -0.00293153241316 -0.00414109334543 -0.000896007682815 -0.00262781751778 -0.00414090772168 -0.000563293412065 -0.00239445256843 -0.00414078827267 -0.000185812980758 -0.00224415197059 -0.00414074136903 0.000216139988152 -0.0021849318846 -0.00414076955899 0.000620968049759 -0.0022200095091 -0.00414087132955 0.00100676969799 -0.00234750228484 -0.00414104118604 0.00135273944478 -0.00256052677981 -0.00414127005033 0.00164036821788 -0.00284769773326 -0.00414154542011 0.00185394351994 -0.00319332765749 -0.00414185256332 0.00198205062253 -0.00357892564235 -0.00414217491637 0.00201777296426 -0.00398369719568 -0.00414249503971 0.00195919310617 -0.0043857438444 -0.00414279573268 0.0018094938466 -0.00476346305396 -0.00414306082984 0.00157665901758 -0.00509654846661 -0.00414327591768 0.00127337420159 -0.00536688998049 -0.00414342944947 0.000915827846748 -0.00555997470429 -0.00414351322304 0.000523511744709 -0.00566548711618 -0.0041435226197 0.000117321270154 -0.00567761057661 -0.00414345716164 -0.000280644061719 -0.00559572748713 -0.00414332043235 -0.000649080674196 -0.00542432088314 0.00205514897308 -0.00417154699693 -0.00735166314522 -0.00494484880745 -0.00417155143589 -0.00734608886002 0.00205471035632 -0.00368820853343 -0.00790207824977 -0.0049452874242 -0.00368821297239 -0.00789650396456 0.00205432581016 -0.00313702416203 -0.0083845393268 -0.00494567197037 -0.00313702860098 -0.00837896504159 0.00205400170518 -0.00252770025025 -0.00879105410574 -0.00494599607534 -0.00252770468921 -0.00878547982053 0.00205374369533 -0.00187044244879 -0.00911453071363 -0.00494625408519 -0.00187044688775 -0.00910895642842 0.00205355616039 -0.00117665513383 -0.00934947823208 -0.00494644162013 -0.00117665957279 -0.00934390394687 0.0020534423653 -0.000458041566595 -0.00949180598072 -0.00494655541522 -0.000458046005548 -0.00948623169551 0.00205340422125 0.000272896345697 -0.00953912391515 -0.00494659355927 0.000272891906744 -0.00953354962995 0.0020534423653 0.00100385796988 -0.0094906418307 -0.00494655541522 0.00100385353093 -0.00948506754549 0.00205355616039 0.00172214394705 -0.00934716984021 -0.00494644162013 0.0017221395081 -0.009341595555 0.00205374369533 0.00241565619222 -0.00911111757771 -0.00494625408519 0.00241565175327 -0.0091055432925 0.00205400170518 0.00307229797416 -0.00878659467616 -0.00494599607534 0.00307229353521 -0.00878102039095 0.00205432581016 0.00368107367617 -0.00837910989165 -0.00494567197037 0.00368106923722 -0.00837353560644 0.00205471035632 0.00423138895551 -0.00789577166075 -0.0049452874242 0.00423138451656 -0.00789019737555 0.00205514897308 0.00471395018576 -0.00734458738423 -0.00494484880745 0.0047139457468 -0.00733901309903 0.00205563393604 0.0051204650939 -0.00673526366545 -0.00494436384448 0.00512046065494 -0.00672968938024 0.00205615712269 0.00544394180468 -0.00607800607223 -0.00494384065783 0.00544393736573 -0.00607243178702 0.0020567094549 0.00567878939801 -0.00538421905676 -0.00494328832562 0.00567878495906 -0.00537864477155 0.00205728161564 0.00582111719215 -0.0046656057173 -0.00494271616488 0.00582111275319 -0.00466003143209 0.00205786365083 0.00586843514195 -0.00393466803674 -0.00494213412969 0.005868430703 -0.00392909375153 0.00205844576566 0.0058199530425 -0.00320370664434 -0.00494155201486 0.00581994860354 -0.00319813235913 0.00205901784677 0.00567648100688 -0.00248542089499 -0.00494097993375 0.00567647656792 -0.00247984660978 0.00205957025861 0.00544052866985 -0.0017919087902 -0.00494042752192 0.0054405242309 -0.00178633450499 0.00206009336562 0.00511600566573 -0.00113526721662 -0.0049399044149 0.00511600122678 -0.00112969293141 0.00206057840822 0.00470852075233 -0.000526491707839 -0.0049394193723 0.00470851631338 -0.000520917422632 0.00206101694534 0.0042250823685 2.38233171407e-05 -0.00493898083518 0.00422507792954 2.93976023484e-05 0.00206140157114 0.00367399791743 0.000506384473733 -0.00493859620938 0.00367399347847 0.000511958758941 0.00206172567612 0.00306457400568 0.00091289917304 -0.00493827210441 0.00306456956673 0.000918473458248 0.00206198368597 0.00240741620419 0.00123637586056 -0.00493801409455 0.00240741176524 0.00124195014577 0.00206217114128 0.00171352896889 0.00147122329945 -0.00493782663925 0.00171352452994 0.00147679758466 0.00206228493636 0.000995015401626 0.00161355112772 -0.00493771284416 0.000995010962672 0.00161912541293 0.00206232308041 0.000263977489365 0.00166086898252 -0.00493767470011 0.000263973050411 0.00166644326773 0.00206228493636 -0.000466884134852 0.0016123869777 -0.00493771284416 -0.000466888573806 0.00161796126291 0.00206217114128 -0.00118527011199 0.00146891490758 -0.00493782663925 -0.00118527455094 0.00147448919279 0.00206198368597 -0.00187868243682 0.00123296272465 -0.00493801409455 -0.00187868687577 0.00123853700986 0.00206172567612 -0.00253542421874 0.00090843974346 -0.00493827210441 -0.00253542865769 0.000914014028668 0.00206140157114 -0.00314409992077 0.000500955038587 -0.00493859620938 -0.00314410435973 0.000506529323795 0.00206101694534 -0.00369451512045 1.75167281223e-05 -0.00493898083518 -0.00369451955941 2.309101333e-05 0.00206057840822 -0.00417697643036 -0.000533567468827 -0.0049394193723 -0.00417698086931 -0.00052799318362 0.00206009336562 -0.00458349125887 -0.00114299118755 -0.0049399044149 -0.00458349569782 -0.00113741690234 0.00205957025861 -0.00490696804929 -0.00180014878084 -0.00494042752192 -0.00490697248824 -0.00179457449563 0.00205901784677 -0.00514191556295 -0.00249403587588 -0.00494097993375 -0.00514192000191 -0.00248846159067 0.00205844576566 -0.00528424343672 -0.0032125492154 -0.00494155201486 -0.00528424787567 -0.00320697493019 0.00205786365083 -0.00533156130689 -0.0039435868959 -0.00494213412969 -0.00533156574584 -0.00393801261069 0.00205728161564 -0.00528307928707 -0.00467444828836 -0.00494271616488 -0.00528308372602 -0.00466887400315 0.0020567094549 -0.00513960717182 -0.00539283403764 -0.00494328832562 -0.00513961161077 -0.00538725975243 0.00205615712269 -0.00490355491445 -0.00608624606287 -0.00494384065783 -0.00490355935341 -0.00608067177766 0.00205563393604 -0.0045790318307 -0.00674298763638 -0.00494436384448 -0.00457903626965 -0.00673741335118 0.00205527957066 0.00452451964824 -0.00718073823288 0.00405485051275 0.00405454948929 -0.00772070513672 0.00205485114689 0.00405454822102 -0.0077191124838 0.00405447584103 0.00351692433148 -0.00819163326212 0.00205447647517 0.0035169230632 -0.00819004060921 0.00405416169015 0.0029213386712 -0.00858660754305 0.00205416232428 0.00292133740293 -0.00858501489013 0.00405391347511 0.0022783870901 -0.00889881954273 0.00205391410925 0.00227838582183 -0.00889722688981 0.00405373581462 0.00159966496579 -0.00912246002745 0.00205373644876 0.00159966369752 -0.00912086737454 0.00405363181435 0.00089706918883 -0.00925361952341 0.00205363244849 0.000897067920557 -0.0092520268705 0.00405360330586 0.00018329792364 -0.00928998791872 0.00205360393999 0.000183296655368 -0.0092883952658 0.00405365076693 -0.000528949311601 -0.0092309551004 0.00205365140106 -0.000528950579873 -0.00922936244748 0.00405377348087 -0.00122687180426 -0.0090774108749 0.00205377411501 -0.00122687307253 -0.00907581822198 0.00405396905871 -0.00189826716922 -0.00883234552513 0.00205396969285 -0.00189826843749 -0.00883075287221 0.00405423423551 -0.00253093214542 -0.00849984933331 0.00205423486965 -0.00253093341369 -0.00849825668039 0.00405456407403 -0.00311356179921 -0.00808611329701 0.00205456470817 -0.00311356306748 -0.00808452064409 0.00405495284073 -0.00363595040027 -0.00759832928914 0.00205495347487 -0.00363595166855 -0.00759673663622 0.00405539352793 -0.00408859094396 -0.00704528973901 0.00205539416207 -0.00408859221223 -0.00704369708609 0.00405587833164 -0.00446357562876 -0.00643678834942 0.00205587896577 -0.00446357689704 -0.00643519569651 0.00405639849224 -0.00475399569729 -0.00578381961875 0.00205639912638 -0.00475399696556 -0.00578222696584 0.00405694477237 -0.00495484191373 -0.00509797955801 0.0020569454065 -0.004954843182 -0.0050963869051 0.00405750745682 -0.00506250456405 -0.00439146529268 0.00205750809096 -0.00506250583232 -0.00438987263977 0.00405807651189 -0.00507497361516 -0.00367687522213 0.00205807714602 -0.00507497488343 -0.00367528256921 0.00405864174459 -0.00499213887412 -0.00296700925859 0.00205864237872 -0.0049921401424 -0.00296541660567 0.0040591931212 -0.00481549030675 -0.00227446858857 0.00205919375534 -0.00481549157502 -0.00227287593565 0.00405972068765 -0.004548017958 -0.00161175559313 0.00205972132178 -0.00454801922627 -0.00161016294021 0.0040602151269 -0.00419461250931 -0.000990574166839 0.00206021576104 -0.00419461377758 -0.000988981513923 0.00406066759974 -0.00376156511945 -0.000422029319526 0.00206066823388 -0.00376156638773 -0.00042043666661 0.00406107006326 -0.00325666774306 8.37727438683e-05 0.0020610706974 -0.00325666901133 8.53653967848e-05 0.00406141527089 -0.00268881313074 0.000517724941807 0.00206141590502 -0.00268881439901 0.000519317594724 0.00406169709091 -0.00206809514757 0.000872119236274 0.00206169772505 -0.00206809641584 0.00087371188919 0.00406191042684 -0.00140580869349 0.00114054663283 0.00206191106097 -0.00140580996176 0.00114213928575 0.00406205161556 -0.000713650101673 0.00131839781738 0.0020620522497 -0.000713651369946 0.0013199904703 0.00406211802921 -3.91674035469e-06 0.0014023629972 0.00206211866335 -3.91800862715e-06 0.00140395565011 0.00406210855292 0.000710692509353 0.00139103205981 0.00206210918706 0.000710691241081 0.00139262471273 0.00406202326633 0.00141737757188 0.00128449481218 0.00206202390047 0.0014173763036 0.0012860874651 0.00406186376209 0.00210363685853 0.00108474129895 0.00206186439623 0.00210363559025 0.00108633395187 0.00406163282735 0.00275706758609 0.000795261643461 0.00206163346148 0.00275706631782 0.000796854296377 0.00406133468263 0.00336606553772 0.00042134660495 0.00206133531676 0.00336606426944 0.000422939257866 0.00406097458369 0.00391982546108 -3.04124210919e-05 0.00206097521782 0.0039198241928 -2.88197681754e-05 0.00406055890114 0.00440844098869 -0.000552023323373 0.00206055953528 0.00440843972042 -0.000550430670456 0.00406009512047 0.00482320463786 -0.0011340930359 0.0020600957546 0.00482320336959 -0.00113250038298 0.00405959152346 0.00515660812916 -0.00176622753771 0.00205959215759 0.00515660686089 -0.00176463488479 0.0040590571086 0.00540284246594 -0.00243713145466 0.00205905774274 0.00540284119767 -0.00243553880175 0.00405850135219 0.00555739817335 -0.00313490837779 0.00205850198632 0.00555739690508 -0.00313331572487 0.00405793420831 0.00561766529813 -0.00384706038545 0.00205793484244 0.00561766402985 -0.00384546773253 0.0040573657903 0.0055824337273 -0.0045608884413 0.00205736642444 0.00558243245903 -0.00455929578838 0.00405680629115 0.00545229326771 -0.00526359207566 0.00205680692529 0.00545229199944 -0.00526199942274 0.00405626558532 0.00522973404412 -0.00594276930557 0.00205626621945 0.00522973277584 -0.00594117665265 0.00405575346761 0.00491864626046 -0.00658611703316 0.00205575410174 0.00491864499219 -0.00658452438024 0.00405527893652 0.00452452091651 -0.0071823308858 0.00794146764835 -0.00371796395128 -0.00092578530295 0.00784146768006 -0.0037179640147 -0.000925705670304 0.00794187727881 -0.00326987372382 -0.00041102847662 0.00784187731052 -0.00326987378723 -0.000410948843974 0.00794223443134 -0.00275583103933 3.788086943e-05 0.00784223446305 -0.00275583110275 3.79605020758e-05 0.0079425324168 -0.00218552920561 0.000412535016157 0.0078425324485 -0.00218552926903 0.000412614648803 0.00794276582015 -0.00156946280431 0.000706125606444 0.00784276585186 -0.00156946286772 0.00070620523909 0.00794293026162 -0.000919227451943 0.000913143406387 0.00784293029333 -0.000919227515357 0.000913223039033 0.00794302255589 -0.000246819959408 0.0010295788626 0.00784302258759 -0.000246820022821 0.00102965849525 0.0079430411103 0.000435161269945 0.00105342194265 0.00784304114201 0.000435161206532 0.00105350157529 0.00794298552669 0.00111411663827 0.000984162613112 0.0078429855584 0.00111411657486 0.000984242245758 0.00794285691993 0.00177724503478 0.000823190680134 0.00784285695164 0.00177724497137 0.00082327031278 0.00794265751972 0.00241224423365 0.000573296347118 0.00784265755143 0.00241224417024 0.000573375979764 0.00794239114844 0.00300741041623 0.000239270293997 0.00784239118014 0.00300741035281 0.000239349926642 0.00794206282293 0.0035515385692 -0.000172596402084 0.00784206285464 0.00355153850579 -0.000172516769438 0.0079416785953 0.00403442264374 -0.000654711868475 0.007841678627 0.00403442258032 -0.000654632235829 0.00794124555283 0.00444715555534 -0.00119818319813 0.00784124558454 0.00444715549192 -0.00119810356548 0.0079407718977 0.00478212910425 -0.00179271644966 0.00784077192941 0.00478212904084 -0.00179263681701 0.00794026630988 0.00503303461253 -0.00242741664684 0.00784026634158 0.00503303454912 -0.00242733701419 0.00793973834527 0.00519506252576 -0.00309028761964 0.00783973837697 0.00519506246235 -0.003090207987 0.00793919771906 0.00526540312967 -0.00376913160552 0.00783919775077 0.00526540306625 -0.00376905197288 0.00793865462425 0.0052426462317 -0.00445114972745 0.00783865465595 0.00524264616828 -0.00445107009481 0.00793811909453 0.00512728179799 -0.00512374159526 0.00783811912624 0.00512728173458 -0.00512366196262 0.00793760116364 0.00492129979419 -0.00577430562429 0.00783760119535 0.00492129973078 -0.00577422599164 0.00793711038749 0.00462869066312 -0.00639083863683 0.00783711041919 0.00462869059971 -0.00639075900418 0.00793665600347 0.00425494516564 -0.00696173626044 0.00783665603517 0.00425494510223 -0.0069616566278 0.00793624637301 0.00380685493818 -0.00747649308677 0.00783624640471 0.00380685487477 -0.00747641345413 0.00793588922048 0.0032928122537 -0.00792540243282 0.00783588925218 0.00329281219028 -0.00792532280018 0.00793559115539 0.00272251049961 -0.00830015657949 0.0078355911871 0.0027225104362 -0.00830007694684 0.00793535775203 0.0021064440983 -0.00859374716978 0.00783535778374 0.00210644403489 -0.00859366753713 0.0079351933902 0.00145620866631 -0.00880066496978 0.0078351934219 0.00145620860289 -0.00880058533714 0.0079351010163 0.000783801253403 -0.00891720042594 0.00783510104801 0.000783801189989 -0.00891712079329 0.00793508246189 0.000101720024081 -0.00894104358561 0.00783508249359 0.000101719960668 -0.00894096395296 0.00793513804549 -0.00057713534428 -0.00887178417644 0.0078351380772 -0.000577135407693 -0.0088717045438 0.00793526673189 -0.00124026382042 -0.00871071224353 0.00783526676359 -0.00124026388383 -0.00871063261088 0.0079354661321 -0.00187536301926 -0.00846081799015 0.0078354661638 -0.00187536308267 -0.0084607383575 0.00793573242375 -0.00247042912223 -0.00812689185733 0.00783573245545 -0.00247042918565 -0.00812681222468 0.00793606082888 -0.00301455735484 -0.00771492516131 0.00783606086059 -0.00301455741826 -0.00771484552867 0.00793644505652 -0.00349744142937 -0.00723280969492 0.00783644508823 -0.00349744149279 -0.00723273006227 0.00793687809899 -0.00391027434094 -0.0066893384449 0.00783687813069 -0.00391027440436 -0.00668925881225 0.00793735175411 -0.00424514788989 -0.00609480511373 0.00783735178582 -0.00424514795331 -0.00609472548109 0.00793785734194 -0.00449605339817 -0.00546010491656 0.00783785737365 -0.00449605346158 -0.00546002528391 0.00793838530655 -0.00465818131137 -0.00479723402339 0.00783838533826 -0.00465818137478 -0.00479715439074 0.00793892585312 -0.00472852183564 -0.00411849003744 0.00783892588483 -0.00472852189905 -0.0041184104048 0.00793946902757 -0.0047057650173 -0.00343637191557 0.00783946905928 -0.00470576508072 -0.00343629228293 0.00794000455729 -0.00459030058363 -0.00276377996813 0.00784000458899 -0.00459030064704 -0.00276370033549 0.00794052248818 -0.0043844185798 -0.00211321601874 0.00784052251988 -0.00438441864321 -0.00211313638609 0.00794101326433 -0.00409180944873 -0.0014966830062 0.00784101329604 -0.00409180951214 -0.00149660337355 0.00762696821097 -0.00368396462478 0.000581993172053 0.00762674523949 -0.00398354155831 0.000301754610863 0.00762650642111 -0.00426330265123 1.63182956143e-06 0.00726180366003 -0.00468519987227 0.00100258691893 0.00726131941376 -0.00522591545455 0.000394056332536 0.00762736279085 -0.00303085941174 0.00107801325734 0.00762717437995 -0.00336587089462 0.000841146478667 0.00726223455242 -0.00407753095733 0.00154417082208 0.00762768283456 -0.00231637968198 0.00148048221682 0.00762753256771 -0.00268052929967 0.00129149223466 0.00726260635736 -0.00341110297357 0.00201160151665 0.00762792244926 -0.00155371953851 0.00178198954365 0.00762781303397 -0.00194021000067 0.00164428177088 0.007262914058 -0.00269491090129 0.00239857183971 0.00762807701628 -0.000757174358081 0.00197672385406 0.00762801060263 -0.00115880781709 0.00189300402251 0.00726315335417 -0.00193865043726 0.0026996740703 0.00762814382809 5.85585714653e-05 0.00206127344418 0.00762812153094 -0.000350719001618 0.00203294752542 0.00726341510676 -0.000347212694441 0.00302964137509 0.00726332114021 -0.00115251847255 0.00291100008838 0.00762812153094 0.000878180608737 0.00203392613131 0.00762814382809 0.000468858441372 0.00206160017703 0.00726343397971 0.000466468174624 0.0030539893311 0.00762801060263 0.00168639128079 0.00189526973126 0.00762807701628 0.00128462499453 0.00197834979394 0.00726337744051 0.00127752445666 0.00298363519709 0.00762781303397 0.00246828860153 0.00164779237718 0.00762792244926 0.00208157930886 0.00178488443014 0.00726324636513 0.00207485527923 0.00281967013312 0.00762753256771 0.00320906883292 0.00129618228045 0.00762768283456 0.0028447186816 0.0014845921386 0.0072630425055 0.0028477588938 0.00256428561711 0.00762717437995 0.00389522680312 0.000846928686546 0.00762736279085 0.00355983849856 0.0010832616078 0.00726276848947 0.00358573267584 0.00222077328553 0.00762674523949 0.00451375574747 0.000308521237822 0.00762696821097 0.00421363287115 0.000588282241883 0.00726202615371 0.00491787458922 0.00128963410606 0.00726242821907 0.00427897272644 0.00179402533128 0.00762625302995 0.00505314778598 -0.000309149229754 0.00762650642111 0.00479399447699 8.84439947855e-06 0.00726156778806 0.00549393277222 0.000714492836721 0.00762570690909 0.00550349376405 -0.000994590607109 0.00762598610123 0.00529001463959 -0.000644160606292 0.00726105933346 0.00599934106658 7.63953069729e-05 0.00762511722916 0.00585628333212 -0.00173480967126 0.0076254168869 0.00569248372631 -0.00135864010931 0.00726050755868 0.0064271927057 -0.000616163983231 0.00762449474057 0.00610500574185 -0.0025163116069 0.00762480936925 0.00599399114836 -0.00212130001082 0.00725992010846 0.00677188004662 -0.00135358949941 0.00762385122895 0.00624494920909 -0.00332430016615 0.00762417485613 0.00618872559974 -0.00291794493852 0.00725930478681 0.00702849528691 -0.00212608514977 0.00762319855958 0.00627360186938 -0.00414387734926 0.00762352529243 0.00627327513663 -0.00373357760945 0.0072580241342 0.00726537586442 -0.00373409651538 0.00725866995516 0.00719373006617 -0.00292315356886 0.00762254891625 0.00619035153911 -0.00495974364374 0.00762287262306 0.00624592781468 -0.00455319938686 0.00725737616315 0.00724232384277 -0.00454781487233 0.00762191448276 0.00599688603394 -0.00575659770554 0.00762222903181 0.00610727144989 -0.00536150980266 0.00725673480162 0.00712496524151 -0.00535330832815 0.00762130696511 0.0056965936468 -0.00651973683647 0.00762160662285 0.00585979393731 -0.00614330687567 0.00725610864993 0.00691489145981 -0.00613977561556 0.00762073775078 0.00529526298838 -0.00723485642689 0.00762101686329 0.00550818380836 -0.0068841868723 0.00725550622877 0.00661499397606 -0.00689651443202 0.00762021735128 0.00480028354483 -0.00788875059237 0.00762047082207 0.00505892999203 -0.00757024462523 0.00725440467003 0.005762795805 -0.0082804930604 0.00725493566068 0.00622926466645 -0.00761332159867 0.00761975564105 0.00422084543878 -0.00846901201455 0.00761997861253 0.00452052237228 -0.00818877337373 0.00725392042376 0.00522218022269 -0.00888902356716 0.00761936106116 0.00356784022571 -0.00896503202021 0.00761954947206 0.00390285170859 -0.00872816524154 0.00725348945174 0.00461451138737 -0.00943070747024 0.00761904093783 0.00285336057559 -0.00936760097962 0.00761919128431 0.00321741011367 -0.00917851107716 0.0072531176468 0.00394808340362 -0.00989813816481 0.00761880140275 0.00209070035248 -0.00966900830652 0.00761891081804 0.00247719081464 -0.00953130053375 0.00725281002579 0.00323189125171 -0.0102850084879 0.0076186467561 0.00129405525171 -0.0098638426965 0.00761871324938 0.00169568863109 -0.00978002286501 0.00725257064998 0.00247553086734 -0.0105862107981 0.00761858002393 0.000478422242503 -0.00994829220705 0.00761860232107 0.000887699815586 -0.00991996628829 0.00725230897703 0.000884093044888 -0.010916078103 0.00725240286395 0.0016894989026 -0.0107975367365 0.00761860232107 -0.000341199794769 -0.00992094489418 0.00761858002393 6.81223725962e-05 -0.0099486189399 0.00725229010408 7.0412175823e-05 -0.010940426059 0.00761871324938 -0.00114951046679 -0.00978228857376 0.0076186467561 -0.000747744100897 -0.00986546863637 0.00725234656365 -0.000740544026612 -0.0108701718453 0.00761891081804 -0.00193130778756 -0.00953481114005 0.00761880140275 -0.00154459849489 -0.00967190319301 0.00725247771866 -0.00153787492881 -0.0107061067814 0.00761919128431 -0.00267218801892 -0.00918320112296 0.00761904093783 -0.00230773778799 -0.00937171090141 0.0072526815783 -0.00231077854339 -0.0104507222653 0.00761954947206 -0.00335824598915 -0.00873394744942 0.00761936106116 -0.00302285768459 -0.00897028037067 0.00725295551468 -0.00304885224576 -0.0101073100133 0.00761997861253 -0.0039767749335 -0.00819554000069 0.00761975564105 -0.00367675205715 -0.00847530108439 0.00725369793008 -0.0043808942388 -0.00917607075429 0.00725329586472 -0.00374199237602 -0.00968046197951 0.00762047082207 -0.00451616697201 -0.00757786953312 0.00762021735128 -0.00425701358339 -0.00789596316228 0.00725415629573 -0.00495695242181 -0.00860092948495 0.00762101686329 -0.00496651287045 -0.0068925281557 0.00762073775078 -0.00475303382562 -0.00724285815658 0.00725466475034 -0.00546236071616 -0.0079628319552 0.00762160662285 -0.00531930251815 -0.00615220909161 0.00762130696511 -0.00515560291231 -0.0065283787332 0.00725521644548 -0.00589031227562 -0.00727037274457 0.00762222903181 -0.00556802484825 -0.0053708071559 0.00762191448276 -0.0054570103344 -0.00576571875205 0.00725580397533 -0.00623489969621 -0.00653284714882 0.00762287262306 -0.00570796839512 -0.00456271859672 0.00762254891625 -0.00565184470611 -0.00496917390392 0.00725641929698 -0.00649151493649 -0.00576035149846 0.00762352529243 -0.00573662105541 -0.00374314141361 0.00762319855958 -0.00573629432266 -0.00415344115342 0.00725769986996 -0.00672839543437 -0.00415244013278 0.00725705412863 -0.00665684971572 -0.004963283159 0.00762417485613 -0.00565347064547 -0.0029273751987 0.00762385122895 -0.00570894700071 -0.00333381937601 0.00725834784101 -0.00670534341272 -0.00333872177584 0.00762480936925 -0.00545990521997 -0.00213042105733 0.00762449474057 -0.00557029055629 -0.00252560896015 0.00725898928217 -0.00658808489107 -0.00253312839971 0.0076254168869 -0.0051597128328 -0.00136728200604 0.00762511722916 -0.00532281312334 -0.0017437118872 0.00725961535423 -0.00637801102973 -0.00174676111223 0.00762598610123 -0.00475828217441 -0.000652162335979 0.00762570690909 -0.00497120291476 -0.00100293189051 0.00726021785502 -0.00607801362564 -0.000989922216213 0.00762625302995 -0.00452194917806 -0.000316774137642 0.00726078842311 -0.00569228431603 -0.000273115049563 0.00406223556703 -0.00407753298656 0.00154671906674 0.00406180467465 -0.00468520190151 0.0010051351636 0.00406132042838 -0.00522591748379 0.000396604577202 0.00406078943773 -0.00569228634527 -0.000270566804897 0.00406021886964 -0.00607801565488 -0.000987373971547 0.00405961636885 -0.00637801305897 -0.00174421286757 0.00405899029679 -0.0065880869203 -0.00253058015505 0.00405834885562 -0.00670534544196 -0.00333617353117 0.00405770088458 -0.0067283974636 -0.00414989188812 0.00405705514325 -0.00665685174496 -0.00496073491433 0.0040564203116 -0.00649151696573 -0.00575780325379 0.00405580498995 -0.00623490172544 -0.00653029890415 0.0040552174601 -0.00589031430485 -0.0072678244999 0.00405466576495 -0.0054623627454 -0.00796028371053 0.00405415731035 -0.00495695445104 -0.00859838124028 0.00405369894469 -0.00438089626804 -0.00917352250962 0.00405329687934 -0.00374199440526 -0.00967791373484 0.0040529565293 -0.00304885427499 -0.0101047617687 0.00405268259291 -0.00231078057262 -0.0104481740207 0.00405247873328 -0.00153787695805 -0.0107035585367 0.00405234757827 -0.000740546055848 -0.0108676236006 0.0040522911187 7.04101465871e-05 -0.0109378778143 0.00405230999165 0.000884091015652 -0.0109135298583 0.0040524039582 0.00168949679373 -0.0107948884919 0.0040525716646 0.0024755288381 -0.0105836625534 0.00405281104041 0.00323188922247 -0.0102824602433 0.00405311866142 0.00394808137438 -0.00989558992015 0.00405349046636 0.00461450935814 -0.00942815922557 0.00405392143838 0.00522217819345 -0.0088864753225 0.00405440568465 0.00576279377577 -0.00827794481573 0.0040549366753 0.00622926263721 -0.007610773354 0.00405550724339 0.00661499194682 -0.00689396618735 0.00405610966455 0.00691488943058 -0.0061372273709 0.00405673581624 0.00712496321228 -0.00535076008348 0.00405737717777 0.00724232181353 -0.00454526662766 0.00405802514882 0.00726537383518 -0.00373154827071 0.00405867096978 0.00719372803693 -0.0029206053242 0.00405930580143 0.00702849325767 -0.00212353690511 0.00405992112308 0.00677187801739 -0.00135104125474 0.0040605085733 0.00642719067646 -0.000613615738564 0.00406106034807 0.00599933903734 7.89435516393e-05 0.00406156880268 0.00549393074298 0.000717041081387 0.00406202716833 0.00491787255998 0.00129218235072 0.00406242923369 0.0042789706972 0.00179657357594 0.00406276950409 0.0035857306466 0.0022233215302 0.00406304352011 0.00284775686457 0.00256683386178 0.00406324737975 0.00207485324999 0.00282221837779 0.00406337845513 0.00127752242742 0.00298618344176 0.00406343499432 0.000466466145388 0.00305653757577 0.00406341612138 -0.000347214723677 0.00303218961976 0.00406332215483 -0.00115252050179 0.00291354833305 0.00406315436879 -0.00193865246649 0.00270222231497 0.00406291507262 -0.00269491293053 0.00240112008437 0.00406260737197 -0.00341110500281 0.00201414976131 -0.00494269155839 -0.00508540839519 -0.00463781658895 0.0010573065392 -0.00508540459037 -0.0046425945477 -0.00494324404986 -0.00494745594746 -0.0053315067337 0.00105675404773 -0.00494745214264 -0.00533628469245 -0.00494377758875 -0.00471992248071 -0.00600132554266 0.00105622050884 -0.00471991867589 -0.00600610350141 -0.00494428285805 -0.00440691731065 -0.00663557628821 0.00105571523954 -0.00440691350584 -0.00664035424696 -0.00494475125742 -0.00401364903598 -0.00722346311808 0.00105524684017 -0.00401364523116 -0.00722824107683 -0.00494517474397 -0.00354682569745 -0.00775489137407 0.00105482335362 -0.00354682189263 -0.00775966933281 -0.00494554615075 -0.0030146544594 -0.00822086759176 0.00105445194684 -0.00301465065458 -0.00822564555051 -0.00494585894788 -0.00242614184887 -0.0086131989433 0.00105413914971 -0.00242613804405 -0.00861797690205 -0.00494610779998 -0.00179139319803 -0.00892519347583 0.00105389029762 -0.00179128939324 -0.00892997135495 -0.00494628856614 -0.00112121264436 -0.00915165979299 0.00105370953145 -0.00112120883954 -0.00915643775174 -0.00494639798143 -0.000427303449087 -0.00928850721439 0.00105360011616 -0.000427299644269 -0.00929328517314 0.0010573065392 0.00562349201417 -0.00463406676459 -0.00494269155839 0.00562348820936 -0.00462928880584 0.00105675404773 0.00548654454907 -0.00532797581955 -0.00494324404986 0.00548654074425 -0.0053231978608 0.00105622058847 0.00526017808011 -0.00599805608127 -0.00494377750912 0.00526017427529 -0.00599327812252 0.00105571523954 0.00494808352799 -0.00663290461058 -0.00494428285805 0.00494807972317 -0.00662812665183 0.00105524684017 0.00455575205176 -0.00722141703471 -0.00494475125742 0.00455574824694 -0.00721663907596 0.00105482335362 0.00408987568602 -0.00775358802462 -0.00494517474397 0.0040898718812 -0.00774881006587 0.00105445194684 0.00355844726129 -0.00822041121541 -0.00494554615075 0.00355844345648 -0.00821563325666 0.00105413914971 0.00297046024486 -0.00861367944532 -0.00494585894788 0.00297045644004 -0.00860890148657 0.00105389029762 0.00233620929806 -0.00892668451645 -0.00494610779998 0.00233620549324 -0.0089219065577 0.00105370953145 0.00166649027657 -0.00915421783177 -0.00494628856614 0.00166648647175 -0.00914943987302 0.00105360011616 0.000972699911835 -0.00929217031574 -0.00494639798143 0.000972696107018 -0.00928739235699 0.00106212789927 0.000964172131427 0.00141672289336 -0.00493787019832 0.000964168326609 0.00142150085211 0.00106201840435 0.0016581814063 0.00127977555166 -0.00493797969324 0.00165817760148 0.00128455351041 0.00106183771782 0.00232826188037 0.0010534091548 -0.00493816037977 0.00232825807555 0.00105818711355 0.00106158878609 0.00296301061084 0.000741314622334 -0.0049384093115 0.00296300680602 0.000746092581083 0.00106127598896 0.00355162322134 0.000348983350426 -0.00493872210863 0.00355161941653 0.000353761309176 0.00106090466181 0.00408379437975 -0.000116892867331 -0.00493909343578 0.00408379057494 -0.000112114908582 0.00106048117527 0.00455051771832 -0.000648321202952 -0.00493951692232 0.0045505139135 -0.000643543244203 0.00106001269627 0.00494378607263 -0.00123630803276 -0.00493998540133 0.00494378226781 -0.00123153007401 0.00105950742697 0.00525689124265 -0.00187055869867 -0.00494049067062 0.00525688743783 -0.00186578073992 0.0010589739677 0.0054843246298 -0.00254027758733 -0.00494102412989 0.00548432082498 -0.00253549962858 0.0010584213966 0.00562237715713 -0.00323406765238 -0.00494157670099 0.00562237335232 -0.00322928969363 0.0010573065392 -0.00277860532179 -0.00464075758125 0.00105543708262 -0.000429136610143 -0.00698648663596 0.00105543708262 0.000970862945961 -0.00698537177857 0.0010573065392 0.00331669274559 -0.00463590373105 0.0010584213966 0.00331557788855 -0.00323590461884 0.00106029093282 0.0009660090973 -0.000890075643817 -0.00494213412969 -0.00291346651254 -0.00393608701307 -0.00494157670099 -0.00508652325223 -0.00323781747674 -0.00494157670099 -0.00277972398365 -0.00323598051029 -0.00494102412989 -0.00494967586673 -0.00254380850148 -0.00494049067062 -0.0047232093978 -0.00187372816013 -0.00493998540133 -0.00441121476602 -0.00123897971039 -0.00493951692232 -0.00401888336942 -0.000650367286318 -0.00493909343578 -0.00355290700371 -0.000118196216774 -0.00493872210863 -0.00302147849935 0.000348526974074 -0.0049384093115 -0.00243359148289 0.000741795124356 -0.00493816037977 -0.00179934061572 0.00105490019542 -0.00493797969324 -0.00112952151463 0.00128233359043 -0.00493787019832 -0.000435831229495 0.00142038599471 -0.0049396002181 0.000265898567787 -0.00075155519893 -0.00493970716477 0.000966005292483 -0.000885297685068 -0.00494213412969 0.00345043146967 -0.00393101926951 -0.00494269155839 0.00331668894077 -0.0046311257723 -0.00494466796165 0.000270966309735 -0.00711545116335 -0.00494456101497 -0.000429140414961 -0.00698170867721 -0.00494269155839 -0.0027786091266 -0.0046359796225 -0.00494456101497 0.000970859141144 -0.00698059381982 -0.00494157670099 0.00331557408373 -0.00323112666009 -0.00493970716477 -0.000433994263621 -0.000886412542463 0.0010584213966 -0.00508651944742 -0.00324259543549 0.0010589739677 -0.00494967206191 -0.00254858646023 0.00105950742697 -0.00472320559298 -0.00187850611887 0.00106001269627 -0.0044112109612 -0.00124375766914 0.00106048117527 -0.0040188795646 -0.000655145245067 0.00106090466181 -0.00355290319889 -0.000122974175523 0.00106127598896 -0.00302147469454 0.000343749015324 0.00106158878609 -0.00243358767807 0.000737017165607 0.00106183771782 -0.0017993368109 0.00105012223667 0.00106201840435 -0.00112951770981 0.00127755563168 0.00106212789927 -0.000435827424678 0.00141560803596 0.00106029093282 -0.000433990458804 -0.000891190501212 0.0010584213966 -0.00277972017883 -0.00324075846904 -0.00414213438334 0.00345043197698 -0.00393165633068 -0.0041446682153 0.000270966817044 -0.00711608822452 -0.00413960047175 0.000265899075096 -0.000752192260096 -0.00414213438334 -0.00291346600523 -0.00393672407424 -0.00774424453297 -0.0118365541676 -0.00759686362993 -0.00774217894112 -0.0109778200317 -0.00500227979678 -0.0077443291825 -0.0124937693097 -0.00770368698807 -0.00774179487275 -0.0111780040366 -0.0045201392087 -0.00774138261441 -0.0112465162732 -0.00400249376684 -0.00774250885928 -0.0106596902144 -0.00541632646143 -0.00774425982245 -0.0111710390891 -0.00761553366233 -0.0077427619319 -0.0102451372732 -0.00573379634175 -0.00774437441386 -0.0105209247038 -0.00775891595871 -0.00774292103798 -0.00976267832012 -0.00593321214667 -0.00774458432558 -0.009909414986 -0.00802202899704 -0.00774297526783 -0.00924492425444 -0.00600089984515 -0.00774346492912 -0.00860573479581 -0.00661529084135 -0.00774338529645 -0.00857901443695 -0.00651526956321 -0.00774488199251 -0.00935821749384 -0.00839539006361 -0.00774498670947 -0.00860421301595 -0.00852628962952 -0.00774525690312 -0.00888704273262 -0.00886581485444 -0.00774506634214 -0.0085773333918 -0.00862626822455 -0.00774512463325 -0.00850407512391 -0.00869940988701 -0.00774569559951 -0.00851280415489 -0.00941641683817 -0.00774514597481 -0.00840405381407 -0.00872613023735 -0.00774514597481 -0.00707645423501 -0.008725073034 -0.00774618239402 -0.00824871744411 -0.0100275065388 -0.00774616057467 -0.00649173982054 -0.00999870741015 -0.00774671274761 -0.00721658741777 -0.0106926846258 -0.00774671274761 -0.0058227878597 -0.0106915747057 -0.00774670000639 -0.00810419987757 -0.0106773914556 -0.00774722988218 -0.00808447000803 -0.0113427757441 -0.00774735012751 -0.00721595003808 -0.0114930841183 -0.00774775330773 -0.00819024654894 -0.0120001599769 -0.00774735012751 -0.00582215048001 -0.0114919741981 -0.00774735012751 -0.00510455070753 -0.0114914027541 -0.00774671274761 -0.00510518808723 -0.0106910032616 -0.00774735012751 -0.00371075114946 -0.0114902928339 -0.00774775330773 0.00820974825114 -0.0119871002188 -0.00774735012751 0.00372964649142 -0.0114843678446 -0.00774735012751 0.00512334604952 -0.0114832580041 -0.00774735012751 0.005840945822 -0.01148268656 -0.00774671274761 0.0058403084423 -0.0106822870676 -0.00774735012751 0.00723474538007 -0.0114815766399 -0.00774722988218 0.00810302485943 -0.0113298852055 -0.00774671274761 0.00723410800037 -0.0106811771474 -0.00774670000639 0.00812169497772 -0.010664470338 -0.00774618239402 0.00826517731986 -0.0100143560791 -0.00774616057467 0.00650825605757 -0.00998835516291 -0.00774569559951 0.00852829044192 -0.00940284655506 -0.00774471595839 0.0066577113939 -0.0081741361476 -0.00774525690312 0.00890165162715 -0.00885164923749 -0.00774488199251 0.00937207656738 -0.00838047462542 -0.00774471595839 0.00954821047741 -0.00817183436524 -0.00774458432558 0.00992267872588 -0.00800623616608 -0.00774348005933 0.00954697457875 -0.00661983534942 -0.00774437441386 0.0105337686204 -0.00774214953872 -0.0077427619319 0.0102548562269 -0.00571747164418 -0.00774425974281 0.0111835537433 -0.0075976320973 -0.00774250877964 0.0106688029434 -0.00539924200724 -0.00774424453297 0.0118490383225 -0.00757800215399 -0.00774217894112 0.0109862730042 -0.00498478919727 -0.0077443291825 0.0125062227636 -0.0076837788203 -0.00774179487275 0.0111856888726 -0.00450233039704 -0.00774138261441 0.0112534765928 -0.00398457641585 -0.00773740114012 0.0124992947235 0.00101621566272 -0.0077409704357 0.0111848644358 -0.00346703105356 -0.0077405862877 0.0109846803513 -0.00298479046555 -0.00774025644917 0.0106665506136 -0.00257084380083 -0.00773750983872 0.0119019036115 0.000879239944066 -0.00774000337655 0.0102520976724 -0.00225337384089 -0.00773751636859 0.0112891103356 0.000870551960258 -0.00773928524912 0.00954277976987 -0.00135213868986 -0.00773804935006 0.0095415438712 0.000199860325962 -0.00773742041123 0.0106880145689 0.000990573291491 -0.00773722626677 0.0101254206028 0.00123392528275 -0.0077369426152 0.00962643710942 0.00158972792874 -0.00773729451197 0.00753268967006 0.0011461606212 -0.00773804935006 0.00665104478769 0.000197558543605 -0.00773729451197 0.00673228992384 0.0011455232413 -0.00773660465414 0.00649870014007 0.00201163722745 -0.00773618467144 0.00673118008366 0.0025392223575 -0.00773660465414 0.00360420105783 0.00200933225979 -0.00773310081662 0.00487019681889 0.00641034040635 -0.00773310081662 0.0041201970567 0.00640974316132 -0.00773658195883 0.00921297658415 0.00204229867897 -0.00773616030384 0.0089037550272 0.00257155243751 -0.00773618467144 0.00753157982987 0.0025398597374 -0.00773569652316 0.00871229130723 0.00315379996979 -0.00773521116203 0.00864720596674 0.00376324814057 -0.0077347258009 0.00871132058528 0.00437279919677 -0.00773310081662 0.00687019618476 0.00641193305977 -0.00773310081662 0.00712019610549 0.00641213214145 -0.00773426194059 0.00890185666456 0.00495545092579 -0.00773384036523 0.00921033499139 0.0054850965754 -0.00773347962923 0.00962297412456 0.00593842517107 -0.00773310081662 0.00999519519392 0.00641442158074 -0.00773319589803 0.0101214902353 0.00629512215289 -0.00773300183321 0.0106835959922 0.00653926977286 -0.00773290595547 0.011284499924 0.00666014828886 -0.00772872101971 0.0100908153667 0.0119144977257 -0.00773291248535 0.0118974062595 0.0066524363627 -0.00772864146667 0.0124906350527 0.0120163087668 -0.00773302126358 0.0124950148483 0.00651631225454 -0.00772864146667 -0.0125093570205 0.011996400599 -0.00772872101971 -0.0101091782285 0.0118984119261 -0.00773291248535 -0.0119075861927 0.00663347980535 -0.00773290595547 -0.0112945929169 0.00664216794843 -0.00773302126358 -0.012504977225 0.00649640408677 -0.00773300183321 -0.0106934972298 0.00652224661713 -0.00773310081662 -0.0100047984647 0.00639849504653 -0.00773319589803 -0.0101309033433 0.00627899462581 -0.00773347962923 -0.00963191977033 0.00592309197989 -0.00773310081662 -0.00712979937629 0.00640078448582 -0.00773384036523 -0.00921855916539 0.00547042115008 -0.00773426194059 -0.00890933768808 0.00494126739148 -0.00773472572127 -0.00871787396811 0.0043590198592 -0.00773552690557 -0.00762847312922 0.00335378737847 -0.00773310081662 -0.00687979945556 0.0064009835675 -0.00773552690557 -0.00623467357115 0.00335489729864 -0.00773310081662 -0.00612979969336 0.00640158081253 -0.00773310081662 -0.00587979977262 0.00640177989421 -0.00773521116203 -0.00865278854798 0.00374947168848 -0.00773569652316 -0.00871690316652 0.00313992063228 -0.00773616428547 -0.00762783574952 0.00255338788603 -0.00773616030384 -0.00890743932543 0.0025573689032 -0.00773658195883 -0.00921581757266 0.00202762333329 -0.0077369426152 -0.00962845678546 0.00157439473755 -0.00773804935006 -0.00954135007822 0.000184664102974 -0.00773804935006 -0.0066508509947 0.000186965885331 -0.00773660465414 -0.00650129573804 0.00200128498021 -0.00773616428547 -0.00623403619145 0.0025544978062 -0.00773660465414 -0.00360689665576 0.00200358986825 -0.0077362611188 -0.002765140458 0.0024356601814 -0.00773310081662 -0.00412980032749 0.00640317346595 -0.00773310081662 -0.00387980040676 0.00640337254763 -0.00773722626677 -0.0101269729758 0.00121779775567 -0.00773742041123 -0.0106891786531 0.000973550056131 -0.00773751636859 -0.0112900825052 0.000852571540191 -0.00773750983872 -0.0119029888408 0.00086028346635 -0.00774000337655 -0.0102478958277 -0.00226969853846 -0.00773928524912 -0.00954011417955 -0.00136733491285 -0.00774025644917 -0.0106619426238 -0.00258782825508 -0.00773740114012 -0.0125006973498 0.000996307494948 -0.0077405862877 -0.0109794126846 -0.00300228106505 -0.0077409704357 -0.0111788284734 -0.00348483986522 -0.00773310081662 0.00612019642256 0.00641133581474 -0.00773310081662 0.00587019650183 0.00641113673306 -0.00773310081662 0.00512019673963 0.00641053948803 -0.00773310081662 0.00387019713596 0.00640954407964 -0.0077362611188 0.0027617577896 0.0024400613995 -0.00773310081662 0.00312019737376 0.00640894683461 -0.00773601115185 0.00186890810574 0.00275325039922 -0.00773310081662 0.00287019745303 0.00640874775293 -0.00773310081662 0.00212019769083 0.0064081505079 -0.00773310081662 0.0018701977701 0.00640795142622 -0.00773585929234 0.00094195654014 0.0029432122427 -0.00773310081662 0.0011201980079 0.00640735418118 -0.00773310081662 0.000870198087167 0.00640715509951 -0.00773580832743 -2.09412544076e-06 0.0030064604697 -0.00773310081662 0.000120198324968 0.00640655785447 -0.00773310081662 -0.000129801595765 0.0064063587728 -0.00773310081662 -0.000879801357964 0.00640576152776 -0.00773585929234 -0.000946142861203 0.00294170869824 -0.00773310081662 -0.0011298012787 0.00640556244609 -0.00773310081662 -0.0018798010409 0.00640496520105 -0.00773310081662 -0.00212980096163 0.00640476611937 -0.00773601115185 -0.00187279070789 0.00275027078357 -0.00773310081662 -0.00287980072383 0.00640416887434 -0.00773310081662 -0.00312980064456 0.00640396979266 -0.00773310081662 -0.00487980008969 0.00640257622092 -0.00773310081662 -0.00512980001042 0.00640237713924 -0.00774671274761 0.00512270866983 -0.0106828585117 -0.00774616057467 0.00361375697533 -0.00999066013058 -0.00774671274761 0.00372900911173 -0.0106839683522 -0.00774650418965 0.0027720008572 -0.0104228304437 -0.0077467541566 0.00187965110709 -0.0107374410458 -0.00774690601611 0.000953003260402 -0.0109288789605 -0.00774671274761 -0.00371138852916 -0.0106898933414 -0.00774616057467 -0.00359734073826 -0.00999640252212 -0.00774650418965 -0.0027548973904 -0.0104272316618 -0.0077467541566 -0.00186204770654 -0.0107404206615 -0.00774690601611 -0.000935096140942 -0.010930382505 -0.00774695690138 9.05444497464e-06 -0.0109935306524 -0.00774297526783 0.0092550698798 -0.005986167801 -0.00774348005933 0.00665647549524 -0.00662213713178 -0.00774297526783 0.00671327068573 -0.00598819190423 -0.00774313572766 0.00665003116561 -0.00618974226357 -0.00774345155084 0.0065055470346 -0.00658645732018 -0.00774329451521 0.00658078997511 -0.0063891974022 -0.00773928524912 0.00665228068635 -0.00135444047222 -0.00773978996099 0.00925188457397 -0.00198617033755 -0.00773984427047 0.00976953871932 -0.00205395811559 -0.00773931375761 0.00650140924269 -0.00139036061521 -0.00773947079324 0.00657696625436 -0.00158750044713 -0.00773962958079 0.00664652501985 -0.00178684505561 -0.00773931375761 -0.00649858663543 -0.00140071286245 -0.00773928524912 -0.00664961509604 -0.00136503313049 -0.00773947079324 -0.00657382957594 -0.00159797278044 -0.00773962958079 -0.00664317076641 -0.0017974279987 -0.00773978996099 -0.00670631036619 -0.00199887827846 -0.00773978996099 -0.00924810956027 -0.00200090238169 -0.00773984427047 -0.00976575508666 -0.00206951459678 -0.00774332700534 -0.00850587275126 -0.00644201131851 -0.00774330566378 -0.00840589412451 -0.00641513170283 -0.00774297526783 -0.00670312506036 -0.00599887574192 -0.00774330566378 -0.00707829454545 -0.00641407449949 -0.00774332700534 -0.00697827323561 -0.00644079484983 -0.00774313572766 -0.00663966462065 -0.00620032520666 -0.00774338529645 -0.00690501496772 -0.00651393651229 -0.00774329451521 -0.00657000585519 -0.0063996697355 -0.00774346492912 -0.00687813534358 -0.00661391510732 -0.00774345155084 -0.00649444884352 -0.00659680956742 -0.00774498670947 -0.00687661356371 -0.00852491389549 -0.00774506634214 -0.00690333392257 -0.00862493517363 -0.00774512463325 -0.00697647560826 -0.00869819341833 -0.00773978996099 0.00671008537989 -0.00198819444078 -0.00774292103798 0.00977261548586 -0.00591765566548 -0.00644498712166 -0.00707661267592 -0.00852610838523 -0.00644346534131 -0.00707813445578 -0.00661510959706 -0.00644498712166 -0.00840421225498 -0.00852716558857 -0.00644346534131 -0.00840573403484 -0.0066161668004 -0.00647186674583 -0.00707653306027 -0.00862608698026 -0.00647186674583 -0.00840413263933 -0.00862714418361 -0.00654512501374 -0.00707647481559 -0.00869922864275 -0.00654512501374 -0.00840407439465 -0.00870028584609 -0.00664514632359 -0.00707645353746 -0.00872594899311 -0.00664514632359 -0.00840405311652 -0.00872700619645 -0.00647185607505 -0.0070265437469 -0.00861264717243 -0.00654510653896 -0.00698989331783 -0.00867595969557 -0.00664512498203 -0.00697647491071 -0.00869906937743 -0.00654505605184 -0.00692654382503 -0.00861250924866 -0.00664506669091 -0.00690333322502 -0.00862581113274 -0.00654498708995 -0.00690341279425 -0.0085258908288 -0.00664498705824 -0.00687661286616 -0.00852578985459 -0.00647178711316 -0.00697661272462 -0.00852600741101 -0.00647182692949 -0.00698997290405 -0.00857601805008 -0.00654498708995 -0.00857741226348 -0.00852722387971 -0.00664498705824 -0.0086042123184 -0.00852716558862 -0.00654505605184 -0.00855414330897 -0.00861380535001 -0.00664506669091 -0.00857733269425 -0.00862714418365 -0.00654510653896 -0.00849069284197 -0.0086771548227 -0.00664512498203 -0.00850407442636 -0.00870028584612 -0.00647185607505 -0.00845414329425 -0.00861378400844 -0.00647182692949 -0.0084907724282 -0.00857721317721 -0.00647178711316 -0.00850421224027 -0.00852722387969 -0.00647026533282 -0.00697813450449 -0.00661500862284 -0.00654346530961 -0.00690493457411 -0.00661489204063 -0.0066434652779 -0.00687813464603 -0.00661479106643 -0.0066434652779 -0.00860573409826 -0.00661616680045 -0.00654346530961 -0.00857893404334 -0.00661622509154 -0.00647026533282 -0.00850573402013 -0.00661622509152 -0.00647022551648 -0.00699157431656 -0.00656501932533 -0.00654339634771 -0.00692820352863 -0.00652831057033 -0.00664338564523 -0.00690501427017 -0.0065148124714 -0.0065433458606 -0.00699165399563 -0.00646496109764 -0.00664332735411 -0.00697827253806 -0.00644167080893 -0.00654332738582 -0.00707827244294 -0.00644183007425 -0.00664330601256 -0.0070782938479 -0.0064149504586 -0.00647018570014 -0.00707821410543 -0.00651508831893 -0.00647019637092 -0.0070282034505 -0.00652844849409 -0.00654332738582 -0.008405872022 -0.00644288727759 -0.00664330601256 -0.00840589342696 -0.00641600766194 -0.0065433458606 -0.00849245351977 -0.00646615622477 -0.00664332735411 -0.00850587205371 -0.00644288727761 -0.00654339634771 -0.00855580301257 -0.00652960667168 -0.00664338564523 -0.0085790137394 -0.00651614552231 -0.00647022551648 -0.0084923738407 -0.00656621445245 -0.00647019637092 -0.00845580299786 -0.00652958533011 -0.00647018570014 -0.00840581368449 -0.00651614552227 -0.0078443291508 -0.0124937693731 -0.00770360735542 -0.00784424450127 -0.011836554231 -0.00759678399728 -0.00784425979074 -0.0111710391525 -0.00761545402968 -0.00784437438215 -0.0105209247672 -0.00775883632607 -0.00784458429387 -0.00990941504941 -0.00802194936439 -0.0078448819608 -0.00935821755725 -0.00839531043097 -0.00784525687141 -0.00888704279603 -0.0088657352218 -0.0078456955678 -0.00851280421831 -0.00941633720553 -0.00784618236232 -0.00824871750752 -0.0100274269062 -0.00784669997468 -0.00810419994098 -0.0106773118229 -0.00784722985047 -0.00808447007144 -0.0113426961115 -0.00784775327602 -0.00819024661236 -0.0120000803442 -0.00783302123187 -0.0125049772884 0.00649648371941 -0.00783291245364 -0.0119075862561 0.006633559438 -0.00783290592376 -0.0112945929803 0.00664224758107 -0.0078330018015 -0.0106934972932 0.00652232624978 -0.00783319586632 -0.0101309034067 0.00627907425846 -0.00783347959753 -0.00963191983374 0.00592317161253 -0.00783384033353 -0.00921855922881 0.00547050078273 -0.00783426190889 -0.00890933775149 0.00494134702413 -0.00783472568956 -0.00871787403152 0.00435909949185 -0.00783521113033 -0.00865278861139 0.00374955132112 -0.00783569649146 -0.00871690322994 0.00314000026493 -0.00783616027213 -0.00890743938885 0.00255744853584 -0.00783658192713 -0.00921581763608 0.00202770296593 -0.00783694258349 -0.00962845684887 0.0015744743702 -0.0078372263147 -0.0101269729596 0.00121777738838 -0.00783742037952 -0.0106891787165 0.000973629688776 -0.00783751633689 -0.0112900825686 0.000852651172837 -0.00783750980701 -0.0119029889042 0.000860363098996 -0.00783740110841 -0.0125006974133 0.000996387127594 -0.00783740110841 0.01249929466 0.00101629529536 -0.00783750980701 0.011901903548 0.000879319576712 -0.00783751633689 0.0112891102722 0.000870631592904 -0.00783742037952 0.0106880145054 0.000990652924137 -0.00783722623507 0.0101254205394 0.00123400491539 -0.00783694258349 0.00962643704601 0.00158980756138 -0.00783658192713 0.00921307652071 0.00204237839125 -0.00783616027213 0.00890375496379 0.00257163207015 -0.00783569649146 0.00871239124379 0.00315387968206 -0.00783521113033 0.00864720590333 0.00376332777322 -0.0078347257692 0.00871132052187 0.00437287882942 -0.00783426190889 0.00890185660115 0.00495553055844 -0.00783384033353 0.00921033492798 0.00548517620805 -0.00783347959753 0.00962297406114 0.00593850480371 -0.00783319586632 0.0101214901719 0.00629520178553 -0.0078330018015 0.0106835959288 0.00653934940551 -0.00783290592376 0.0112844998606 0.00666022792151 -0.00783291245364 0.0118974061961 0.00665251599535 -0.00783302123187 0.0124950147849 0.00651639188718 -0.00784775327602 0.00820974818772 -0.0119870205862 -0.00784722985047 0.00810302479602 -0.0113298055729 -0.00784669997468 0.0081216949143 -0.0106643907053 -0.00784618236232 0.00826517725645 -0.0100142764465 -0.0078456955678 0.0085282903785 -0.00940276692242 -0.00784525687141 0.00890165156374 -0.00885156960484 -0.0078448819608 0.00937207650397 -0.00838039499278 -0.00784458429387 0.00992267866246 -0.00800615653343 -0.00784437438215 0.010533768557 -0.00774206990607 -0.00784425971111 0.0111835536799 -0.00759755246466 -0.00784424450127 0.0118490382591 -0.00757792252134 -0.0078443291508 0.0125062227002 -0.00768369918765 -0.00873302094651 0.0124950142141 0.00651710858099 -0.00863302097822 0.0124950142775 0.00651702894835 -0.00873291216828 0.0118974056254 0.00665323268916 -0.00863291227962 0.0118973057685 0.00665305297695 -0.00863290567011 0.0112844993533 0.00666086498268 -0.0087329056384 0.0112844992898 0.00666094461532 -0.00863300154784 0.0106835954215 0.00653998646667 -0.00873300151614 0.0106835953581 0.00654006609932 -0.0086331956923 0.0101214897442 0.00629573884677 -0.00873319566059 0.0101213896808 0.00629581839978 -0.00863347934387 0.00962297355383 0.00593914186488 -0.00873347931216 0.00962297349042 0.00593922149753 -0.00863384007987 0.00921033442067 0.00548581326921 -0.00873384004816 0.00921033435725 0.00548589290186 -0.00863426165523 0.00890185609384 0.0049561676196 -0.00873426162353 0.00890185603042 0.00495624725225 -0.00863472551554 0.00871132001456 0.00437351589059 -0.00873472548383 0.00871131995115 0.00437359552323 -0.00863521087667 0.00864720539602 0.00376396483439 -0.00873521084496 0.0086472053326 0.00376404446703 -0.0086356962378 0.00871229073651 0.0031545166636 -0.00873569620609 0.0087122906731 0.00315459629624 -0.00863616001848 0.00890375445648 0.00257226913132 -0.00873615998677 0.00890375439307 0.00257234876397 -0.00863658167347 0.00921297601343 0.00204301537278 -0.00873658164176 0.00921297595002 0.00204309500543 -0.00863694232984 0.0096264365387 0.00159044462255 -0.00873694229813 0.00962633647532 0.00159052417556 -0.00863722606105 0.0101254201117 0.00123454197662 -0.00873722602934 0.0101254200483 0.00123462160927 -0.00863742012586 0.0106880139981 0.000991289985304 -0.00873742009416 0.0106880139347 0.00099136961795 -0.00863751608323 0.0112891097649 0.00087126865407 -0.00873751605153 0.0112891097015 0.000871348286716 -0.00863750955335 0.0119019030407 0.000879956637879 -0.00873750952165 0.0119019029773 0.000880036270525 -0.00873740082305 0.0124992940893 0.00101701198917 -0.00863740085476 0.0124992941527 0.00101693235653 -0.00873740082305 -0.012500697984 0.000997103821406 -0.00863740085476 -0.0125006979206 0.00099702418876 -0.00873750952165 -0.0119029894749 0.000861079792808 -0.00863750955335 -0.0119029894115 0.000861000160162 -0.00863751608323 -0.0112900830759 0.000853288234003 -0.00873751605153 -0.0112900831394 0.000853367866649 -0.00863742012586 -0.0106891792238 0.000974266749943 -0.00873742009416 -0.0106891792872 0.000974346382589 -0.00863722606105 -0.0101269734669 0.00121841444955 -0.00873722602934 -0.0101269735303 0.00121849408219 -0.00863694232984 -0.00962845735618 0.00157511143137 -0.00873694229813 -0.0096284574196 0.00157519106401 -0.00863658167347 -0.00921581814338 0.0020283400271 -0.00873658164176 -0.0092158182068 0.00202841965974 -0.00863616001848 -0.00890743989615 0.00255808559701 -0.00873615998677 -0.00890743995957 0.00255816522966 -0.0086356962378 -0.00871690373724 0.00314063732609 -0.00873569620609 -0.00871690380066 0.00314071695874 -0.00863521087667 -0.0086527891187 0.00375018838229 -0.00873521084496 -0.00865278918212 0.00375026801494 -0.00863472551554 -0.0087178744592 0.00435963655308 -0.00873472548383 -0.00871787452261 0.00435971618573 -0.00863426165523 -0.0089093382588 0.00494198408529 -0.00873426162353 -0.00890933832221 0.00494206371794 -0.00863384007987 -0.00921855973612 0.00547113784389 -0.00873384004816 -0.00921855979953 0.00547121747654 -0.00863347934387 -0.00963192034105 0.0059238086737 -0.00873347931216 -0.00963192040447 0.00592388830634 -0.0086331956923 -0.0101310038344 0.00627961124006 -0.00873319566059 -0.0101310038978 0.0062796908727 -0.00863300154784 -0.0106934978005 0.00652296331094 -0.00873300151614 -0.0106934978639 0.00652304294359 -0.00863290567011 -0.0112946934876 0.00664288456261 -0.0087329056384 -0.011294693551 0.00664296419525 -0.00863291227962 -0.0119075866838 0.00663409649923 -0.00873291216828 -0.0119075868268 0.00663427613181 -0.00873302094651 -0.0125050778591 0.00649720033359 -0.00863302097822 -0.0125050777957 0.00649712070095 -0.00863438771375 0.0106225816068 0.00479923787973 -0.0078343879674 0.0106225821141 0.00479860081856 -0.00863433491729 0.0102463289296 0.00486523825957 -0.00783433517094 0.0102463294369 0.00486460119841 -0.00863438771375 0.00987018184533 0.00479863872351 -0.0078343879674 0.00987018235264 0.00479800166234 -0.00863453989178 0.00953943412823 0.00460727534018 -0.00783454006581 0.00953943455591 0.00460673827895 -0.00863477289698 0.00929406721123 0.00431447994789 -0.00783477315063 0.0092941677185 0.00431384296636 -0.00863505877827 0.00916375313384 0.00395537617528 -0.00783505903192 0.00916375364114 0.00395473911411 -0.00863536297507 0.00916405733054 0.00357337641752 -0.00783536322873 0.00916405783785 0.00357273935635 -0.00863564885636 0.0092950431703 0.00321448072507 -0.00783564911002 0.00929504367761 0.00321384366391 -0.00863588194119 0.00954077617721 0.00292197640889 -0.00783588219484 0.00954077668452 0.00292133934773 -0.00863603403959 0.00987172817068 0.00273123995489 -0.00783603429325 0.00987182867796 0.00273060297336 -0.00863608691569 0.0102479809275 0.0026651395751 -0.00783608708971 0.0102480813551 0.00266460259351 -0.00863603403959 0.0106241279321 0.00273183911111 -0.00783603429325 0.0106242284394 0.00273120212957 -0.00863588194119 0.0109548757288 0.0029231024945 -0.00783588219484 0.0109548762362 0.00292246543333 -0.00863564893599 0.0112001426459 0.00321589780715 -0.00783564918965 0.0112001431532 0.00321526074599 -0.00863536305471 0.0113305567232 0.0035750016594 -0.00783536330836 0.0113305572306 0.00357436459823 -0.0086350588579 0.0113302525265 0.00395700141716 -0.00783505911156 0.0113302530338 0.00395636435599 -0.00863477289698 0.0111993666071 0.00431599718917 -0.00783477315063 0.0111993671144 0.00431536012801 -0.00863453989178 0.0109536336798 0.00460840150542 -0.00783454014544 0.0109536341871 0.00460776444425 -0.00864513812435 0.0106334320139 -0.0087007534798 -0.007845138378 0.0106334325212 -0.00870139054097 -0.00864508532788 0.0102570793368 -0.00863475317959 -0.00784508550191 0.0102571797644 -0.00863529016118 -0.00864513812435 0.00988093225252 -0.00870135271565 -0.007845138378 0.00988093275983 -0.00870198977682 -0.00864529022275 0.00955028445576 -0.00889261601941 -0.0078452904764 0.00955028496306 -0.00889325308057 -0.00864552330758 0.00930491761838 -0.00918551141164 -0.00784552356123 0.00930491812569 -0.0091861484728 -0.00864580918886 0.00917450354102 -0.00954461526388 -0.00784580944252 0.00917450404833 -0.00954525232505 -0.00864611338567 0.00917480773773 -0.00992661502164 -0.00784611363932 0.00917480824504 -0.00992725208281 -0.00864639926696 0.00930579357749 -0.0102855107141 -0.00784639952061 0.0093057940848 -0.0102861477753 -0.00864663235179 0.0095515265844 -0.0105780150303 -0.00784663260544 0.00955152709171 -0.0105786520914 -0.00864678445019 0.00988247857787 -0.0107687514843 -0.00784678470384 0.00988247908518 -0.0107693885454 -0.00864683732628 0.0102587313347 -0.0108348518641 -0.00784683757994 0.010258731842 -0.0108354889252 -0.00864678445019 0.0106348783393 -0.0107681523281 -0.00784678470384 0.0106349788466 -0.0107687893096 -0.00864663235179 0.010965626136 -0.0105768889447 -0.00784663260544 0.0109656266433 -0.0105775260058 -0.00864639934659 0.011210993053 -0.0102840935524 -0.00784639952061 0.0112109934807 -0.0102846306136 -0.0086461134653 0.0113413071304 -0.00992498977976 -0.00784611363932 0.0113414075581 -0.00992552676136 -0.00864580918886 0.0113411028541 -0.00954288994243 -0.00784580944252 0.0113411033614 -0.0095435270036 -0.00864552330758 0.0112101170143 -0.00918399424999 -0.00784552356123 0.0112101175216 -0.00918463131115 -0.00864529022275 0.0109643840074 -0.00889148993381 -0.0078452904764 0.0109643845147 -0.00889212699497 -0.00863438771375 -0.00987741189333 0.00478291318216 -0.0078343879674 -0.00987741138603 0.00478227612099 -0.00863433491729 -0.0102536645705 0.004848913562 -0.00783433517094 -0.0102536640632 0.00484827650084 -0.00863438771375 -0.0106298116548 0.00478231402594 -0.0078343879674 -0.0106298111475 0.00478167696477 -0.00863453989178 -0.0109605593719 0.00459095064261 -0.00783454014544 -0.0109605588646 0.00459031358145 -0.00863477289698 -0.0112059262889 0.00429815525032 -0.00783477315063 -0.0112059257816 0.00429751818916 -0.0086350588579 -0.0113363402866 0.00393895139814 -0.00783505911156 -0.0113363397793 0.00393831433697 -0.00863536305471 -0.0113360360899 0.00355695164038 -0.00783536330836 -0.0113360355826 0.00355631457921 -0.00863564893599 -0.0112051502501 0.0031980558683 -0.00783564918965 -0.0112050497428 0.00319741888677 -0.00863588194119 -0.0109593173229 0.00290565163169 -0.00783588219484 -0.0109593168155 0.00290501457052 -0.00863603403959 -0.0106282653294 0.00271491525732 -0.00783603429325 -0.0106282648221 0.00271427819615 -0.00863608691569 -0.0102520125726 0.00264881487753 -0.00783608708971 -0.010251912145 0.00264827789594 -0.00863603403959 -0.00987576556802 0.00271551449317 -0.00783603429325 -0.00987576506071 0.002714877432 -0.00863588194119 -0.00954501777129 0.00290677787656 -0.00783588211521 -0.00954501734361 0.00290624081533 -0.00863564885636 -0.00929975093388 0.00319967318915 -0.00783564911002 -0.00929975042657 0.00319903612799 -0.00863536297507 -0.00916933685652 0.0035587770414 -0.00783536322873 -0.00916933634921 0.00355813998023 -0.00863505877827 -0.00916964105323 0.00394077679916 -0.00783505903192 -0.00916964054592 0.00394013973799 -0.00863477289698 -0.00930062689299 0.0042996724916 -0.00783477315063 -0.00930062638568 0.00429903543044 -0.00863453989178 -0.00954635982027 0.00459207680785 -0.00783454006581 -0.00954635939259 0.00459153974662 -0.00864513812435 -0.00986666148615 -0.008717078257 -0.007845138378 -0.00986656097887 -0.00871771523854 -0.00864508532788 -0.0102429141633 -0.00865107787716 -0.00784508558154 -0.010242913656 -0.00865171493832 -0.00864513820398 -0.010619061168 -0.00871777741316 -0.007845138378 -0.0106190607403 -0.00871831447439 -0.00864529030238 -0.0109498089647 -0.00890904079655 -0.00784529055603 -0.0109498084574 -0.00890967785771 -0.00864552338721 -0.0111951758021 -0.00920193618878 -0.00784552364086 -0.0111951752947 -0.00920257324994 -0.0086458092685 -0.0113255898794 -0.00956104004102 -0.00784580952215 -0.0113255893721 -0.00956167710219 -0.0086461134653 -0.0113252856827 -0.00994303979878 -0.00784611371896 -0.0113252851754 -0.00994367685995 -0.00864639934659 -0.011194299843 -0.0103019354912 -0.00784639960024 -0.0111942993356 -0.0103025725524 -0.00864663243142 -0.010948566836 -0.0105944398074 -0.00784663260544 -0.0109485664084 -0.0105949768686 -0.00864678452982 -0.0106175148426 -0.0107851761818 -0.00784678470384 -0.0106175144149 -0.010785713243 -0.00864683732628 -0.0102412621654 -0.0108511765616 -0.00784683757994 -0.0102412616581 -0.0108518136228 -0.00864678445019 -0.00986501516083 -0.010784476946 -0.00784678470384 -0.00986501465352 -0.0107851140072 -0.00864663235179 -0.00953436736407 -0.0105932136422 -0.00784663260544 -0.00953426685679 -0.0105938506238 -0.00864639926696 -0.00928900052669 -0.01030031825 -0.00784639952061 -0.00928900001939 -0.0103009553112 -0.00864611338567 -0.00915858644933 -0.00994121439776 -0.00784611363932 -0.00915858594203 -0.00994185145893 -0.00864580918886 -0.00915889064604 -0.00955921464 -0.00784580936289 -0.00915889021836 -0.00955975170123 -0.00864552330758 -0.00928977648583 -0.00920031886792 -0.00784552356123 -0.00928977597852 -0.00920095592909 -0.00864529022275 -0.00953560949271 -0.00890781463138 -0.0078452904764 -0.0095356089854 -0.00890845169254 -0.00864775302237 0.00820974768042 -0.011986383525 -0.00874775299066 0.008209747617 -0.0119863038923 -0.00864722967645 0.00810302436834 -0.0113292685116 -0.00874722964474 0.00810302430493 -0.011329188879 -0.00864669972102 0.00812169440699 -0.0106637536442 -0.00874669968932 0.00812169434358 -0.0106636740115 -0.00864618210866 0.00826517674914 -0.0100136393853 -0.00874618207696 0.00826507668576 -0.0100135598323 -0.00864569531414 0.0085282898712 -0.00940212986125 -0.00874569528244 0.00852818980781 -0.00940205030824 -0.00864525661776 0.00890165105643 -0.00885093254367 -0.00874525658605 0.00890165099302 -0.00885085291103 -0.00864488170714 0.00937207599666 -0.00837975793161 -0.00874488167544 0.00937207593324 -0.00837967829896 -0.00864458404022 0.00992267815515 -0.00800551947226 -0.00874458400851 0.00992267809174 -0.00800543983962 -0.0086443741285 0.0105337680497 -0.0077414328449 -0.00874437409679 0.0105337679863 -0.00774135321226 -0.00864425945745 0.0111835531726 -0.00759691540349 -0.00874425950538 0.0111835531888 -0.00759693577078 -0.00864424424761 0.0118489377518 -0.00757728553981 -0.00874424421591 0.0118489376884 -0.00757720590716 -0.00864432889714 0.0125062221929 -0.00768306212649 -0.00874432886543 0.0125062221295 -0.00768298249384 -0.00864775326126 0.012509446556 -0.0119832595588 -0.00864432889714 -0.0124937698804 -0.00770297029425 -0.00874432886543 -0.0124937699438 -0.00770289066161 -0.00864424424761 -0.0118365547383 -0.00759614693612 -0.00874424421591 -0.0118365548017 -0.00759606730347 -0.00864425953709 -0.0111710396598 -0.00761481696851 -0.00874425950538 -0.0111711397232 -0.0076147374155 -0.0086443741285 -0.0105209252745 -0.0077581992649 -0.00874437409679 -0.010520925338 -0.00775811963225 -0.00864458404022 -0.00990941555672 -0.00802131230322 -0.00874458400851 -0.00990941562013 -0.00802123267058 -0.00864488178678 -0.00935821798493 -0.00839477336974 -0.00874488175507 -0.00935821804834 -0.00839469373709 -0.00864525661776 -0.00888704330334 -0.00886509816063 -0.00874525658605 -0.00888704336675 -0.00886501852799 -0.00864569531414 -0.00851280472561 -0.00941570014436 -0.00874569528244 -0.00851280478903 -0.00941562051172 -0.00864618210866 -0.00824871801483 -0.010026789845 -0.00874618207696 -0.00824871807824 -0.0100267102123 -0.00864669972102 -0.00810420044829 -0.0106766747618 -0.00874669968932 -0.0081042005117 -0.0106765951291 -0.00864722967645 -0.00808447049912 -0.0113421590503 -0.00874722964474 -0.00808447056253 -0.0113420794176 -0.00864775302237 -0.00819024711967 -0.011999443283 -0.00874775299066 -0.00819024718308 -0.0119993636504 -0.0086477533409 -0.0124906454376 -0.0120032678062 -0.00784775351492 0.0125094470633 -0.01198389662 -0.00784775359455 -0.0124906449303 -0.0120039048673 -0.0087286411496 -0.0125093576547 0.0119971969255 -0.0087286411496 0.0124906344186 0.0120171050932 -0.00874256348875 0.00947815771292 -0.00546849382318 -0.00874256348875 0.00903105785468 -0.00546884986085 -0.00874245853289 0.00860365303434 -0.00533739021484 -0.00874225793819 0.00823405255683 -0.00508578453766 -0.00874197962201 0.00795497432913 -0.00473650677518 -0.00874164819083 0.00779124294987 -0.00432043715889 -0.00874129310875 0.00775748787849 -0.00387456403897 -0.00874094598994 0.00785664072824 -0.00343858508088 -0.0087406375726 0.0080799322401 -0.00305110726783 -0.00874039540965 0.00840738997332 -0.0027467465044 -0.00874024092227 0.00881013535825 -0.00255242578739 -0.00874018788691 0.00925218218273 -0.00248547377359 -0.00874024092227 0.00969443507786 -0.00255172159568 -0.00874039540965 0.0100973894375 -0.00274540071226 -0.0087406375726 0.0104254314964 -0.00304923948353 -0.0087409459103 0.0106493397631 -0.00343626117934 -0.00874129310875 0.0107490869299 -0.00387218174798 -0.0087416481112 0.0107160419429 -0.00431800806259 -0.00874197962201 0.0105530735054 -0.00473443783875 -0.00874225793819 0.0102745519099 -0.00508415963301 -0.00874245853289 0.00990535262161 -0.00533635363636 -0.00874256348875 -0.00902183642132 -0.00548322586733 -0.00874256348875 -0.00946893627956 -0.005483581905 -0.00874245853289 -0.0098963410999 -0.00535212225899 -0.00874225793819 -0.0102659415774 -0.00510051658181 -0.00874197962201 -0.0105450198051 -0.00475123881933 -0.0087416481112 -0.010708751264 -0.0043350692031 -0.00874129310875 -0.0107425062557 -0.00388929608311 -0.0087409459103 -0.0106433534856 -0.00345321712509 -0.0087406375726 -0.0104200618941 -0.00306583931197 -0.00874039540965 -0.0100925041609 -0.00276147846892 -0.00874024092227 -0.00968985877599 -0.00256715783154 -0.00874018788691 -0.00924781195151 -0.00250020581774 -0.00874024092227 -0.00880555905638 -0.00256645363983 -0.00874039540965 -0.00840260469676 -0.00276013275641 -0.0087406375726 -0.00807456263782 -0.00306397152767 -0.00874094598994 -0.00785075429145 -0.00345109330305 -0.00874129310875 -0.00775090720429 -0.00388691379213 -0.00874164819083 -0.00778395211173 -0.00433284010668 -0.00874197962201 -0.00794692062888 -0.0047491698829 -0.00874225793819 -0.00822544222439 -0.00509889167716 -0.00874245853289 -0.00859464151263 -0.00535108568051 -0.000236367417448 0.00283356644349 0.00230364613044 -0.000236203613043 0.00255200272836 0.00250912191367 -4.46898550102e-05 0.00280708895023 0.00227537238982 1.3747811393e-05 0.00252395139208 0.00244800049389 0.000117047661674 0.00273325150826 0.00219678474537 0.000196619385504 0.00243737990345 0.00228658582684 0.000224853501645 0.00262174573785 0.00207841002664 0.000263444013119 0.00231915533456 0.00206623832753 0.000263343118524 0.0024902561749 0.00193967457974 -0.000236108690899 0.00222430791012 0.00262806096145 1.38397074955e-05 0.00220665959658 0.00256314782588 0.000196696947725 0.00216960242613 0.00238377258842 0.000117293408097 0.00188500603079 0.00250470926463 0.00022506413006 0.00189473533995 0.00234233108866 -0.000236090056854 0.00187648938635 0.00265118398418 -4.44208558473e-05 0.00187872024542 0.00261243310479 0.000263512178685 0.00190648729984 0.00215150970884 0.000263501985703 0.00211899742544 0.00213887893639 -0.000235897823586 0.000506997587308 0.00289149342093 -0.000235820579895 0.000172120449796 0.00298822674924 -4.42261539665e-05 0.00049182598328 0.0028558286835 1.41261462133e-05 0.000166673804681 0.00292122333019 0.000117494958388 0.00044930493571 0.00275666597714 0.000196981873423 0.000140518143789 0.00273995677389 0.000225276112231 0.000384923836492 0.00260732878505 0.000263784840951 0.000104715208856 0.00249247490915 0.000263736503919 0.000308863481158 0.00243193747792 -0.000235820579895 -0.000176379439706 0.00298794922938 1.41261462133e-05 -0.000170826088308 0.00292095456992 0.000196981873423 -0.000144381765879 0.00273972990041 0.000117494958388 -0.000453194778136 0.00275594729228 0.000225276112231 -0.000388575918256 0.00260671282634 -0.000235897823586 -0.000511102089885 0.00289068268071 -4.42261539665e-05 -0.000495873703551 0.0028550421516 0.000263736503919 -0.000312136321942 0.00243144295903 0.000263784840951 -0.00010818472364 0.00249230537119 -0.000236090056854 -0.00188020942252 0.00264819242362 -0.000236108690899 -0.0022279906782 0.00262451547603 -4.44208558473e-05 -0.00188237856205 0.0026094380404 1.38397074955e-05 -0.00221023900296 0.00255963053043 0.000117293408097 -0.00188849277276 0.00250170432579 0.000196696947725 -0.002172896197 0.00238031453968 0.00022506413006 -0.00189786345754 0.00233931093998 0.000263501985703 -0.00212190122991 0.00213550179444 0.000263512178685 -0.00190941149026 0.00214847100575 -0.000236203613043 -0.00255539565225 0.00250505475462 1.3747811393e-05 -0.00252734700631 0.00244397800878 0.000196619385504 -0.00244051854993 0.00228270142478 0.000117047582041 -0.00273624667791 0.00219232923649 0.000224853501645 -0.00262445259874 0.00207423233745 -0.000236367417448 -0.00283663175867 0.00229913079873 -4.46898550102e-05 -0.00281020926871 0.00227089918379 0.000263343118524 -0.00249284224511 0.00193570640411 0.000263444013119 -0.0023219431939 0.00206254249563 0.000253717439776 0.00191628203564 -0.0101483824913 0.00025370414112 0.00137209550684 -0.0101655158418 0.000214865114746 0.00190473435206 -0.0103396608692 0.000186506036277 0.00139689358258 -0.0104142427405 0.000106836223664 0.0018953632119 -0.010501482408 3.36100357427e-06 0.00141483855157 -0.0105962827226 -5.49493301879e-05 0.00188924871642 -0.0106088585111 -0.00024669203215 0.00142079150614 -0.0106627789003 -0.000246679927984 0.00188707925413 -0.0106472075828 0.00018643603916 0.000898263737794 -0.0105025398129 0.000253628808613 0.000836071009304 -0.0102605426925 0.000214653132576 0.000395646812715 -0.0106070625963 0.000253493114541 0.000319106867289 -0.010431354365 0.000106634673373 0.000460065217281 -0.0107557253745 3.29490845728e-06 0.00094400479597 -0.0106796576602 -5.51440320687e-05 0.000502743857921 -0.0108544626223 -0.000246756534614 0.000961256154304 -0.0107441448407 -0.000246872240885 0.000517972001127 -0.0108897978398 0.000253493114541 -0.000301892935812 -0.0104318488839 0.000253628808613 -0.000819128465885 -0.0102618607725 0.000214653132576 -0.000378252941906 -0.0106076788736 0.00018643603916 -0.000881035698046 -0.010503956717 0.000106634673373 -0.000442434496565 -0.0107564440594 3.29490845728e-06 -0.000926494610954 -0.0106811471893 -5.51440320687e-05 -0.000484955828911 -0.0108552491542 -0.000246756534614 -0.000943643241712 -0.0107456617635 -0.000246872240885 -0.000500127676066 -0.0108906085801 0.000186506036277 -0.00137980553702 -0.0104164539008 0.00025370414112 -0.00135540362836 -0.0101676878229 0.000214865114746 -0.00188776444546 -0.0103426809383 0.000253717439776 -0.00189961675446 -0.0101514211944 0.000106836223664 -0.00187813559164 -0.0105044873469 3.36100357427e-06 -0.00139736055677 -0.0105985221525 -5.49493301879e-05 -0.00187185009105 -0.0106118535755 -0.00024669203215 -0.00140320759846 -0.010665027727 -0.000246679927984 -0.00186961955474 -0.0106501991434 -0.00773697813137 0.000875075400375 0.00153815898344 0.000263074278627 -9.74195309382e-07 0.00160009074582 -0.00773692318483 -9.79268399224e-07 0.00160646135749 0.000263019332084 -0.000877018971 0.00153039312775 -0.00773697813137 -0.00087702404409 0.00153676373941 0.000262856005475 -0.00173125537354 0.00132461287627 -0.00773714145798 -0.00173126044663 0.00133098348793 0.000262588200803 -0.00254288731153 0.00098766655187 -0.00773740926265 -0.00254289238462 0.000994037163536 0.00026222260721 -0.0032917214805 0.000527970235031 -0.00773777485625 -0.00329172655359 0.000534340846697 0.000261768143556 -0.00395946680513 -4.32615085759e-05 -0.0077382293199 -0.00395947187822 -3.68908969099e-05 0.000261236038048 -0.00452963451884 -0.0007119155485 -0.00773876142541 -0.00452963959193 -0.000705544936834 0.000260639350443 -0.00498823768582 -0.00146158074657 -0.00773935811301 -0.00498824275891 -0.0014552101349 0.00025999289242 -0.00532389112137 -0.00227364803645 -0.00774000457104 -0.00532389619446 -0.00226727742478 0.000259312431245 -0.00552831059538 -0.00312831082119 -0.00774068503221 -0.00552831566847 -0.00312194020952 0.000258614849047 -0.00559651299156 -0.00400436513259 -0.00774138261441 -0.00559651806465 -0.00399799452093 0.000257917187215 -0.0055269153518 -0.00488040971012 -0.00774208027624 -0.00552692042489 -0.00487403909845 0.000257236805674 -0.0053211350355 -0.0057346458417 -0.00774276065778 -0.00532114010859 -0.00572827523004 0.000256590268017 -0.00498418860468 -0.00654627752217 -0.00774340719544 -0.00498419367777 -0.00653990691051 0.000255993660046 -0.0045243921425 -0.00729511137385 -0.00774400380341 -0.00452439721559 -0.00728874076219 0.000255461554537 -0.00395316021811 -0.00796285648647 -0.00774453590892 -0.0039531652912 -0.0079564858748 0.000255007090884 -0.00328450596646 -0.00853302401906 -0.00774499037257 -0.00328451103955 -0.00852665340739 0.000254641417658 -0.0025349405309 -0.00899162711989 -0.0077453560458 -0.00253494560399 -0.00898525650823 0.000254373612985 -0.00172277298374 -0.00932728036898 -0.00774562385047 -0.00172277805683 -0.00932090975731 0.000254210286377 -0.000868209928087 -0.00953169985737 -0.00774578717708 -0.000868215001176 -0.00952532924571 -0.00774584204399 7.9395879331e-06 -0.00959353154019 0.000254155419467 7.94466102294e-06 -0.00959990215185 -0.00774578717708 0.000883884443288 -0.00952393400168 0.000254210286377 0.000883889516378 -0.00953030461334 0.000254373612985 0.00173822591889 -0.00932452428223 0.000263019332084 0.000875080473465 0.00153178837178 -0.00773714145798 0.001729738456 0.00133373957468 0.000262856005475 0.00172974352909 0.00132736896301 -0.00773740926265 0.00254180600319 0.000998086245962 0.000262588200803 0.00254181107628 0.000991715634296 -0.00773777485625 0.00329147135909 0.000539583224699 0.00026222260721 0.00329147643218 0.000533212613033 -0.0077382293199 0.00396012561073 -3.05843078916e-05 0.000261768143556 0.00396013068382 -3.69549195576e-05 -0.00773876142541 0.00453135753512 -0.000698329420508 0.000261236038048 0.00453136260821 -0.000704700032174 -0.00773935811301 0.00499105407697 -0.00144726335176 0.000260639350443 0.00499105915006 -0.00145363396342 -0.00774000457104 0.00532800042816 -0.00225879503229 0.00025999289242 0.00532800550125 -0.00226516564396 -0.00774068503221 0.00553378082409 -0.00311313116381 0.000259312431245 0.00553378589718 -0.00311950177548 -0.00774138261441 0.00560347838419 -0.00398907566177 0.000258614849047 0.00560348345728 -0.00399544627343 -0.00774208027624 0.00553517606767 -0.00486523005274 0.000257917187215 0.00553518114076 -0.00487160066441 -0.00774276065778 0.00533075651403 -0.00571979283755 0.000257236805674 0.00533076158712 -0.00572616344921 -0.00774340719544 0.00499510315811 -0.00653196012736 0.000256590268017 0.0049951082312 -0.00653833073903 -0.00774400380341 0.00453659991146 -0.00728152524586 0.000255993660046 0.00453660498455 -0.00728789585753 -0.00774453590892 0.00396643219775 -0.00795017928579 0.000255461554537 0.00396643727084 -0.00795654989745 -0.00774499037257 0.00329868687312 -0.00852141102939 0.000255007090884 0.00329869194621 -0.00852778164106 -0.0077453560458 0.00254975278381 -0.0089812074258 0.000254641417658 0.0025497578569 -0.00898757803747 -0.00774562385047 0.0017382208458 -0.00931815367057 -0.00424667865971 -0.00186962209129 -0.0106470138375 -0.00424669076388 -0.00140321013501 -0.0106618424211 -0.00424675526634 -0.000943645778257 -0.0107424764576 -0.00424687097261 -0.000500130212611 -0.0108874232742 -0.00424687097261 0.000517969464582 -0.010886612534 -0.00424675526634 0.000961253617759 -0.0107409595349 -0.00424669076388 0.00142078896959 -0.0106595935945 -0.00424667865971 0.00188707671758 -0.010644022277 -0.00423608878858 -0.00188021195906 0.00265137772946 -0.00423608831079 -0.00205491238147 0.0026518386108 -0.00423610742263 -0.00222799321475 0.00262770078186 -0.00423614564631 -0.00239595493781 0.00257956702942 -0.00423620234477 -0.00255539818879 0.00250824006046 -0.00423627632352 -0.00270332416314 0.00241522226301 -0.00423636614917 -0.00283663429522 0.00230231610456 -0.00423589655531 0.000506995050763 0.00289467872676 -0.00423584845718 0.000343047004612 0.00295494817051 -0.00423581931162 0.000172117913251 0.00299141205507 -0.00423580943717 -2.09190596396e-06 0.00300367332709 -0.00423581931162 -0.000176381976251 0.00299113453521 -0.00423584845718 -0.000347152776547 0.00295439854582 -0.00423589655531 -0.00051110462643 0.00289386798654 -0.00423610742263 0.00222430537357 0.00263124626728 -0.00423614564631 0.00239234354397 0.0025833800806 -0.00423620234477 0.00255200019181 0.0025123072195 -0.00423627632352 0.00269997412365 0.00241952505513 -0.00423636614917 0.00283356390694 0.00230683143628 -0.00423608831079 0.00205118631662 0.00265510840791 -0.00423608878858 0.00187648684981 0.00265436929001 -0.00424172861325 -0.00899616987815 -0.0044365888997 -0.00774172750351 -0.00899617209763 -0.0044338017571 -0.0042417818875 -0.00924611652465 -0.00450368793896 -0.00774178077776 -0.00924611874412 -0.00450090079635 -0.00424172861325 -0.00949616971962 -0.00443698706306 -0.00774172750351 -0.0094961719391 -0.00443419992046 -0.00424158280582 -0.00967941546894 -0.00425403298659 -0.00774158169609 -0.00967941768842 -0.00425124584399 -0.00424138372415 -0.00974651452934 -0.00400408641938 -0.00774138261441 -0.00974651674882 -0.00400129927678 -0.00424118464247 -0.00967981363217 -0.00375403330366 -0.00774118353273 -0.00967981585164 -0.00375124616105 -0.00424103891468 -0.00949685941797 -0.00357088761228 -0.00774103780494 -0.00949686163744 -0.00356810046968 -0.00424098556079 -0.0092469128511 -0.00350368857309 -0.00774098445105 -0.00924691507058 -0.00350090143049 -0.00424103891468 -0.0089968595765 -0.00357048944893 -0.00774103780494 -0.00899686179598 -0.00356770230633 -0.00424118464247 -0.00881371390678 -0.00375334360509 -0.00774118353273 -0.00881371612626 -0.00375055646249 -0.00424138372415 -0.00874651484641 -0.00400329009267 -0.00774138261441 -0.00874651706589 -0.00400050295007 -0.00424158280582 -0.00881331574355 -0.00425334328803 -0.00774158169609 -0.00881331796303 -0.00425055614542 -0.00424172853361 0.00950382417645 -0.00442175685562 -0.00774172742387 0.00950382195698 -0.00441896971302 -0.0042417818875 0.00925387760959 -0.00448895589481 -0.00774178077776 0.00925387539012 -0.00448616875221 -0.00424172853361 0.00900382433499 -0.00442215501897 -0.00774172742387 0.00900382211551 -0.00441936787637 -0.00424158280582 0.0088205786653 -0.00423930094244 -0.00774158169609 0.00882057644582 -0.00423651379984 -0.00424138372415 0.0087534796049 -0.00398935437523 -0.00774138261441 0.00875347738542 -0.00398656723263 -0.00424118464247 0.00882018050207 -0.00373930125951 -0.00774118353273 0.00882017828259 -0.00373651411691 -0.00424103891468 0.00900313471627 -0.00355615556814 -0.00774103780494 0.0090031324968 -0.00355336842553 -0.00424098556079 0.00925308128313 -0.00348895652895 -0.00774098445105 0.00925307906366 -0.00348616938634 -0.00424103891468 0.00950313455774 -0.00355575740478 -0.00774103780494 0.00950313233826 -0.00355297026218 -0.00424118464247 0.00968628022746 -0.00373861156095 -0.00774118353273 0.00968627800798 -0.00373582441834 -0.00424138372415 0.00975347928783 -0.00398855804852 -0.00774138261441 0.00975347706835 -0.00398577090592 -0.00424158280582 0.00968667839069 -0.00423861124388 -0.00774158169609 0.00968667617121 -0.00423582410127 -0.00423660576388 0.00360420327731 0.00200654511719 -0.00423643192576 0.00321282956328 0.00222453345575 -0.00423627831434 0.00280837608009 0.00241711137853 -0.00423595970402 0.001612357849 0.00281625895697 -0.00423584718306 0.000810545582261 0.00295692045224 -0.00423584718306 -0.000814753902409 0.00295562618243 -0.00423595970402 -0.00161634112729 0.00281368785691 -0.00423627831434 -0.00281162213798 0.00241263602242 -0.00423643192576 -0.00321586839839 0.00221941411022 -0.00423660576388 -0.00360689443628 0.00200080272564 0.000258831609177 0.00631306647216 -0.00372268121335 0.000259260670009 0.00639063738673 -0.00318381944154 0.000259429093108 0.00641476895598 -0.00297230022492 0.00025959608282 0.00637760197805 -0.00276262982198 0.000259747703425 0.00628235038765 -0.00257230567339 0.000260129621716 0.00602426855119 -0.00209291119092 0.000260537102094 0.00583766112998 -0.00158135979144 0.00026096154423 0.00572633672314 -0.00104844844207 0.00026112638386 0.00567667189926 -0.000841487991504 0.000261273226505 0.00557002509043 -0.000657172917234 0.000261389808736 0.00541540855722 -0.000510896042548 0.000261678556801 0.00500891993804 -0.000148619740396 0.000262010704672 0.00465868790121 0.00026820136039 0.000262379324306 0.00437171937257 0.000730872839613 0.00026252075193 0.00425427798218 0.000908379317867 0.000262629769057 0.0040910690168 0.00104514935017 0.000262697217929 0.00389570162988 0.00112969377385 0.000262857916659 0.00338984109154 0.00133109094346 0.00026307467679 0.00291812448097 0.00160291530281 0.000263525477341 0.00136227417373 0.00216777633726 0.000263600809848 0.000826099011231 0.00226194936652 0.000263600809848 -0.000829100463958 0.00226063128655 0.000263525477341 -0.00136522496146 0.00216560435615 0.00026307467679 -0.00292017366789 0.00159826610857 0.000262857916659 -0.00339145675833 0.00132569081314 0.000262697217929 -0.00389699589931 0.00112348823869 0.000262629769057 -0.00409222838853 0.0010386327698 0.00026252075193 -0.00425511931976 0.000901603055355 0.000262379324306 -0.00437237785496 0.000723909679222 0.000262010704672 -0.0046585091446 0.000260781825161 0.000261678556801 -0.00500817688586 -0.00015659662469 0.000261389808736 -0.00541408800909 -0.000519519862662 0.000261273226505 -0.00556847137791 -0.000666042802301 0.00026112638386 -0.00567482450154 -0.000850527494161 0.00026096154423 -0.00572415964627 -0.00105756678107 0.000260537022461 -0.00583463508947 -0.00159075475564 0.000260129621716 -0.00602042762982 -0.00210250270725 0.000259747703425 -0.00627774562994 -0.00258230761651 0.00025959608282 -0.00637269397923 -0.00277278322644 0.000259429093108 -0.00640952697784 -0.00298251255755 0.000259260670009 -0.0063850585625 -0.00319399307269 0.000258831609177 -0.00630652952657 -0.00373273053791 0.000258398009283 -0.00630609592681 -0.00427723019262 0.000257968948452 -0.00638376684135 -0.00481609204406 0.000257800525352 -0.0064078984106 -0.00502761126068 0.000257633615274 -0.00637073151231 -0.00523718166368 0.000257481915035 -0.00627547984227 -0.0054276058122 0.000257099996745 -0.00601739800581 -0.00590700029468 0.000256692596 -0.00583079066423 -0.00641845169422 0.00025626807423 -0.00571946617776 -0.00695146304353 0.000256103234601 -0.00566980135388 -0.00715842349409 0.000255956391956 -0.00556315454505 -0.00734273856836 0.000255839809725 -0.00540853801184 -0.00748901544305 0.00025555106166 -0.00500204939266 -0.0078512917452 0.000255218993421 -0.0046517174355 -0.00826801276642 0.000254850294154 -0.00436484882719 -0.00873078432521 0.00025470886653 -0.00424730743684 -0.00890829072383 0.000254599929036 -0.00408419855106 -0.00904496083583 0.000254532400531 -0.0038888310845 -0.00912960525945 0.000254371701801 -0.00338297054616 -0.00933100242906 0.000254154941671 -0.0029112539356 -0.0096028267884 0.000253886579569 -0.00248338570916 -0.0099394860654 0.000253785605342 -0.00231228478918 -0.0100661498131 0.000253727632758 -0.00211212688006 -0.010138790422 0.000253444857143 -9.78447431106e-05 -0.0104922863948 0.000253444857143 0.000115055189386 -0.0104921168568 0.000253727632758 0.00212877177528 -0.01013541328 0.000253785605342 0.00232881373927 -0.0100624539812 0.000253886579569 0.00249971271086 -0.00993551788977 0.000254154941671 0.00292704421327 -0.00959817759417 0.000254371701801 0.00339832730371 -0.00932560229874 0.000254532400531 0.00390386644468 -0.00912339972429 0.000254599929036 0.00409909885428 -0.00903844425546 0.00025470886653 0.0042620898651 -0.00890151446132 0.000254850294154 0.00437924840033 -0.00872382116482 0.000255218993421 0.00466547961031 -0.00826059323119 0.00025555106166 0.00501504743124 -0.00784331486091 0.000255839809725 0.00542095855447 -0.00748039162294 0.000255956391956 0.00557534192329 -0.0073338686833 0.000256103234601 0.00568169504692 -0.00714938399144 0.00025626807423 0.00573103019165 -0.00694234470453 0.000256692596 0.00584150563485 -0.00640915672996 0.000257099996745 0.0060272981752 -0.00589740877835 0.000257481915035 0.00628461617532 -0.00541760386909 0.000257633615274 0.00637956444498 -0.00522702825922 0.000257800525352 0.00641639752322 -0.00501739892804 0.000257968948452 0.00639192910788 -0.0048059184129 0.000258398009283 0.00631350007191 -0.00426718086806 -0.00424616168441 0.0036137591948 -0.00999344727318 -0.00424633560216 0.00322273323654 -0.0102121586577 -0.00424648921359 0.0028185869761 -0.0104053804903 -0.00424662188162 0.00240281977596 -0.0105723115769 -0.0042468078239 0.00162320596544 -0.0108064324044 -0.00424692034487 0.00082161874056 -0.0109483707299 -0.00424695801112 9.05666445145e-06 -0.010996317795 -0.00424692034487 -0.000803680744109 -0.0109496649997 -0.0042468078239 -0.00160539301088 -0.0108090034248 -0.00424662188162 -0.00238547870582 -0.0105761246281 -0.00424648921359 -0.00280141124197 -0.0104098558464 -0.00424633560216 -0.00320596472512 -0.0102172780032 -0.00424616168441 -0.00359733851879 -0.00999918966472 -0.00424297637757 0.0067132729052 -0.00599097904684 -0.0042431368374 0.00665003338509 -0.00619252940617 -0.00424329562495 0.00658079219459 -0.0063919845448 -0.00424345266057 0.00650554925407 -0.00658924446278 -0.00423931486735 0.00650141146216 -0.00139314775782 -0.00423947190298 0.00657696847383 -0.00159028758973 -0.00423963069053 0.00664652723932 -0.00178963219821 -0.00423979107073 0.00671008759937 -0.00199098158338 -0.00424345266057 -0.00649444662404 -0.00659959671002 -0.00424329562495 -0.00657000363571 -0.00640245687811 -0.0042431368374 -0.00663966240117 -0.00620311234926 -0.00424297637757 -0.00670312284088 -0.00600166288452 -0.00423979107073 -0.00670630814672 -0.00200166542107 -0.00423963069053 -0.00664316854694 -0.0018002151413 -0.00423947190298 -0.00657382735647 -0.00160075992304 -0.00423931486735 -0.00649858441595 -0.00140350000506 -0.00424616168441 0.00650825827705 -0.00999114230551 -0.00423660576388 0.00649870235955 0.00200885008485 -0.00423660576388 -0.00650129351856 0.00199849783761 -0.00424616168441 -0.00649173760106 -0.0100014945528 -0.00424598609437 -0.00359811410858 -0.00977869028235 -0.00424584777242 -0.00403135229316 -0.00960533528159 -0.00424573556999 -0.00435026439448 -0.0094646892399 -0.0042455571928 -0.00461744268695 -0.00924090200118 -0.00424532665622 -0.00481177316192 -0.00895155675177 -0.00424501099231 -0.00505838874763 -0.00855535313841 -0.00424472638515 -0.00535867325959 -0.00819819226307 -0.00424447840901 -0.00570642112546 -0.00788706918407 -0.00424428617574 -0.00595801327896 -0.00764586953369 -0.00424404576471 -0.00613255363465 -0.00734410852488 -0.00424377628775 -0.00621612308511 -0.00700577507348 -0.00424341260534 -0.006312386737 -0.00654915173083 -0.00424306349571 -0.00647233579592 -0.00611087910257 -0.00424273580727 -0.00669276341447 -0.00569955463503 -0.00424248671627 -0.00684671245665 -0.0053868772288 -0.00424297637757 -0.00924492203496 -0.00600368698775 -0.00424221333731 -0.00690748581634 -0.00504362562427 -0.00424193741011 -0.00687036175532 -0.00469709606138 -0.00424156950717 -0.0068046296791 -0.00423504371715 -0.00424119794113 -0.00680500124502 -0.00376844401304 -0.00424083011782 -0.00687146904726 -0.00330659694314 -0.00424055419061 -0.00690914496252 -0.00296012694549 -0.00424028081165 -0.00684891836057 -0.00261677898542 -0.00423979107073 -0.00924810734079 -0.0020036895243 -0.00424003172066 -0.00669546750022 -0.00230385678837 -0.00423970403222 -0.00647569525835 -0.0018921817778 -0.00423935484295 -0.0063164444981 -0.00145355496213 -0.00423899124018 -0.00622090813117 -0.000996878883945 -0.00423872168359 -0.00613787771409 -0.000658312764585 -0.00423848135218 -0.00596381810068 -0.000356374156222 -0.00423828903928 -0.00571261049323 -0.000114674112831 -0.00423804114278 -0.00536535849984 0.000196902413295 -0.00423775645598 -0.00506564328166 0.000554641084604 -0.0042374408717 -0.00481965894393 0.000951136968565 -0.00423721033512 -0.00462578954199 0.001240791352 -0.00423703187831 -0.0043589680834 0.00146510382912 -0.0042369197555 -0.00404028030725 0.00160615760879 -0.00423678135392 -0.00360731884611 0.00178030238767 -0.0042365955709 -0.0032034047572 0.00201392403535 -0.00423984538021 -0.00976575286718 -0.00207230173939 -0.00424000448628 -0.0102478936082 -0.00227248568106 -0.00424025755891 -0.0106619404043 -0.00259061539769 -0.00424058739744 -0.0109794104651 -0.00300506820766 -0.00424097154544 -0.0111788262539 -0.00348762700783 -0.00424138372415 -0.0112465140537 -0.00400528090945 -0.00424179598248 -0.0111780018171 -0.00452292635131 -0.00424218005086 -0.0109778178122 -0.00500506693939 -0.00424250996901 -0.0106596879949 -0.00541911360403 -0.00424276304164 -0.0102451350537 -0.00573658348435 -0.00424292214772 -0.00976267610064 -0.00593599928928 -0.00424617187739 -0.00319382845374 -0.0100116683388 -0.00424640137875 -0.00282659906882 -0.0102995759041 -0.0042464912044 -0.0026931092855 -0.0104122696026 -0.00424656518316 -0.00254503535369 -0.0105050516873 -0.00423804114278 0.00536553809774 0.000205447715595 -0.00423828903928 0.00571328588398 -0.000105575363466 -0.00423848135218 0.00596487811711 -0.000346875013787 -0.00423872168359 0.00613941839317 -0.000648536022659 -0.00423899124018 0.00622308792323 -0.000986969394357 -0.00423935484295 0.00631935149549 -0.00144349273708 -0.00423970403222 0.00647930063404 -0.00188186536527 -0.00424003172066 0.00669962825262 -0.00229318991244 -0.00424028081165 0.0068535772948 -0.00260586731867 -0.00423979107073 0.00925188679345 -0.00198895748015 -0.00424055419061 0.00691445065446 -0.00294911884357 -0.00424083011782 0.00687722659347 -0.0032956484861 -0.00424119794113 0.00681159443759 -0.00375760075075 -0.00424156950717 0.00681196600351 -0.00422420045486 -0.00424193741011 0.00687833388541 -0.00468614760433 -0.00424221333731 0.00691610980064 -0.00503261752235 -0.00424248671627 0.00685578319872 -0.00537596556205 -0.00424297637757 0.00925507209928 -0.00598895494361 -0.00424273580727 0.00670233233837 -0.00568888775911 -0.00424306349571 0.00648266009647 -0.00610056269004 -0.00424341260534 0.00632340925659 -0.00653908950577 -0.00424377628775 0.00622787296929 -0.0069958655839 -0.00424404576471 0.00614474247261 -0.00733433178295 -0.00424428617574 0.00597068293883 -0.00763637039125 -0.00424447840901 0.00571947525175 -0.00787797043471 -0.00424472638515 0.00537222333799 -0.00818964696077 -0.00424501099231 0.00507250804018 -0.00854728563214 -0.00424532665622 0.00482662378205 -0.00894388143641 -0.0042455571928 0.00463275438011 -0.00923353581984 -0.00424573556999 0.00436593284189 -0.00945774829702 -0.00424584777242 0.0040471451454 -0.00959890215626 -0.00424598609437 0.0036142836046 -0.00977294685558 -0.00424617187739 0.00321036951569 -0.0100065685033 -0.00424640137875 0.00284359913334 -0.0102950605724 -0.0042464912044 0.00271018900129 -0.0104079668105 -0.00424656518316 0.00256236302691 -0.0105009845283 -0.00424292214772 0.00977261770533 -0.00592044280808 -0.00424276304164 0.0102548584464 -0.00572025878678 -0.00424250996901 0.0106688052425 -0.00540212914978 -0.00424218005086 0.0109862752237 -0.00498757633988 -0.00424179598248 0.0111856910921 -0.00450511753965 -0.00424138372415 0.0112534788122 -0.00398736355846 -0.00424097154544 0.0111848666553 -0.00346981819617 -0.00424058739744 0.0109846825707 -0.00298757760815 -0.00424025755891 0.0106665528331 -0.00257363094344 -0.00424000448628 0.0102520998919 -0.00225616098349 -0.00423984538021 0.0097695409388 -0.0020567452582 -0.00423703187831 0.004357129153 0.00147204469236 -0.00423721033512 0.00462440752507 0.00124815753334 -0.0042374408717 0.00481873800004 0.000958812283934 -0.0042365955709 0.00320079321223 0.00201902387087 -0.00423678135392 0.00360507886707 0.00178604581444 -0.0042369197555 0.00403821713132 0.00161259073412 -0.00423775645598 0.00506525350615 0.000562708590878 -0.00023899250845 -0.00622090559462 -0.00100006418978 -0.000238722951858 -0.00613787517754 -0.000661498070418 -0.000238482620457 -0.00596381556413 -0.000359559462055 -0.000238290387189 -0.00571260787705 -0.0001179594186 -0.00024003298893 -0.00669546496368 -0.0023070420942 -0.000239705300488 -0.0064756927218 -0.00189536708364 -0.000239356111226 -0.00631644196156 -0.00145674026796 -0.00024083138609 -0.00687146651071 -0.00330978224898 -0.000240555458885 -0.00690914242597 -0.00296331225132 -0.000240282079925 -0.00684891582403 -0.00261996429126 -0.000242737075541 -0.00669276087792 -0.00570273994086 -0.000242487984546 -0.0068467099201 -0.00539006253464 -0.000242214605587 -0.0069074832798 -0.0050468109301 -0.000241938678381 -0.00687035921877 -0.00470028136721 -0.000243777556022 -0.00621612054857 -0.00700896037932 -0.000243413873613 -0.00631238420046 -0.00655233703666 -0.000243064763983 -0.00647233325937 -0.00611406440841 -0.000244479677283 -0.00570641858892 -0.0078902544899 -0.000244287444015 -0.00595801074241 -0.00764905483952 -0.000244047032981 -0.00613255109811 -0.00734729383071 -0.000241938678381 0.00687833642195 -0.00468933291016 -0.000242214605587 0.00691611233718 -0.00503580282818 -0.000242487984546 0.00685578573527 -0.00537915086788 -0.000242737075541 0.00670233487492 -0.00569207306494 -0.00024083138609 0.00687722913001 -0.00329883379193 -0.000241199209398 0.00681159697413 -0.00376078605658 -0.000241570775441 0.00681196854006 -0.0042273857607 -0.00024003298893 0.00669963078916 -0.00229637521828 -0.000240282079925 0.00685357983135 -0.0026090526245 -0.000240555458885 0.00691445319101 -0.00295230414941 -0.00423601226158 0.000950510616409 0.00274973191017 -0.000236013529857 0.000950513152954 0.00274654660434 -0.000236078032321 0.00141017750967 0.00266591264746 -0.00423607676405 0.00141017497313 0.00266909795329 -0.000236921023777 -0.0040402777707 0.00160297230295 -0.000236782622195 -0.00360731630957 0.00177711708184 -0.000236596839173 -0.00320340222066 0.00201073872952 -0.000237442139976 -0.00481965640739 0.000947951662732 -0.000237211603394 -0.00462578700544 0.00123760604616 -0.000237033146578 -0.00435896554686 0.00146191852329 -0.00424691899111 0.000354117535035 -0.0109470430137 -0.000246949484576 0.000183249350948 -0.0109870643885 -0.0042469482163 0.000183246814403 -0.0109838790827 -0.000246949484576 -0.000165250538554 -0.0109873419084 -0.0042469482163 -0.000165253075099 -0.0109841566025 -0.00424691899111 -0.000336082246125 -0.0109475926384 -0.000246402647024 0.00284360166988 -0.0102982458782 -0.000246566451428 0.00256236556346 -0.0105041698341 -0.000246661373572 0.00223486058944 -0.0106236306352 -0.0042466601053 0.0022348580529 -0.0106204453293 -0.00424667921714 0.00206187721959 -0.0106445830786 -0.000245849040694 -0.00403134975662 -0.00960852058743 -0.000245736838261 -0.00435026185793 -0.00946787454573 -0.000245558461078 -0.0046174401504 -0.00924408730701 -0.000245327924495 -0.00481177062537 -0.00895474205761 -0.000246402647024 -0.00282659653228 -0.01030276121 -0.000246173145666 -0.0031938259172 -0.0100148536446 -0.000245987362644 -0.00359811157203 -0.00978187558818 -0.00424667921714 -0.00204432147847 -0.0106478529554 -0.000246661373572 -0.00221743799887 -0.0106271761206 -0.0042466601053 -0.00221744053542 -0.0106239908148 -0.000246566451428 -0.00254503281715 -0.0105082369932 -0.000238290307556 0.00571328842053 -0.000108760669299 -0.000238482620457 0.00596488065366 -0.00035006031962 -0.000238722951858 0.00613942092972 -0.000651721328492 -0.00023899250845 0.00622309045978 -0.00099015470019 -0.000237442139976 0.00481874053658 0.000955626978101 -0.000237757724252 0.00506525604269 0.000559523285045 -0.000238042411051 0.00536554063428 0.000202262409762 -0.000236921023777 0.00403821966786 0.00160940542829 -0.000237033146578 0.00435713168954 0.00146885938653 -0.000237211603394 0.00462441006161 0.0012449722275 -0.000245327924495 0.0048266263186 -0.00894706674224 -0.000245558461078 0.00463275691665 -0.00923672112567 -0.000245736838261 0.00436593537844 -0.00946093360286 -0.000245849040694 0.00404714768195 -0.00960208746209 -0.000244479677283 0.00571947778829 -0.00788115574054 -0.00024472765342 0.00537222587453 -0.0081928322666 -0.000245012260587 0.00507251057673 -0.00855047093797 -0.000243777556022 0.00622787550583 -0.00699905088973 -0.000244047032981 0.00614474500915 -0.00733751708878 -0.000244287444015 0.00597068547537 -0.00763955569708 -0.000245012260587 -0.00505838621109 -0.00855853844425 -0.00024472765342 -0.00535867072304 -0.0082013775689 -0.000241570775441 -0.00680462714255 -0.00423822902299 -0.000241199209398 -0.00680499870848 -0.00377162931887 -0.000238042411051 -0.00536535596329 0.000193717107462 -0.000237757724252 -0.00506564074512 0.000551455778771 -0.00423607676405 -0.00141382413147 0.00266684912666 -0.000236078032321 -0.00141382159493 0.00266366382083 -0.000236013529857 -0.000954386243063 0.00274502968158 -0.00423601226158 -0.000954388779608 0.00274821498742 -0.000236596839173 0.00320079574878 0.00201583856504 -0.000236782622195 0.00360508140361 0.00178286050861 -0.000239356111226 0.00631935403203 -0.00144667804291 -0.000239705300488 0.00647930317058 -0.0018850506711 -0.000243064763983 0.00648266263301 -0.00610374799587 -0.000243413873613 0.00632341179313 -0.00654227481161 -0.000245987362644 0.00361428614114 -0.00977613216141 -0.000246173145666 0.00321037205223 -0.0100097538091 0.000218797914806 -0.0064346958038 -0.00553320186195 0.000190017837072 -0.00624501579521 -0.00601032819896 0.000189638944823 -0.00607153695797 -0.00648599005308 0.000217550806211 -0.00590984886165 -0.00697328383254 0.000109635949113 -0.00607083398772 -0.00699202610566 6.59990320484e-06 -0.00624779791848 -0.0065350846866 -5.20739537008e-05 -0.00617782410225 -0.0070044825387 0.00011082675741 -0.00657042463758 -0.0056226240228 6.95769279597e-06 -0.00641165565612 -0.00608591517094 -5.10203338298e-05 -0.00666047756909 -0.00568176688867 0.000189029515991 -0.00590192758291 -0.00725115498856 0.000188833141824 -0.00575933125396 -0.00749764143526 0.000217017187682 -0.00552241536596 -0.0076430753088 0.000109013540156 -0.00561901172202 -0.00777326630741 5.74289639875e-06 -0.00590294102102 -0.00761101006776 -5.27551315691e-05 -0.00568334308117 -0.00785948877013 5.97566269629e-06 -0.00607187373376 -0.00731884459343 7.52555337339e-06 -0.00678182339933 -0.00537310994549 7.79025237204e-06 -0.00684068807967 -0.00504075682102 0.000190571204503 -0.00660806904753 -0.00531571730805 0.000190794574145 -0.00665779240141 -0.0050352569041 0.000219404476862 -0.00656960232308 -0.00477160929165 0.000111534452958 -0.00672783228322 -0.00473404937075 -5.02457468383e-05 -0.00683275210146 -0.00470920407553 0.000188411884994 -0.00518061018062 -0.00802618058407 0.000188102989863 -0.00485480138879 -0.00841382113374 0.000216082220491 -0.00453628071144 -0.00881639002319 0.000108124361751 -0.00468112284099 -0.0088891194412 5.01823909198e-06 -0.00500361664886 -0.00852029391151 -5.3614129192e-05 -0.00477738437079 -0.00893746733078 5.30993356612e-06 -0.00531120824581 -0.00815423885499 8.42452659714e-06 -0.00673792238647 -0.00424417498593 8.80525039754e-06 -0.00673830311015 -0.00376607528911 -4.91244391969e-05 -0.00683387340874 -0.00330110496845 0.000112695258404 -0.0067289930883 -0.00327635029513 0.000191816420581 -0.00655581428018 -0.00375197569617 0.000220625166077 -0.00657082301191 -0.00323871026371 0.000191413240367 -0.00655541110009 -0.00425827537511 0.000187576379009 -0.00443377491144 -0.009074785859 0.000187430571589 -0.00421542917324 -0.0092577119844 0.000215686127585 -0.00394308480662 -0.0093133176453 0.000107662412626 -0.0039893611112 -0.00946866857269 4.30664154327e-06 -0.00431160527073 -0.00941334284419 -5.41197170207e-05 -0.00402027902302 -0.00957176442738 4.4794444395e-06 -0.00457027799161 -0.00919654883225 9.43960425531e-06 -0.00684233743103 -0.00296955813445 9.70422362129e-06 -0.00678400206889 -0.00263721168042 0.000192435086802 -0.00665943291354 -0.00297515821048 0.000192658456445 -0.00661015629881 -0.00269461897018 0.000221231728132 -0.00643712961635 -0.00247690380006 0.000113402953952 -0.0065730008333 -0.00238752607429 -4.83498522054e-05 -0.00666314804987 -0.00232826901525 0.000187192231004 -0.00349089106239 -0.00955643501517 0.000186990601081 -0.00305218957156 -0.00980928566535 0.000215075902427 -0.0026151750025 -0.0100785601949 0.000107082049719 -0.00272648114871 -0.0101964629073 3.8704934038e-06 -0.00315556948913 -0.00996012226173 -5.4680331025e-05 -0.00280021879586 -0.0102747928605 4.06081548766e-06 -0.00356985967986 -0.00972145217218 1.02720841987e-05 -0.00641497004647 -0.00192381781027 1.06299534225e-05 -0.00625182796742 -0.00147428789584 -4.72961527017e-05 -0.00618260190174 -0.00100468634339 0.00011449376228 -0.00607559179934 -0.00101732997407 0.000193590716125 -0.00607548872802 -0.00152349319998 0.000222378757126 -0.00591407681119 -0.00103608727901 0.000193211823876 -0.006248209781 -0.00199943074241 0.000186610275444 -0.00243050944304 -0.0102863906047 0.000186532713222 -0.00216273196572 -0.0103835773663 3.39006949921e-06 -0.00219978936827 -0.0105626611482 3.48196560163e-06 -0.00251708116377 -0.0104475138163 1.12541142984e-05 -0.00607715218368 -0.000690348796802 1.14868805959e-05 -0.0059086850034 -0.000397914641844 0.000194200144957 -0.00590709821024 -0.000758059106072 0.000194396519123 -0.00576489462949 -0.000511345865526 0.000222912136757 -0.00552781031329 -0.000365979684578 0.000115116091605 -0.00562491427156 -0.000235471087399 -4.6615054466e-05 -0.00568948315632 -0.00014899365964 1.19198434286e-05 -0.00531781815358 0.000146255881361 1.22115379027e-05 -0.00501080994539 0.000512800360275 -4.57560568432e-05 -0.00478524244065 0.000930426411623 0.00011600527001 -0.00468890374675 0.00088187428302 0.000195126671085 -0.00486182506779 0.000406273273116 0.000223847263214 -0.00454344575186 0.000809104191464 0.000194817775953 -0.00518701606955 1.81143147527e-05 0.000186247867158 -0.000133647763018 -0.0107396615518 0.000186247867158 0.00015125214665 -0.0107394346783 3.10371041403e-06 0.000177696236986 -0.0109203678924 3.10371041403e-06 -0.000159803656004 -0.0109206366526 1.27503325552e-05 -0.0045785488771 0.00118974458142 1.29231354514e-05 -0.0043202217619 0.00140695029427 0.000195653281938 -0.0044418518118 0.00106790770914 0.000195799089359 -0.00422379768836 0.00125118135152 0.000224243117221 -0.00395134179361 0.00130667569981 0.000116467219135 -0.00399806591492 0.00146252441581 -4.52504690145e-05 -0.00402914826821 0.0015659285098 1.3168961507e-05 -0.00357896782299 0.00171624057476 1.33592835909e-05 -0.00316505827631 0.0019555701821 0.000196239059867 -0.00306143802742 0.00180460696986 0.000196037429944 -0.00349973625852 0.00155105794116 0.000186532713222 0.00217976665741 -0.0103801193175 0.000186610275444 0.00244738901033 -0.0102825062026 0.000215075902427 0.00263172333388 -0.0100743819483 0.000107082049719 0.00274321711702 -0.0101921072391 3.48196560163e-06 0.00253421723462 -0.0104434913311 -5.4680331025e-05 0.00281707942307 -0.0102703196545 3.39006949921e-06 0.00221710923127 -0.0105591438528 0.000186990601081 0.00306830848782 -0.00980441174771 0.000187192231004 0.0035067067189 -0.00955086263938 0.000215686127585 0.00395841268807 -0.00930702546979 0.000107662412626 0.00400493635406 -0.00946230249806 4.06081548766e-06 0.0035858380513 -0.00971575389713 -5.41197170207e-05 0.00403601842258 -0.0095653489805 3.8704934038e-06 0.00317192850462 -0.00995508350446 1.38687734204e-05 -0.00140786832329 0.00259676947984 1.39348685374e-05 -0.00093713456766 0.00268014433782 0.000196793701421 -0.000891393357023 0.00250283503494 0.00019672362467 -0.00139002312217 0.00241443796262 0.000187430571589 0.00423076814873 -0.00925098604974 0.000187576379009 0.00444882227218 -0.00906771240736 0.000216082220491 0.00455081640733 -0.00880915372274 0.000108124361751 0.00469587418586 -0.00888165228564 4.4794444395e-06 0.00458541910541 -0.00918925790379 -5.3614129192e-05 0.00479211259502 -0.00892984688233 4.30664154327e-06 0.00432709199021 -0.00940646361663 0.000188102989863 0.00486879552816 -0.00840607797133 0.000188411884994 0.00519398652992 -0.00801791901297 0.000217017187682 0.00553508112806 -0.0076342699262 0.000109013540156 0.00563188471068 -0.00776430691522 5.30993356612e-06 0.00532478838185 -0.0081457691241 -5.27551315691e-05 0.00569635331069 -0.00785042681106 5.01823909198e-06 0.0050176801737 -0.00851231368264 1.39348685374e-05 0.000933364839264 0.00268163386693 1.38687734204e-05 0.00140433078505 0.00259900890981 0.00019672362467 0.00138667599742 0.00241664912299 0.000196793701421 0.000887906078817 0.00250425193906 0.000188833141824 0.0057717650899 -0.00748845891233 0.000189029515991 0.00591396867064 -0.00724174567178 0.000217550806211 0.00592144738702 -0.00696386225233 0.000109635949113 0.00608256215883 -0.00698234802861 5.97566269629e-06 0.00608402241199 -0.00730916452557 -5.20739537008e-05 0.00618947197647 -0.00699463412737 5.74289639875e-06 0.00591555523171 -0.00760159868052 0.000189638944823 0.00608235918842 -0.00647631157787 0.000190017837072 0.00625518024137 -0.00600037395581 0.00021869767594 0.00644450035145 -0.00552324573115 0.000110726677809 0.00657997127242 -0.00561225192832 6.95769279597e-06 0.00642184027478 -0.00607569551209 -5.10203338298e-05 0.00667001820424 -0.00567115145545 6.59990320484e-06 0.0062586981161 -0.00652512542659 1.33592835909e-05 0.00316243971744 0.00196060893936 1.3168961507e-05 0.00357672990817 0.00172193884981 -4.52504690145e-05 0.00402714917739 0.00157234395668 0.000116467219135 0.00399623155035 0.00146889049044 0.000196037429944 0.00349786152276 0.00155663031695 0.000224243117221 0.00394985570117 0.00131296763642 0.000196239059867 0.00305906003197 0.00180948088749 0.000190571204503 0.00661702675921 -0.00530518580767 0.000190794574145 0.00666630337395 -0.00502464656737 0.000219304636159 0.00657829334881 -0.00476093918818 0.000111434532622 0.00673596336814 -0.00472322770761 7.79025237204e-06 0.0068492075797 -0.00502985518799 -5.02457468383e-05 0.00684084356308 -0.00469831542262 7.52555337339e-06 0.0067908722972 -0.00536230164194 1.29231354514e-05 0.00431847549904 0.00141382952182 1.27503325552e-05 0.00457714821992 0.00119703550988 0.000195799089359 0.00422239963362 0.00125790728619 0.000195653281938 0.00444074537181 0.00107498116078 0.000223847263214 0.00454275136719 0.000816339775223 0.00011600527001 0.00468799328013 0.000889341358954 -4.57560568432e-05 0.00478425452516 0.000938046860081 0.000191413240367 0.00656268474058 -0.00424782908168 0.000191816500213 0.00656228148086 -0.00374142940281 0.000220525086476 0.00657707289888 -0.00322834016006 0.000112595258436 0.0067348026427 -0.00326562863193 8.80525039754e-06 0.00674479261478 -0.00375533833644 -4.91244391969e-05 0.00683972225579 -0.00329021631554 8.42452659714e-06 0.00674517333846 -0.00423343803326 1.22115379027e-05 0.00501048687717 0.000520780589141 1.19198434286e-05 0.00531817847409 0.000154725612256 -4.6615054466e-05 0.00569021323554 -0.00013993170057 0.000115116091605 0.00562588216116 -0.000226511774842 0.000194817775953 0.00518758064099 2.63758858459e-05 0.000222912136757 0.00552898618095 -0.000357174859403 0.000195126671085 0.00486177184917 0.00041401643552 0.000192435086802 0.00666466286181 -0.00296454787375 0.000192658536077 0.0066149394283 -0.00268398746987 0.000221131967062 0.0064420660611 -0.00246634766964 0.000113303033616 0.00657739491743 -0.00237695397995 9.70422362129e-06 0.00678869362764 -0.00262640337688 -4.83498522054e-05 0.00666734772346 -0.00231765358203 9.43960425531e-06 0.00684755822834 -0.00295865650141 1.14868805959e-05 0.00590981124933 -0.000388503254613 1.12541142984e-05 0.00607874396207 -0.000680668728939 0.000194396519123 0.00576620171436 -0.000502163342592 0.000194200144957 0.00590879804332 -0.00074864978929 0.000222378757126 0.0059162194378 -0.00102666649512 0.00011449376228 0.00607770434723 -0.00100765197665 -4.72961527017e-05 0.00618469417699 -0.000994837932064 0.000193211823876 0.00625198625558 -0.00198947649926 0.000193590716125 0.00607840741837 -0.00151381472477 1.06299534225e-05 0.00625466806716 -0.00146432863583 1.02720841987e-05 0.00641852588443 -0.00191359815143 -0.00694348031299 0.00954697508606 -0.00662047241059 -0.00694471621204 0.00954821098472 -0.00817247142641 -0.00694348031299 0.00665647600255 -0.00662277419294 -0.00694471621204 0.00665771190121 -0.00817477320876 -0.00644362540298 0.00683862119332 -0.0068050273093 -0.00644457143911 0.00683956722916 -0.00799302655594 -0.00644362540298 0.00936512039225 -0.00680301538986 -0.00644457143911 0.00936606642808 -0.00799101463651 -0.00693804960372 0.00954154437851 0.000199223264796 -0.00693928550277 0.00954278027718 -0.00135277575102 -0.00693804960372 0.006651045295 0.000196921482438 -0.00693928550277 0.00665228119366 -0.00135507753338 -0.00643819469371 0.00683319048578 1.46683660833e-05 -0.00643914072984 0.00683413652161 -0.00117333088056 -0.00643819469371 0.0093596896847 1.6680285518e-05 -0.00643914072984 0.00936063572054 -0.00117131896113 -0.00693804960372 -0.00954134957091 0.000184027041807 -0.00693804960372 -0.00665085048739 0.000186328824165 -0.00693928550277 -0.00954011367224 -0.00136797197401 -0.00693928550277 -0.00664961458873 -0.00136567019166 -0.00643914072984 -0.00683175914537 -0.00118421340176 -0.00643819469371 -0.0068327051812 3.78584488708e-06 -0.00643914072984 -0.0093582583443 -0.00118622532119 -0.00643819469371 -0.00935920438013 1.77392545241e-06 0.00818677345706 0.00344272804872 -0.00631268181405 0.00818613551973 0.00264226623985 -0.00711441924337 0.00809801401447 0.00182648797602 -0.00789549919098 0.00792281300243 0.0010004891946 -0.0086508179174 0.00819042115212 0.000236081371943 -0.00788783925526 0.00792413251202 -0.000579529813606 -0.00862757716436 0.00810023862027 -0.00134143562463 -0.00786712364588 0.00818885080834 -0.00211084754085 -0.00709900642611 0.00818946501514 -0.00288276150289 -0.00632832112201 0.00810207725901 -0.00365217353071 -0.00556006374878 0.00792718355818 -0.00441397964398 -0.00479923064015 0.0081935334358 -0.00367532967156 -0.00398265401734 0.0079271417548 -0.00443973783284 -0.00321925011687 0.00837228358009 -0.0029110800017 -0.00316568725055 0.00810239986347 -0.00368559612526 -0.00239228861218 0.00846222969127 -0.00212622633341 -0.00235373336241 0.00819055003648 -0.0029057465178 -0.00157523727552 0.00846286754896 -0.00132576444491 -0.00155209593302 0.00819118797381 -0.00210528470893 -0.000773499846196 0.00837419317154 -0.000514990352872 -0.000765779179755 0.00810430953455 -0.00128950655607 7.7194585521e-06 0.00819670233831 0.000300900165195 -8.76383046711e-08 0.00793031065731 -0.000463507996092 0.000763316262165 0.00809992360593 0.00422257762485 -0.00549559112019 0.00845969362959 0.00266310820972 -0.00553461948618 0.0083710397974 0.00344806176471 -0.0047225232945 0.00864282418285 0.00187057796561 -0.00474349592905 0.00855296628977 0.00266063557949 -0.00393649471728 0.00873506105591 0.00107024137536 -0.00394440620221 0.00864459902212 0.00186540312814 -0.00314260044808 0.00873570002846 0.000267202657422 -0.00314264568359 0.00864523377414 0.00106766862905 -0.00234613570557 0.00864473687998 -0.000533233969343 -0.00234351014931 0.0085548665642 0.000272436062285 -0.00155209650495 0.00792598190494 0.00497671903135 -0.00466825153837 0.00792854010074 0.00495096084414 -0.00308827308553 0.00819359005463 0.00421231120869 -0.00390527287623 0.00810464628862 0.00418905495348 -0.00232771956712 0.00837320834557 0.00343509322094 -0.00312953433839 0.00846353279653 0.00265026904726 -0.00234603074557 0.00819325847669 0.00341974303724 -0.00155960226771 0.00819387268348 0.00264782907519 -0.000788916963614 0.00810648484772 0.001878417127 -2.0759590321e-05 0.0079315911469 0.00111651101376 0.00074007343868 0.00845905569227 0.00186274640081 -0.00633635683586 0.00864218632515 0.00107011607711 -0.00554513335843 0.00873442311858 0.000269779566485 -0.00474614363153 0.00873506209113 -0.000533259151449 -0.00394438311291 0.00864409894265 -0.00133359577825 -0.003145247499 0.00836913020595 0.00105197211589 -0.00712243136529 0.00855105669832 0.000264545930669 -0.00633640278807 0.00864268935104 -0.000530686441053 -0.00554260851881 0.00864332418269 -0.00132852101974 -0.00474604385599 0.00855295697275 -0.00212365358654 -0.00395200457574 0.00837003944305 -0.000541036615838 -0.00711210063779 0.00846036389402 -0.00132596078949 -0.0063285971246 0.00846099044387 -0.00211338708968 -0.0055424241734 0.00837191503135 -0.00289821145675 -0.00475867771967 0.00846415934639 0.00186284274707 -0.00155985779437 0.00837508385423 0.00107801845963 -0.00077621134058 -0.00518847826605 -0.0100713201888 0.0119511192437 -0.00768977747297 -0.0100713217749 0.0119531110951 -0.00518847826605 0.0100712734247 0.0119671593341 -0.00768977747297 0.0100712718385 0.0119691511855 -0.00519295306474 -0.0100776453881 0.00633181420681 -0.00769425227166 -0.0100776469742 0.00633380605818 -0.00519295306474 0.0100655482252 0.00634785477501 -0.00769425227166 0.010065546639 0.00634984662638 -0.00769425227166 -0.00721584788163 0.00633608498596 -0.00729427759837 -0.00719752243533 0.0119550846317 -0.00729427759837 0.00720957299664 0.0119665573902 -0.00643907786953 -0.0100713209818 0.0119521151296 -0.00643907786953 0.0100712726316 0.01196815522 -0.00643907786953 -0.00719752189301 0.0119544036133 -0.00643907786953 0.00720957353895 0.0119658763719 -0.0072956694182 -0.00719613061594 0.01020728574 -0.0072956694182 0.00721096481602 0.0102187584986 -0.00644046968935 -0.00719613007363 0.0102066047216 -0.00644046968935 0.00721096535834 0.0102180774802 -0.00774667739071 -0.00725292276316 -0.0106483135607 -0.00774667739071 -0.00585912320509 -0.0106472036405 -0.00774731477061 -0.00725228538346 -0.0114487130531 -0.00774731477061 -0.00585848582539 -0.0114476031329 -0.00774731477061 -0.00514088605292 -0.0114470316889 -0.00774667739071 -0.00514152343262 -0.0106466321964 -0.00774731477061 -0.00374718649482 -0.0114459218483 -0.00774731477061 0.00369321114607 -0.0114399968591 -0.00774731477061 0.00508701070414 -0.0114388869389 -0.00774731477061 0.00580461047661 -0.0114383154949 -0.00774667739071 0.00580397309691 -0.0106379160024 -0.00774731477061 0.00719841003468 -0.0114372055747 -0.00774667739071 0.00719777265498 -0.0106368060823 -0.00773725915507 0.00749625432471 0.00119053160675 -0.00773725915507 0.00669585457849 0.00118989422685 -0.00773614931453 0.0066947447383 0.00258359334305 -0.00773614931453 0.00749514448452 0.00258423072295 -0.00773549154867 -0.0076648084746 0.00339815844365 -0.00773549154867 -0.00627100891653 0.00339926836382 -0.00773612892857 -0.00766417109491 0.00259775895121 -0.00773612892857 -0.00627037153684 0.00259886887138 -0.00774667739071 0.00508637332444 -0.0106384874465 -0.00774667739071 0.00369257376637 -0.0106395973666 -0.00774667739071 -0.00374782387451 -0.0106455223559 -0.00684667767607 0.00508637389517 -0.0106392041403 -0.00684667767607 0.00369257433709 -0.0106403140605 -0.00684731505597 0.00369321171679 -0.0114407135529 -0.00684731505597 0.00508701127486 -0.0114396036327 -0.00684667767607 0.00719777322571 -0.0106375227761 -0.00684667767607 0.00580397366764 -0.0106386326962 -0.00684731505597 0.00580461104733 -0.0114390321887 -0.00684731505597 0.0071984106054 -0.0114379222685 -0.00684731505597 -0.0051408854822 -0.0114477483827 -0.00684731505597 -0.00374718592409 -0.0114466385421 -0.00684667767607 -0.00374782330379 -0.0106462390497 -0.00684667767607 -0.00514152286189 -0.0106473488902 -0.00684731505597 -0.00725228481274 -0.0114494297469 -0.00684731505597 -0.00585848525467 -0.0114483198267 -0.00684667767607 -0.00585912263437 -0.0106479203343 -0.00684667767607 -0.00725292219244 -0.0106490302545 -0.00683612921393 -0.00627037096611 0.00259815217757 -0.00683549183403 -0.00627100834581 0.00339855167001 -0.00683549183403 -0.00766480790388 0.00339744174984 -0.00683612921393 -0.00766417052418 0.0025970422574 -0.00683614959989 0.00749514505524 0.00258351402914 -0.00683614959989 0.00669474530902 0.00258287664924 -0.00683725944043 0.00669585514921 0.00118917753304 -0.00683725944043 0.00749625489543 0.00118981491294</float_array><technique_common><accessor source="#mesh0-array" count="2308" stride="3"><param name="X" type="float" /><param name="Y" type="float" /><param name="Z" type="float" /></accessor></technique_common></source><vertices id="mesh0-vertices"><input semantic="POSITION" source="#mesh0-positions" /></vertices><triangles count="4246" material="mesh0-material0"><input semantic="VERTEX" source="#mesh0-vertices" offset="0" /><p>4 65 2 4 2 3 36 34 45 36 45 44 3 1 102 3 102 5 5 102 100 5 100 7 83 62 61 83 61 80 80 61 60 80 60 77 9 98 96 9 96 11 13 94 91 13 91 15 242 579 578 242 578 244 92 39 49 92 49 51 239 241 145 239 145 147 52 53 51 52 51 50 1 0 23 89 65 64 89 64 88 25 24 26 25 26 27 27 26 28 254 252 573 254 573 572 82 83 80 82 80 79 79 80 77 79 77 76 97 33 35 97 35 95 73 74 71 73 71 70 70 71 68 70 68 67 52 21 20 52 20 19 41 40 42 1 3 2 1 2 0 72 73 70 72 70 69 75 76 73 75 73 72 78 79 76 78 76 75 247 249 137 247 137 139 47 30 48 48 30 28 48 28 26 49 41 50 49 50 51 236 234 583 236 583 582 53 52 19 19 20 18 19 18 17 54 55 22 22 55 56 90 92 51 90 51 53 91 93 92 91 92 90 74 59 58 74 58 71 96 97 95 96 95 94 98 99 97 98 97 96 7 100 98 7 98 9 102 103 101 102 101 100 294 292 604 294 604 603 4 64 65 66 67 54 41 49 39 41 39 40 57 18 20 57 20 56 40 38 43 40 43 42 93 37 39 93 39 92 58 16 18 58 18 57 250 248 575 250 575 574 15 16 14 15 14 13 95 35 37 95 37 93 633 703 702 633 702 146 34 36 35 34 35 33 60 12 14 60 14 59 24 25 23 24 23 0 296 294 603 296 603 602 99 31 33 99 33 97 32 30 47 32 47 46 228 320 588 228 588 587 101 29 31 101 31 99 81 84 82 82 84 85 28 30 29 28 29 27 7 8 6 7 6 5 84 87 85 85 87 86 86 87 88 88 87 89 241 243 143 241 143 145 17 18 16 17 16 15 15 91 90 15 90 17 71 58 57 71 57 68 94 95 93 94 93 91 59 14 16 59 16 58 100 101 99 100 99 98 13 14 12 13 12 11 11 96 94 11 94 13 77 60 59 77 59 74 11 12 10 11 10 9 32 34 33 32 33 31 61 10 12 61 12 60 9 10 8 9 8 7 62 8 10 62 10 61 30 32 31 30 31 29 63 6 8 63 8 62 85 86 83 85 83 82 86 63 62 86 62 83 23 25 27 23 27 103 64 4 6 64 6 63 88 64 63 88 63 86 5 6 4 5 4 3 57 56 55 57 55 68 1 23 103 1 103 102 111 45 46 111 46 110 676 678 677 676 677 675 698 723 724 698 724 685 644 646 645 644 645 643 124 75 72 124 72 123 65 130 104 65 104 2 681 705 701 681 701 682 120 54 22 120 22 119 280 281 279 280 279 278 720 687 686 720 686 708 148 150 149 148 149 147 117 52 50 117 50 116 318 319 317 318 317 316 700 721 723 700 723 698 168 170 169 168 169 167 170 172 171 170 171 169 115 41 42 115 42 114 114 42 43 114 43 113 138 140 139 138 139 137 162 164 163 162 163 161 109 47 48 109 48 108 121 66 54 121 54 120 250 251 249 250 249 248 112 44 45 112 45 111 105 0 2 105 2 104 140 142 141 140 141 139 679 704 703 679 703 680 312 313 311 312 311 310 158 160 159 158 159 157 118 21 52 118 52 117 286 287 285 286 285 284 246 247 245 246 245 244 134 136 135 134 135 133 160 162 161 160 161 159 248 249 247 248 247 246 270 271 269 270 269 268 142 144 143 142 143 141 366 368 367 366 367 365 628 630 629 628 629 627 388 390 389 388 389 387 322 324 323 322 323 321 370 372 371 370 371 369 410 412 411 410 411 409 380 382 381 380 381 379 150 152 151 150 151 149 144 146 145 144 145 143 590 591 480 590 480 483 122 69 66 122 66 121 696 697 718 696 718 717 136 138 137 136 137 135 258 259 257 258 257 256 618 620 619 618 619 617 176 178 177 176 177 175 178 180 179 178 179 177 572 573 528 572 528 531 216 218 217 216 217 215 693 694 715 693 715 714 608 609 433 608 433 432 560 561 417 560 417 416 208 210 209 208 209 207 585 586 493 585 493 496 244 245 243 244 243 242 599 600 455 599 455 458 300 301 299 300 299 298 198 200 199 198 199 197 212 214 213 212 213 211 587 588 486 587 486 490 204 206 205 204 205 203 348 350 349 348 349 347 220 222 221 220 221 219 584 585 496 584 496 499 390 392 391 390 391 389 611 612 423 611 423 426 278 279 277 278 277 276 596 597 464 596 464 467 600 601 451 600 451 455 396 398 397 396 397 395 588 589 487 588 487 486 123 72 69 123 69 122 352 354 353 352 353 351 254 255 253 254 253 252 404 406 405 404 405 403 119 22 21 119 21 118 304 305 303 304 303 302 132 134 133 132 133 131 350 352 351 350 351 349 274 275 273 274 273 272 296 297 295 296 295 294 642 644 643 642 643 641 338 340 339 338 339 337 126 81 78 126 78 125 252 253 251 252 251 250 230 231 229 230 229 228 276 277 275 276 275 274 184 186 185 184 185 183 260 261 259 260 259 258 262 263 261 262 261 260 306 307 305 306 305 304 346 348 347 346 347 345 188 190 189 188 189 187 264 265 263 264 263 262 266 267 265 266 265 264 268 269 267 268 267 266 125 78 75 125 75 124 694 695 716 694 716 715 242 243 241 242 241 240 166 168 167 166 167 165 110 46 47 110 47 109 562 563 556 562 556 558 146 148 147 146 147 145 290 291 289 290 289 288 646 648 647 646 647 645 288 289 287 288 287 286 172 174 173 172 173 171 334 336 335 334 335 333 354 356 355 354 355 353 666 668 667 666 667 665 686 688 709 686 709 708 412 322 321 412 321 411 382 384 383 382 383 381 194 196 195 194 195 193 664 666 665 664 665 663 332 334 333 332 333 331 340 342 341 340 341 339 330 332 331 330 331 329 592 593 474 592 474 477 378 380 379 378 379 377 224 226 225 224 225 223 298 299 297 298 297 296 580 581 505 580 505 509 174 176 175 174 175 173 581 582 506 581 506 505 256 257 255 256 255 254 218 220 219 218 219 217 342 344 343 342 343 341 324 326 325 324 325 323 200 202 201 200 201 199 210 212 211 210 211 209 282 283 281 282 281 280 222 224 223 222 223 221 294 295 293 294 293 292 595 596 467 595 467 471 164 166 165 164 165 163 206 208 207 206 207 205 400 402 401 400 401 399 386 388 387 386 387 385 364 366 365 364 365 363 358 360 359 358 359 357 368 370 369 368 369 367 392 394 393 392 393 391 310 311 309 310 309 308 372 374 373 372 373 371 180 182 181 180 181 179 638 640 639 638 639 637 190 192 191 190 191 189 662 664 663 662 663 661 196 198 197 196 197 195 384 386 385 384 385 383 316 317 315 316 315 314 129 89 87 129 87 128 577 578 515 577 515 518 376 378 377 376 377 375 559 560 416 559 416 420 192 194 193 192 193 191 398 400 399 398 399 397 152 154 153 152 153 151 226 132 131 226 131 225 660 662 661 660 661 659 331 428 424 331 424 329 323 413 414 323 414 415 416 414 413 416 413 420 339 441 437 339 437 337 325 418 419 413 419 420 490 486 484 490 484 489 430 431 333 430 333 335 418 422 423 520 525 521 520 521 516 383 511 507 383 507 381 329 424 425 329 425 421 556 553 552 556 552 551 499 496 495 499 495 494 351 460 456 351 456 349 553 550 549 553 549 548 424 429 425 371 492 488 371 488 369 333 431 427 474 473 472 474 472 477 415 557 321 415 321 323 335 434 435 335 435 430 543 542 541 543 541 547 393 527 522 393 522 391 337 437 438 434 438 439 436 432 430 436 430 435 532 533 397 532 397 399 437 441 442 466 471 467 466 467 462 449 450 345 449 345 347 341 444 440 517 521 518 517 518 513 518 515 514 518 514 513 353 463 459 353 459 351 343 447 443 432 433 427 432 427 431 443 448 444 401 539 535 401 535 399 345 450 446 528 527 526 528 526 531 446 447 343 446 343 345 347 453 454 347 454 449 449 454 455 317 163 165 317 165 315 409 552 548 409 548 407 349 456 457 453 457 458 451 452 446 451 446 450 497 498 375 497 375 377 351 459 460 456 460 461 534 531 530 534 530 529 443 444 341 443 341 343 445 442 441 445 441 440 455 454 453 455 453 458 475 476 361 475 361 363 355 465 466 355 466 462 539 544 540 539 540 535 462 467 463 379 504 500 379 500 377 357 468 469 543 544 538 543 538 542 551 552 409 551 409 411 468 473 474 509 505 503 509 503 508 246 577 576 246 576 248 361 476 472 472 476 477 505 506 500 505 500 504 484 485 367 484 367 369 363 478 479 363 479 475 475 479 480 501 506 502 501 502 497 359 473 468 359 468 357 426 423 422 426 422 421 425 429 426 425 426 421 421 422 327 421 327 329 367 485 481 420 419 418 420 418 423 538 539 401 538 401 403 369 488 489 369 489 484 482 487 483 482 483 478 481 482 365 481 365 367 371 491 492 68 55 54 68 54 67 516 517 387 516 387 389 373 494 495 491 495 496 417 558 554 417 554 557 510 511 383 510 383 385 483 480 479 483 479 478 555 558 556 555 556 551 503 504 379 503 379 381 377 500 501 377 501 497 537 534 533 537 533 532 497 502 498 375 498 494 375 494 373 547 546 545 547 545 550 554 555 411 554 411 321 381 507 508 381 508 503 290 288 606 290 606 605 462 463 353 462 353 355 507 511 512 470 471 465 470 465 469 337 438 434 337 434 335 385 513 514 385 514 510 510 514 515 493 492 491 493 491 496 545 546 405 545 405 407 464 461 460 464 460 459 536 540 537 536 537 532 397 533 529 397 529 395 389 519 520 389 520 516 461 458 457 461 457 456 516 521 517 440 441 339 440 339 341 391 522 523 416 417 415 416 415 414 391 523 519 391 519 389 451 450 449 451 449 455 472 473 359 472 359 361 395 529 530 395 530 526 526 530 531 524 525 519 524 519 523 349 457 453 349 453 347 529 533 534 447 452 448 447 448 443 357 469 465 357 465 355 399 535 536 399 536 532 509 508 507 509 507 512 444 448 445 444 445 440 405 546 541 405 541 403 515 512 511 515 511 510 535 540 536 427 428 331 427 331 333 403 541 542 403 542 538 436 435 434 436 434 439 526 527 393 526 393 395 541 546 547 470 469 468 470 468 474 387 517 513 387 513 385 407 548 549 407 549 545 545 549 550 428 433 429 428 429 424 365 482 478 365 478 363 548 552 553 480 477 476 480 476 475 327 422 418 327 418 325 411 555 551 463 467 464 463 464 459 22 56 20 22 20 21 325 419 413 325 413 323 321 557 554 486 487 481 486 481 485 554 558 555 538 544 539 519 525 520 500 506 501 481 487 482 465 471 466 446 452 447 427 433 428 490 489 488 430 432 431 484 486 485 503 505 504 522 524 523 415 417 557 616 618 617 616 617 615 186 188 187 186 187 185 406 408 407 406 407 405 408 410 409 408 409 407 402 404 403 402 403 401 236 237 235 236 235 234 573 574 524 573 524 528 362 364 363 362 363 361 227 320 228 227 228 229 564 565 550 564 550 553 640 642 641 640 641 639 586 587 490 586 490 493 604 605 442 604 442 445 568 569 540 568 540 544 569 570 537 569 537 540 582 583 502 582 502 506 598 599 458 598 458 461 116 50 41 116 41 115 565 566 547 565 547 550 622 624 623 622 623 621 575 576 521 575 521 525 328 330 329 328 329 327 561 562 558 561 558 417 578 579 512 578 512 515 594 595 471 594 471 470 336 338 337 336 337 335 356 358 357 356 357 355 574 575 525 574 525 524 202 204 203 202 203 201 182 184 183 182 183 181 570 571 534 570 534 537 240 241 239 240 239 238 374 376 375 374 375 373 360 362 361 360 361 359 614 616 615 614 615 613 610 611 426 610 426 429 591 592 477 591 477 480 154 156 155 154 155 153 593 594 470 593 470 474 583 584 499 583 499 502 344 346 345 344 345 343 636 638 637 636 637 635 597 598 461 597 461 464 579 580 509 579 509 512 576 577 518 576 518 521 718 697 707 718 707 719 609 610 429 609 429 433 683 706 699 683 699 684 589 590 483 589 483 487 234 235 233 234 233 232 292 293 291 292 291 290 606 607 436 606 436 439 214 216 215 214 215 213 232 233 231 232 231 230 605 606 439 605 439 442 602 603 448 602 448 452 690 691 712 690 712 711 668 670 669 668 669 667 601 602 452 601 452 451 571 572 531 571 531 534 674 676 675 674 675 673 127 84 81 127 81 126 607 608 432 607 432 436 624 626 625 624 625 623 563 564 553 563 553 556 630 632 631 630 631 629 632 634 633 632 633 631 626 628 627 626 627 625 108 48 26 108 26 107 566 567 543 566 543 547 682 701 636 682 636 635 658 660 659 658 659 657 107 26 24 107 24 106 156 158 157 156 157 155 128 87 84 128 84 127 692 693 714 692 714 713 106 24 0 106 0 105 394 396 395 394 395 393 680 703 633 680 633 634 648 650 649 648 649 647 654 656 655 654 655 653 308 309 307 308 307 306 620 622 621 620 621 619 652 654 653 652 653 651 614 679 616 307 173 175 307 175 305 632 680 634 616 632 618 618 632 630 618 630 620 620 630 628 620 628 622 622 628 626 622 626 624 655 681 653 680 632 616 680 616 679 637 682 635 653 637 651 651 637 639 651 639 649 649 639 641 649 641 647 647 641 643 647 643 645 677 683 675 682 637 653 682 653 681 659 684 657 675 659 673 673 659 661 673 661 671 671 661 663 671 663 669 669 663 665 669 665 667 559 276 560 69 70 67 69 67 66 278 276 559 278 559 612 227 159 161 227 161 319 36 38 37 36 37 35 38 40 39 38 39 37 244 578 577 244 577 246 373 495 491 373 491 371 567 262 568 498 502 499 498 499 494 292 290 605 292 605 604 240 238 581 240 581 580 242 240 580 242 580 579 296 602 601 296 601 298 258 570 569 258 569 260 300 600 599 300 599 302 575 248 576 304 302 598 304 598 597 306 304 597 306 597 596 308 306 596 308 596 595 308 595 594 308 594 310 310 594 593 310 593 312 319 161 163 319 163 317 314 592 591 314 591 316 583 234 584 286 608 607 286 607 288 284 609 608 284 608 286 229 157 159 229 159 227 228 587 586 228 586 230 230 586 585 230 585 232 232 585 584 232 584 234 590 316 591 528 524 522 528 522 527 238 236 582 238 582 581 280 278 612 280 612 611 282 280 611 282 611 610 103 27 29 103 29 101 298 601 600 298 600 300 38 36 44 38 44 43 598 302 599 442 439 438 442 438 437 252 250 574 252 574 573 154 650 648 154 648 156 254 572 571 254 571 256 256 571 570 256 570 258 312 593 592 312 592 314 260 569 568 260 568 262 606 288 607 264 262 567 264 567 566 266 264 566 266 566 565 268 266 565 268 565 564 268 564 563 268 563 270 270 563 562 270 562 272 318 316 590 318 590 589 301 179 181 301 181 299 133 253 131 131 253 255 131 255 225 225 255 257 225 257 223 223 257 259 223 259 221 221 259 261 221 261 219 219 261 263 219 263 217 217 263 265 217 265 215 215 265 267 215 267 213 213 267 269 213 269 211 211 269 271 211 271 209 209 271 273 209 273 207 207 273 275 207 275 205 205 275 277 205 277 203 203 277 279 203 279 201 201 279 281 201 281 199 199 281 283 199 283 197 197 283 285 197 285 195 195 285 287 195 287 193 193 287 289 193 289 191 191 289 291 191 291 189 189 291 293 189 293 187 187 293 295 187 295 185 185 295 297 185 297 183 183 297 299 183 299 181 251 253 133 251 133 135 249 251 135 249 135 137 245 247 139 245 139 141 243 245 141 243 141 143 309 171 173 309 173 307 34 32 46 34 46 45 493 490 488 493 488 492 235 237 149 235 149 151 233 235 151 233 151 153 231 233 153 231 153 155 229 231 155 229 155 157 282 610 609 282 609 284 320 318 589 320 589 588 272 562 561 272 561 274 274 561 560 274 560 276 315 165 167 315 167 313 313 167 169 313 169 311 311 169 171 311 171 309 719 720 709 719 709 717 81 82 79 81 79 78 305 175 177 305 177 303 303 177 179 303 179 301 132 621 623 132 623 134 180 670 668 180 668 182 138 136 625 138 625 627 196 697 696 196 696 198 214 212 689 214 689 688 140 138 627 140 627 629 613 220 218 700 706 678 700 678 170 636 701 700 636 700 170 218 216 686 172 678 676 172 676 174 190 188 662 190 662 660 200 695 694 200 694 202 202 694 693 202 693 204 204 693 692 204 692 206 184 182 668 184 668 666 178 672 670 178 670 180 188 186 664 188 664 662 174 676 674 174 674 176 216 214 688 216 688 686 697 196 194 658 699 698 658 698 194 686 687 685 686 685 218 194 192 658 168 166 638 168 638 636 142 140 629 142 629 631 176 674 672 176 672 178 210 208 691 210 691 690 144 142 631 144 631 633 208 206 692 208 692 691 226 619 621 226 621 132 625 136 134 625 134 623 222 615 617 222 617 224 192 190 660 192 660 658 678 172 170 698 707 697 698 697 194 702 705 656 702 656 146 170 168 636 148 656 654 148 654 150 90 53 19 90 19 17 186 184 666 186 666 664 164 162 642 164 642 640 156 648 646 156 646 158 224 617 619 224 619 226 152 652 650 152 650 154 162 160 644 162 644 642 166 164 640 166 640 638 198 696 695 198 695 200 656 148 146 237 239 147 237 147 149 685 704 613 685 613 218 146 144 633 220 613 615 220 615 222 150 654 652 150 652 152 160 158 646 160 646 644 212 210 690 212 690 689 704 685 702 704 702 703 705 702 700 705 700 701 698 699 700 700 699 706 707 698 685 707 685 687 320 227 319 320 319 318 326 328 327 326 327 325 612 559 420 612 420 423 603 604 445 603 445 448 695 696 717 695 717 716 688 689 710 688 710 709 689 690 711 689 711 710 302 303 301 302 301 300 238 239 237 238 237 236 272 273 271 272 271 270 718 719 717 684 659 675 684 675 683 717 709 710 709 720 708 717 710 716 716 710 711 716 711 715 715 711 712 715 712 714 714 712 713 691 692 713 691 713 712 650 652 651 650 651 649 614 613 704 614 704 679 76 77 74 76 74 73 670 672 671 670 671 669 655 656 705 655 705 681 702 722 721 702 721 700 130 65 89 130 89 129 719 707 687 719 687 720 567 568 544 567 544 543 284 285 283 284 283 282 685 724 722 685 722 702 684 699 658 684 658 657 113 43 44 113 44 112 677 678 706 677 706 683 314 315 313 314 313 312 722 124 721 721 124 123 721 123 122 724 104 722 722 104 130 722 130 129 723 111 724 724 111 110 724 110 109 721 117 723 723 117 116 723 116 115 129 128 722 722 128 127 722 127 126 126 125 722 722 125 124 122 121 721 721 121 120 721 120 119 119 118 721 721 118 117 115 114 723 723 114 113 723 113 112 112 111 723 109 108 724 724 108 107 724 107 106 106 105 724 724 105 104 672 674 673 672 673 671 727 726 728 727 728 729 1538 1508 1506 1538 1506 1502 1086 1340 1339 1086 1339 1084 840 841 839 840 839 838 1770 1586 1768 1770 1768 1769 736 737 738 737 739 740 740 739 741 740 741 742 742 741 743 743 741 744 743 744 745 745 744 746 1280 1278 1317 1280 1317 1315 748 747 749 748 749 750 747 751 749 765 767 766 765 766 764 753 752 754 753 754 755 755 754 756 1538 1504 1537 1538 1537 1536 756 754 758 758 754 759 758 759 760 760 759 761 761 759 762 932 930 975 932 975 969 762 759 764 764 759 765 766 767 768 766 768 769 1044 1043 1180 1044 1180 1178 771 770 772 771 772 773 771 773 774 774 773 775 774 775 776 776 775 777 776 777 778 918 862 922 918 922 921 782 781 783 782 783 784 784 783 785 785 783 786 785 786 787 787 786 788 802 869 804 802 804 803 791 792 793 793 792 794 794 792 795 794 795 796 796 797 794 794 797 798 794 798 799 799 798 800 799 800 801 801 800 802 801 802 803 998 997 1270 998 1270 1268 797 806 798 1016 1224 1222 1016 1222 1017 808 807 809 808 809 810 808 810 802 802 810 811 802 811 812 812 811 813 811 814 813 813 814 815 813 815 816 813 816 817 817 816 818 817 818 819 820 821 819 819 821 817 827 828 826 827 826 825 831 817 821 831 821 826 821 823 825 821 825 826 822 824 823 872 873 871 872 871 870 825 829 827 828 830 826 826 830 831 831 830 832 831 832 833 831 833 834 834 833 835 834 835 836 836 837 834 1305 1350 1349 1305 1349 1307 841 840 842 837 843 838 838 843 844 1668 1669 1482 1668 1482 1480 845 846 847 848 849 847 770 771 769 770 769 768 845 850 851 845 851 852 852 851 853 852 853 840 840 853 854 1093 1096 1357 1093 1357 1356 855 854 856 848 857 849 849 857 858 849 858 859 790 792 791 790 791 789 859 861 862 859 862 849 786 790 789 786 789 788 865 864 866 866 864 729 729 864 727 812 867 802 802 867 868 802 868 869 805 870 871 890 854 888 890 888 889 873 872 874 873 874 875 873 875 876 2045 2046 2044 2045 2044 2043 877 878 879 883 884 880 883 880 882 880 881 882 2110 2108 2105 2110 2105 2104 884 883 885 876 878 877 876 877 873 886 887 888 887 889 888 981 973 974 981 974 976 854 890 856 840 891 892 840 892 842 893 894 895 895 894 896 895 896 760 760 896 897 760 897 898 893 763 769 893 769 894 763 766 769 899 900 757 757 900 748 757 748 750 900 899 901 901 899 758 901 758 902 902 758 903 903 758 904 904 758 760 904 760 898 807 808 798 807 798 806 906 907 908 769 771 909 909 771 906 909 906 910 910 906 908 905 907 906 905 906 776 793 912 913 793 913 791 799 914 911 911 914 915 911 915 916 851 850 917 917 850 918 917 918 919 919 918 920 920 918 921 911 937 912 911 912 793 922 862 923 923 862 861 738 924 736 736 924 925 736 925 926 926 925 927 1569 1587 1585 1569 1585 1571 805 871 803 805 803 804 822 823 821 822 821 820 933 932 934 933 934 748 748 934 935 748 935 936 936 746 748 801 914 799 916 937 911 778 938 776 776 938 905 928 927 979 928 979 977 956 954 968 956 968 967 1856 1857 1776 1856 1776 1775 1462 1463 1461 1462 1461 1460 939 943 949 957 949 950 957 950 952 963 948 946 963 946 962 961 963 962 961 962 960 947 951 950 947 950 945 989 990 982 989 982 984 988 989 984 988 984 986 956 939 957 957 939 949 975 977 976 975 976 974 977 979 978 977 978 976 951 953 952 951 952 950 972 988 986 972 986 971 968 974 973 968 973 967 956 957 952 956 952 954 966 965 941 944 941 964 964 941 965 746 936 951 746 951 947 1788 1787 861 1788 861 863 1501 1503 1502 1501 1502 1500 1954 1833 1832 1954 1832 1953 1567 1888 1887 1567 1887 1383 1931 1932 1826 1931 1826 1825 940 967 973 945 950 949 945 949 943 953 955 954 953 954 952 985 987 986 985 986 984 983 985 984 983 984 982 944 964 962 944 962 946 965 966 958 965 958 960 980 940 981 981 940 973 877 1620 1619 877 1619 873 969 975 974 969 974 968 959 961 960 959 960 958 964 965 960 964 960 962 1768 1586 1588 1768 1588 1767 980 981 976 980 976 978 990 989 942 972 942 988 988 942 989 1488 1489 1487 1488 1487 1486 1609 1611 1610 1609 1610 1608 1934 1935 1823 1934 1823 1822 1222 1224 1223 1222 1223 1221 754 1002 1041 754 1041 759 1020 860 859 1020 859 1019 1050 1051 781 1050 781 779 1105 1106 1104 1105 1104 1103 1132 1134 1133 1132 1133 1131 954 955 969 954 969 968 1007 832 830 1007 830 1006 993 994 733 993 733 731 1292 1294 1293 1292 1293 1291 1156 1158 1157 1156 1157 1155 1539 1540 1457 1539 1457 1458 1152 1154 1153 1152 1153 1151 1095 1096 1093 1095 1093 1094 1224 1226 1225 1224 1225 1223 1018 858 857 1018 857 1017 1262 1264 1263 1262 1263 1261 1117 1118 1116 1117 1116 1115 1113 1114 1112 1113 1112 1111 1254 1256 1255 1254 1255 1253 1043 1044 768 1043 768 767 1107 1108 1106 1107 1106 1105 1472 1473 1471 1472 1471 1470 1035 816 815 1035 815 1034 995 996 739 995 739 735 1188 1190 1189 1188 1189 1187 1025 795 792 1025 792 1024 1020 1021 864 1020 864 860 1006 830 828 1006 828 1005 999 1000 751 999 751 747 1276 1278 1277 1276 1277 1275 1278 1280 1279 1278 1279 1277 994 995 735 994 735 733 1045 1046 772 1045 772 770 1908 1909 1751 1908 1751 1750 1196 1198 1197 1196 1197 1195 1044 1045 770 1044 770 768 1295 1296 1089 1295 1089 1090 1017 857 848 1017 848 1016 1138 1140 1139 1138 1139 1137 1294 1296 1295 1294 1295 1293 1160 1162 1161 1160 1161 1159 1478 1479 1477 1478 1477 1476 991 992 725 991 725 727 1101 1102 1100 1101 1100 1099 1005 828 827 1005 827 1004 1508 1509 1507 1508 1507 1506 1134 1136 1135 1134 1135 1133 1039 822 820 1039 820 1038 1067 1068 1066 1067 1066 1065 1027 797 796 1027 796 1026 1038 820 819 1038 819 1037 1019 859 858 1019 858 1018 1026 796 795 1026 795 1025 1305 1307 1306 1305 1306 1304 1861 1773 1772 1861 1772 1860 1057 1058 1055 1057 1055 1056 1119 1120 1118 1119 1118 1117 1307 1309 1308 1307 1308 1306 1032 811 810 1032 810 1031 1313 1315 1314 1313 1314 1312 1003 825 1325 1003 1325 1128 1288 1290 1289 1288 1289 1287 1087 1090 1089 1087 1089 1088 1077 1078 1076 1077 1076 1075 1740 1741 919 1740 919 920 1230 1232 1231 1230 1231 1229 1071 1072 1070 1071 1070 1069 1008 833 832 1008 832 1007 1115 1116 1114 1115 1114 1113 1097 1098 1096 1097 1096 1095 1320 1321 1274 1320 1274 1273 1299 1298 1092 1299 1092 1091 1083 1084 1082 1083 1082 1081 1024 792 790 1024 790 1023 1031 810 809 1031 809 1030 1099 1100 1098 1099 1098 1097 1109 1110 1108 1109 1108 1107 1319 1321 1320 1319 1320 1318 1317 1319 1318 1317 1318 1316 1081 1082 1080 1081 1080 1079 1065 1066 1064 1065 1064 1063 1315 1317 1316 1315 1316 1314 1022 1023 790 1022 790 786 1000 1001 752 1000 752 751 992 993 731 992 731 725 1218 1220 1219 1218 1219 1217 1280 1282 1281 1280 1281 1279 1252 1254 1253 1252 1253 1251 1046 1047 773 1046 773 772 1085 1086 1084 1085 1084 1083 1174 1176 1175 1174 1175 1173 1087 1088 1086 1087 1086 1085 1286 1288 1287 1286 1287 1285 1016 848 847 1016 847 1015 1130 1132 1131 1130 1131 1129 991 1298 1322 991 1322 1324 1244 1246 1245 1244 1245 1243 1180 1182 1181 1180 1181 1179 1048 1049 777 1048 777 775 1260 1262 1261 1260 1261 1259 1200 1166 1165 1200 1165 1199 1212 1214 1213 1212 1213 1211 1325 825 823 1325 823 1326 1037 819 818 1037 818 1036 1178 1180 1179 1178 1179 1177 1123 1124 1122 1123 1122 1121 1248 1250 1249 1248 1249 1247 1154 1156 1155 1154 1155 1153 1148 1150 1149 1148 1149 1147 1270 1272 1271 1270 1271 1269 864 1021 991 864 991 727 1176 1178 1177 1176 1177 1175 1150 1152 1151 1150 1151 1149 1073 1074 1072 1073 1072 1071 1170 1172 1171 1170 1171 1169 1184 1186 1185 1184 1185 1183 1146 1148 1147 1146 1147 1145 1238 1240 1239 1238 1239 1237 1232 1234 1233 1232 1233 1231 1234 1236 1235 1234 1235 1233 1136 1138 1137 1136 1137 1135 783 1052 1022 783 1022 786 1125 1128 1127 1125 1127 1126 1075 1076 1074 1075 1074 1073 1264 1266 1265 1264 1265 1263 1164 1130 1129 1164 1129 1163 1236 1202 1201 1236 1201 1235 1029 807 806 1029 806 1028 1198 1200 1199 1198 1199 1197 1214 1216 1215 1214 1215 1213 1208 1210 1209 1208 1209 1207 1192 1194 1193 1192 1193 1191 1226 1228 1227 1226 1227 1225 1111 1112 1110 1111 1110 1109 1242 1244 1243 1242 1243 1241 1021 1092 1298 1021 1298 991 1002 1320 1273 1002 1273 1041 1206 1208 1207 1206 1207 1205 1011 837 836 1011 836 1010 1186 1188 1187 1186 1187 1185 1297 1323 1041 1297 1041 1273 1140 1142 1141 1140 1141 1139 1210 1212 1211 1210 1211 1209 1246 1248 1247 1246 1247 1245 1266 1268 1267 1266 1267 1265 1162 1164 1163 1162 1163 1161 1052 1295 1090 1052 1090 1022 1001 1002 754 1001 754 752 1204 1206 1205 1204 1205 1203 1041 1042 765 1041 765 759 1258 1260 1259 1258 1259 1257 1168 1170 1169 1168 1169 1167 1172 1174 1173 1172 1173 1171 1033 814 811 1033 811 1032 1272 1238 1237 1272 1237 1271 1090 1054 1040 1090 1040 1022 1012 843 837 1012 837 1011 1216 1218 1217 1216 1217 1215 1194 1196 1195 1194 1195 1193 1158 1160 1159 1158 1159 1157 1268 1270 1269 1268 1269 1267 1309 1311 1310 1309 1310 1308 1323 1297 1295 1323 1295 1052 1202 1204 1203 1202 1203 1201 1324 1322 1320 1324 1320 1002 1004 1003 1210 1004 1210 1208 1128 1209 1211 1128 1211 1213 1207 1125 1123 1025 1024 1154 1025 1154 1152 1007 1006 1206 1007 1206 1204 1008 1007 1204 1008 1204 1202 1201 1117 1115 1034 1033 1136 1034 1136 1134 1010 1236 1234 1010 1234 1011 1233 1111 1231 1231 1111 1109 1231 1109 1229 1229 1109 1107 1229 1107 1227 1014 1013 1228 1014 1228 1226 1015 1014 1226 1015 1226 1224 1223 1103 1101 1117 1201 1203 1117 1203 1119 1026 1025 1152 1026 1152 1150 1006 1005 1208 1006 1208 1206 1217 1095 1094 1020 1218 1216 1020 1216 1021 1215 1092 1213 1213 1092 1128 1090 1159 1054 1054 1159 1161 1155 1090 1087 1155 1087 1153 1056 1163 1057 1153 1085 1083 1153 1083 1151 1307 1349 1348 1307 1348 1309 1149 1081 1079 1149 1079 1147 1063 1133 1065 1103 1223 1225 1103 1225 1105 1105 1225 1227 1105 1227 1107 1069 1137 1139 1069 1139 1071 1071 1139 1141 1071 1141 1073 1073 1141 1143 1137 1069 1067 1137 1067 1135 1028 1148 1146 1028 1146 1029 1077 1147 1079 1119 1203 1205 1119 1205 1121 1037 1130 1164 1037 1164 1038 1085 1153 1087 1023 1022 1156 1023 1156 1154 1090 1155 1157 1090 1157 1159 1051 1052 783 1051 783 781 1299 1301 1300 1299 1300 1298 1030 809 807 1030 807 1029 1092 1094 1093 1092 1093 1091 1290 1292 1291 1290 1291 1289 1103 1104 1102 1103 1102 1101 1047 1048 775 1047 775 773 1061 1062 1060 1061 1060 1059 1063 1064 1062 1063 1062 1061 1125 1126 1124 1125 1124 1123 1010 836 835 1010 835 1009 1273 1185 1297 1297 1185 1187 1297 1187 1189 1041 1184 1182 1041 1182 1042 1273 1183 1185 1043 1042 1182 1043 1182 1180 999 1266 1264 999 1264 1000 1312 1314 1265 1312 1265 1267 1687 1496 1494 1687 1494 1686 1145 1147 1077 1145 1077 1075 1301 1352 1351 1301 1351 1303 1169 1287 1167 1049 1048 1168 1049 1168 1166 1165 1289 1291 1050 1166 1200 1050 1200 1051 1018 1220 1218 1018 1218 1019 1197 1295 1195 1195 1295 1193 1193 1295 1297 1193 1297 1191 1191 1297 1189 1274 1276 1275 1274 1275 1273 1282 1284 1283 1282 1283 1281 1301 1303 1302 1301 1302 1300 998 999 747 998 747 744 1144 1146 1145 1144 1145 1143 996 997 741 996 741 739 750 755 756 750 756 757 1014 846 844 1014 844 1013 1059 1060 1058 1059 1058 1057 1079 1080 1078 1079 1078 1077 1121 1122 1120 1121 1120 1119 1051 1200 1198 1051 1198 1052 1298 1245 1247 1298 1247 1249 993 992 1244 993 1244 1242 1241 1302 1304 994 1242 1240 994 1240 995 1239 1306 1237 996 995 1238 996 1238 1272 997 996 1272 997 1272 1270 1045 1176 1174 1045 1174 1046 844 846 845 844 845 838 1017 1222 1220 1017 1220 1018 1000 1264 1262 1000 1262 1001 1262 1260 1002 1262 1002 1001 1322 1257 1320 1320 1257 1259 1298 1249 1322 1322 1249 1251 1322 1251 1253 1253 1255 1322 1322 1255 1257 1293 1295 1197 1293 1197 1199 1052 1198 1196 1052 1196 1194 1302 1241 1243 1302 1243 1300 1166 1050 1049 1304 1306 1239 1304 1239 1241 1168 1048 1170 1285 1287 1169 1285 1169 1171 1283 1285 1171 1283 1171 1173 1281 1283 1173 1281 1173 1175 1281 1175 1177 1281 1177 1279 1279 1177 1179 1279 1179 1277 1316 1318 1261 1316 1261 1263 1320 1259 1261 1320 1261 1318 1323 1186 1041 1041 1186 1184 1052 1194 1323 1323 1194 1192 1323 1192 1190 1190 1188 1323 1323 1188 1186 1161 1163 1056 1161 1056 1054 1040 1162 1160 1040 1160 1158 1164 1039 1038 1277 1179 1181 1277 1181 1275 1129 1131 1061 1129 1061 1059 1131 1133 1063 1131 1063 1061 1134 1035 1034 1135 1067 1065 1135 1065 1133 1029 1146 1144 1029 1144 1030 1138 1032 1140 1140 1032 1031 1140 1031 1142 1142 1031 1030 1142 1030 1144 1143 1145 1075 1143 1075 1073 1009 1202 1236 1009 1236 1010 1148 1028 1027 1035 1134 1132 1035 1132 1036 1151 1083 1081 1151 1081 1149 1163 1129 1059 1163 1059 1057 1154 1024 1023 1632 1517 1519 1632 1519 1631 1156 1022 1158 1158 1022 1040 1039 1164 1162 1039 1162 1040 1021 1216 1214 1021 1214 1212 1218 1020 1019 1097 1095 1217 1097 1217 1219 1099 1097 1219 1099 1219 1221 1101 1099 1221 1101 1221 1223 1224 1016 1015 2048 2053 2050 2048 2050 2049 1228 1013 1230 1230 1013 1012 1230 1012 1232 1232 1012 1011 1232 1011 1234 1033 1032 1138 1033 1138 1136 1115 1113 1235 1115 1235 1201 1202 1009 1008 1027 1026 1150 1027 1150 1148 1036 1132 1130 1036 1130 1037 1121 1205 1207 1121 1207 1123 1208 1005 1004 1094 1092 1215 1094 1215 1217 1210 1003 1212 1212 1003 1021 781 782 780 781 780 779 1002 1260 1258 838 839 834 838 834 837 1314 1316 1263 1314 1263 1265 1045 1044 1178 1045 1178 1176 1312 1267 1269 1312 1269 1310 1046 1174 1172 1046 1172 1047 1047 1172 1170 1047 1170 1048 1238 995 1240 860 863 861 860 861 859 1242 994 993 1648 1413 1464 1648 1464 1462 1300 1243 1245 1300 1245 1298 1246 991 1248 1248 991 1250 1250 991 1324 1250 1324 1252 1252 1324 1254 1254 1324 1256 1256 1324 1258 1258 1324 1002 1034 815 814 1034 814 1033 1256 1258 1257 1256 1257 1255 1009 835 833 1009 833 1008 1326 823 1040 1326 1040 1054 1128 1325 1127 1250 1252 1251 1250 1251 1249 829 825 1003 1284 1286 1285 1284 1285 1283 1042 1043 767 1042 767 765 1166 1168 1167 1166 1167 1165 1013 844 843 1013 843 1012 1240 1242 1241 1240 1241 1239 1220 1222 1221 1220 1221 1219 1142 1144 1143 1142 1143 1141 1896 2041 2042 1896 2042 1898 1190 1192 1191 1190 1191 1189 1182 1184 1183 1182 1183 1181 1303 1305 1304 1303 1304 1302 1228 1230 1229 1228 1229 1227 1054 1053 1326 823 824 1040 1003 1128 1092 1003 1092 1021 1851 1852 1616 1851 1616 1617 733 734 732 733 732 731 1709 1525 1527 1709 1527 1708 1308 1271 1237 1308 1237 1306 864 865 863 864 863 860 879 881 880 879 880 877 1653 1470 1468 1653 1468 1652 1534 1512 1510 1534 1510 1536 1310 1269 1271 1310 1271 1308 1678 1679 1488 1678 1488 1486 1420 1415 1414 1420 1414 1419 2107 2120 2118 2107 2118 2106 1373 1374 1375 1404 1398 1400 1404 1400 1403 2119 1926 1925 2119 1925 2118 2060 2058 2055 2060 2055 2054 1977 1978 1973 1977 1973 1975 1380 1381 1382 2016 2025 1856 2016 1856 1855 1412 1413 1411 1412 1411 1410 1653 1652 2046 1653 2046 2045 1402 1397 1396 1402 1396 1401 1420 1417 1416 1420 1416 1415 1391 1392 1393 2122 2121 1640 2122 1640 1639 1907 1997 1999 1907 1999 1908 2042 2041 2040 2042 2040 2039 2048 2049 2044 2048 2044 2046 1398 1399 1400 1370 1372 1371 1370 1371 1369 2109 1642 1641 2109 1641 2120 1641 1640 2121 1641 2121 2120 1384 1379 1378 1384 1378 1383 1390 1392 1391 1390 1391 1389 1409 1410 1411 1991 1666 1665 1991 1665 2002 1914 2023 2024 1914 2024 1916 2148 2149 2147 2148 2147 2146 2151 2152 2147 2151 2147 2149 1416 1417 1418 2134 2146 1918 2134 1918 1917 1955 1672 1671 1955 1671 1974 2039 2040 1691 2039 1691 1690 1451 1453 1452 1451 1452 1450 1425 1426 1427 1960 1961 1959 1960 1959 1957 1953 1930 2066 1953 2066 2065 1662 1661 2018 1662 2018 2020 2092 2097 1707 2092 1707 1706 1434 1436 1432 2142 2144 2156 2142 2156 2153 2013 2011 2008 2013 2008 2007 1448 1449 1447 1448 1447 1446 1457 1448 1446 1457 1446 1455 2074 2079 1701 2074 1701 1700 1443 1444 1445 1428 1429 1427 1428 1427 1426 1870 1869 1961 1870 1961 1960 2153 2154 1632 2153 1632 1631 2009 1687 1686 2009 1686 2008 1452 1454 1450 2065 2066 2064 2065 2064 2062 1437 1428 1426 1437 1426 1432 1998 1906 1912 1998 1912 2013 2068 2069 1945 2068 1945 1944 1311 1313 1312 1311 1312 1310 1923 1801 1854 1923 1854 1922 1735 933 748 1735 748 1746 1940 1766 1765 1940 1765 1939 2170 2172 2171 2170 2171 2169 1789 1788 863 1789 863 865 959 958 971 959 971 970 1466 1467 1465 1466 1465 1464 1530 1531 1529 1530 1529 1528 1520 1521 1519 1520 1519 1518 1569 1571 1570 1569 1570 1568 1837 1818 905 1837 905 938 1476 1477 1475 1476 1475 1474 740 959 970 740 970 737 1480 1481 1479 1480 1479 1478 1599 1601 1600 1599 1600 1598 1484 1485 1483 1484 1483 1482 1950 1807 1806 1950 1806 1949 1518 1519 1517 1518 1517 1516 1532 1533 1531 1532 1531 1530 2159 906 771 2159 771 2160 2174 850 849 2174 849 2173 941 944 943 941 943 939 1522 1523 1521 1522 1521 1520 944 946 945 944 945 943 1543 1544 1439 1543 1439 1440 1524 1525 1523 1524 1523 1522 978 979 983 978 983 982 1883 1884 1811 1883 1811 1809 1510 1511 1509 1510 1509 1508 1867 1868 1764 1867 1764 1763 1514 1515 1513 1514 1513 1512 1938 1753 1752 1938 1752 1937 1496 1497 1495 1496 1495 1494 1891 1785 1784 1891 1784 1890 1506 1507 1505 1506 1505 1459 905 1818 1727 905 1727 907 1526 1527 1525 1526 1525 1524 1754 1753 1938 1754 1938 1872 1492 1493 1491 1492 1491 1490 1036 818 816 1036 816 1035 1587 1589 1588 1587 1588 1586 1736 1737 929 1736 929 931 1003 1004 827 1003 827 829 1541 1448 1457 1541 1457 1540 1449 1448 1541 1449 1541 1542 1406 1548 1549 1406 1549 1550 1370 1563 1562 1370 1562 1378 1414 1551 1552 1550 1551 1414 1550 1414 1406 1559 1401 1396 1559 1396 1558 1388 1555 1556 1388 1556 1557 1566 1383 1378 1566 1378 1561 1557 1558 1396 1557 1396 1388 1560 1401 1559 1561 1378 1562 1902 1836 1835 1902 1835 1901 1563 1370 1564 1419 1414 1552 1419 1552 1553 1548 1406 1405 1548 1405 1547 1383 1566 1567 1534 1535 1533 1534 1533 1532 1560 1946 1945 1560 1945 1401 1468 1469 1467 1468 1467 1466 1787 1786 923 1787 923 861 1929 1930 1831 1929 1831 1830 1498 1499 1497 1498 1497 1496 1470 1471 1469 1470 1469 1468 1545 1430 1439 1545 1439 1544 1881 1814 1813 1881 1813 1880 917 1742 1745 917 1745 851 1605 1607 1606 1605 1606 1604 1927 1928 1829 1927 1829 1828 1577 1579 1578 1577 1578 1576 1498 1501 1500 1498 1500 1499 936 935 953 936 953 951 1948 1852 1851 1948 1851 1947 1579 1581 1580 1579 1580 1578 1613 1615 1614 1613 1614 1612 1597 1599 1598 1597 1598 1596 1732 1733 916 1732 916 915 1603 1605 1604 1603 1604 1602 1595 1597 1596 1595 1596 1594 966 941 942 966 942 972 2162 2164 2163 2162 2163 2161 1616 803 1617 1715 1716 896 1715 896 894 1723 1724 901 1723 901 902 1562 873 1619 884 888 1622 884 1622 1621 1719 1720 904 1719 904 898 1278 1276 1319 1278 1319 1317 1722 902 903 1722 903 1721 1622 888 1550 871 873 1562 871 1562 1618 1725 900 901 1725 901 1724 1624 853 1625 779 780 778 779 778 777 1521 1627 1628 1521 1628 1629 1629 1630 1521 1663 1478 1476 1663 1476 1662 1661 1662 1476 1661 1476 1474 1517 1632 1633 1517 1633 1634 1634 1635 1517 1517 1635 1636 1657 1474 1472 1657 1472 1656 1655 1656 1472 1655 1472 1470 1513 1638 1639 1513 1639 1640 1699 1533 1535 1699 1535 1698 1511 1641 1642 1642 1643 1511 1650 1468 1466 1650 1466 1649 998 1268 1266 998 1266 999 1507 1377 1376 1507 1376 1386 1386 1385 1507 1451 1498 1496 1451 1496 1453 1505 1645 1646 1647 1462 1460 1647 1460 1403 1460 1395 1394 1394 1404 1460 1460 1404 1403 1442 1441 1501 1442 1501 1498 1462 1647 1648 1645 1505 1507 1645 1507 1385 1464 1413 1412 1412 1422 1464 1464 1422 1421 1694 1695 1537 1694 1537 1504 1696 1535 1537 1696 1537 1695 1468 1650 1651 1468 1651 1652 1682 1683 1492 1682 1492 1490 1470 1653 1654 1470 1654 1655 1701 1702 1531 1701 1531 1533 1703 1529 1531 1703 1531 1702 1474 1657 1658 1474 1658 1659 1659 1660 1474 1474 1660 1661 1674 1486 1484 1674 1484 1673 1433 1503 1501 1433 1501 1435 1478 1663 1664 1478 1664 1665 1665 1666 1478 1713 1523 1525 1713 1525 1712 1480 1667 1668 1667 1480 1478 1667 1478 1666 1482 1669 1670 1670 1671 1482 1482 1671 1672 1630 1631 1519 1630 1519 1521 1707 1708 1527 1707 1527 1529 1486 1674 1675 1486 1675 1676 1676 1677 1486 1486 1677 1678 1636 1637 1515 1636 1515 1517 930 931 929 930 929 928 1490 1680 1681 1490 1681 1682 1640 1641 1511 1640 1511 1513 1492 1683 1684 1684 1685 1492 747 748 746 747 746 744 1421 1649 1466 1421 1466 1464 1496 1687 1688 1496 1688 1689 1689 1453 1496 1424 1423 1504 1424 1504 1503 1498 1451 1442 1643 1644 1509 1643 1509 1511 1501 1441 1690 1690 1691 1501 1501 1691 1435 1646 1395 1460 1646 1460 1505 1503 1433 1424 731 732 730 731 730 725 1504 1423 1692 1692 1693 1504 1504 1693 1694 1377 1507 1509 1377 1509 1644 1685 1686 1494 1685 1494 1492 1535 1696 1697 1535 1697 1698 992 991 1246 992 1246 1244 1533 1699 1700 1533 1700 1701 1680 1490 1488 1680 1488 1679 1291 1293 1199 1291 1199 1165 1529 1703 1704 1529 1704 1705 1705 1706 1529 1529 1706 1707 2168 2170 2169 2168 2169 2167 1672 1673 1484 1672 1484 1482 1525 1709 1710 1525 1710 1711 1711 1712 1525 1523 1626 1627 1523 1627 1521 1523 1713 1626 1714 1715 894 2031 2032 1941 2031 1941 1858 897 1717 1718 2061 2062 1696 2061 1696 1695 1721 903 904 1721 904 1720 880 884 1621 880 1621 1557 1718 1719 898 1718 898 897 902 1722 1723 1717 897 896 1717 896 1716 871 1618 1617 871 1617 803 1726 900 1725 909 1730 1743 909 1743 769 1842 1841 784 1842 784 785 1840 1839 780 1840 780 782 1727 1728 908 1727 908 907 1728 1729 910 1728 910 908 1729 1730 909 1729 909 910 1731 1732 915 1731 915 914 1607 1609 1608 1607 1608 1606 803 1616 1744 803 1744 801 922 1770 1739 922 1739 921 1431 1430 1545 1431 1545 1546 1791 1790 866 1791 866 729 1739 1740 920 1739 920 921 1741 1742 917 1741 917 919 1735 1736 931 1735 931 933 1737 1738 926 1737 926 929 1747 1748 1726 1726 1748 1749 1726 1749 1746 1746 1749 1750 1746 1750 1751 1751 1752 1746 1746 1752 1753 1746 1753 1754 1754 1755 1746 1746 1755 1756 1746 1756 1735 1735 1756 1757 1735 1757 1758 1735 1758 1736 1736 1758 1759 1736 1759 1737 1737 1759 1738 1738 1759 1760 1738 1760 1761 1738 1761 1762 1818 1598 1816 1818 1816 1817 1811 1812 1600 1811 1600 1602 1588 1764 1765 1765 1766 1588 1588 1766 1767 1763 1764 1588 1763 1588 1590 1811 1602 1810 1811 1810 1809 1770 1769 1739 1739 1769 1771 1739 1771 1772 1773 1741 1772 1772 1741 1740 1772 1740 1739 1741 1773 1742 1742 1773 1774 1742 1774 1775 1742 1775 1745 1745 1775 1776 1745 1776 1777 1777 1778 1745 1745 1778 1779 1745 1779 1780 1780 1781 1745 1745 1781 1782 1745 1782 1625 1625 1782 1783 1625 1783 1784 1833 1715 1714 1833 1714 1832 1624 1785 1553 1624 1553 1623 1623 1553 1552 1623 1552 1551 1551 1550 1623 1794 1574 1576 1794 1576 1793 1770 1584 1586 1847 1606 1608 1847 1608 1846 1837 1592 1594 1837 1594 1818 735 739 737 735 737 736 1576 1789 1790 1790 1791 1576 1576 1791 1792 1576 1792 1793 1788 1789 1576 1788 1576 1578 1786 1787 1580 1786 1580 1582 1572 1795 1796 1795 1572 1574 1795 1574 1794 1570 1762 1568 1568 1762 1590 928 929 926 928 926 927 1797 1725 1798 1798 1725 1724 1798 1724 1799 1799 1724 1800 1800 1724 1723 940 980 990 940 990 942 1049 1050 779 1049 779 777 958 966 972 958 972 971 1625 853 851 1625 851 1745 1801 1802 1744 1744 1802 1803 1744 1803 1804 1744 1804 1731 1731 1804 1805 1731 1805 1806 1731 1806 1732 1732 1806 1807 1732 1807 1733 1733 1807 1734 1734 1807 1808 1734 1808 1809 1734 1809 1810 1763 1590 1762 1763 1762 1761 1816 1598 1600 1816 1600 1815 1600 1812 1813 1813 1814 1600 1600 1814 1815 1303 1351 1350 1303 1350 1305 1125 1207 1209 1125 1209 1128 1818 1817 1727 1727 1817 1819 1727 1819 1820 1821 1729 1820 1820 1729 1728 1820 1728 1727 1729 1821 1730 1730 1821 1822 1730 1822 1823 1730 1823 1743 1743 1823 1824 1743 1824 1825 1825 1826 1743 1743 1826 1827 1743 1827 1828 1828 1829 1743 1743 1829 1830 1743 1830 1714 1714 1830 1831 1714 1831 1832 1726 1725 1797 1726 1797 1747 1715 1833 1834 1715 1834 1716 1716 1834 1835 1716 1835 1836 1836 1717 1716 1796 1762 1570 1796 1570 1572 1818 1594 1596 1818 1596 1598 1592 1837 1838 1846 1608 1610 1846 1610 1845 1845 1610 1612 1845 1612 1844 1612 1840 1841 1841 1842 1612 1612 1842 1843 1612 1843 1844 1810 1604 1606 1810 1606 1847 735 736 734 735 734 733 1838 1839 1614 1838 1614 1592 1582 1584 1770 1582 1770 1786 1604 1810 1602 1616 1848 1744 1744 1848 1849 1744 1849 1850 1785 1624 1625 1785 1625 1784 1616 1852 1853 1851 1617 1565 1565 1617 1618 1565 1618 1564 1564 1618 1563 1563 1618 1562 1853 1848 1616 1850 1854 1744 1744 1854 1801 1039 1040 824 1039 824 822 1069 1070 1068 1069 1068 1067 1601 1603 1602 1601 1602 1600 1583 1585 1584 1583 1584 1582 1792 1791 729 1792 729 728 1733 1734 937 1733 937 916 763 893 761 763 761 762 1839 1838 778 1839 778 780 1846 1845 789 1846 789 791 1795 1794 730 1795 730 732 900 1726 1746 900 1746 748 1853 1852 1948 1853 1948 1924 1810 912 937 1810 937 1734 1841 1840 782 1841 782 784 1843 1842 785 1843 785 787 1482 1483 1481 1482 1481 1480 1847 1846 791 1847 791 913 1933 1827 1826 1933 1826 1932 1474 1475 1473 1474 1473 1472 1844 1843 787 1844 787 788 1762 1796 734 1762 734 736 1796 1795 732 1796 732 734 1762 736 926 1762 926 1738 1575 1577 1576 1575 1576 1574 1573 1575 1574 1573 1574 1572 1838 1837 938 1838 938 778 1845 1844 788 1845 788 789 1512 1513 1511 1512 1511 1510 1874 1869 1757 1874 1757 1756 925 924 985 925 985 983 1917 1918 1803 1917 1803 1802 1892 1893 1781 1892 1781 1780 932 969 955 932 955 934 1857 1858 1777 1857 1777 1776 1767 1766 1940 1767 1940 1862 1810 1847 913 1810 913 912 1858 1941 1778 1858 1778 1777 1921 1922 1854 1921 1854 1850 1571 1573 1572 1571 1572 1570 1862 1863 1768 1862 1768 1767 1774 1773 1861 1774 1861 1855 1714 894 769 1714 769 1743 1869 1870 1758 1869 1758 1757 946 948 947 946 947 945 1866 1867 1763 1866 1763 1761 1583 1573 1571 1583 1571 1585 1054 1056 1055 1054 1055 1053 1873 1874 1756 1873 1756 1755 1786 1770 922 1786 922 923 1815 1814 1881 1815 1881 1875 1871 1759 1758 1871 1758 1870 1884 1879 1812 1884 1812 1811 1864 1859 1771 1864 1771 1769 742 743 963 742 963 961 1607 1597 1595 1607 1595 1609 1872 1873 1755 1872 1755 1754 1459 1505 1460 1459 1460 1461 1952 1821 1820 1952 1820 1951 1562 1619 1561 1561 1619 1566 1566 1619 1567 1567 1619 1888 1888 1619 1885 1885 1619 1554 1554 1619 1620 1554 1620 1555 1555 1620 1556 1556 1620 1557 1808 1807 1950 1808 1950 1882 1877 1878 1819 1877 1819 1817 1369 1947 1851 1369 1851 1565 1894 1889 1783 1894 1783 1782 1494 1495 1493 1494 1493 1492 1906 1907 1749 1906 1749 1748 1898 1899 1720 1898 1720 1896 1895 1896 1897 1897 1896 1720 1898 1449 1900 1898 1900 1899 1555 1388 1387 1555 1387 1554 1900 1449 1542 1834 1901 1835 1916 1800 1723 1916 1723 1914 1440 1896 1895 1440 1895 1543 1717 1903 1904 1916 1910 1799 1916 1799 1800 1905 1431 1546 1720 1719 1897 1897 1719 1895 1895 1719 1543 1543 1719 1718 1543 1718 1544 1544 1718 1545 1545 1718 1546 1546 1718 1905 1905 1718 1904 1904 1718 1717 1882 1883 1809 1882 1809 1808 1581 1583 1582 1581 1582 1580 1865 1866 1761 1865 1761 1760 1780 1779 1942 1780 1942 1892 1945 1946 1943 1945 1943 1944 1889 1890 1784 1889 1784 1783 1902 1903 1717 1902 1717 1836 1913 1914 1915 1915 1914 1723 1903 1431 1905 1903 1905 1904 1458 1914 1913 1458 1913 1539 1799 1910 1798 1028 806 797 1028 797 1027 1893 1894 1782 1893 1782 1781 1015 847 846 1015 846 1014 1855 1856 1775 1855 1775 1774 930 928 977 930 977 975 1909 1937 1752 1909 1752 1751 1504 1538 1502 1504 1502 1503 1486 1487 1485 1486 1485 1484 1553 1785 1891 1553 1891 1419 1924 1925 1848 1924 1848 1853 1925 1926 1849 1925 1849 1848 1919 1920 1805 1919 1805 1804 1591 1569 1568 1591 1568 1590 1387 1886 1885 1387 1885 1554 1516 1517 1515 1516 1515 1514 980 978 982 980 982 990 1928 1929 1830 1928 1830 1829 1593 1595 1594 1593 1594 1592 1720 1899 1721 1721 1899 1900 1721 1900 1542 1721 1542 1722 1722 1542 1541 1722 1541 1540 1540 1539 1722 1722 1539 1913 1722 1913 1915 1915 1723 1722 1760 1759 1871 1760 1871 1865 1828 1827 1933 1828 1933 1927 1528 1529 1527 1528 1527 1526 1834 1833 1954 1834 1954 1901 1876 1877 1817 1876 1817 1816 1868 1939 1765 1868 1765 1764 1802 1801 1923 1802 1923 1917 1863 1864 1769 1863 1769 1768 1748 1747 1912 1748 1912 1906 1935 1936 1824 1935 1824 1823 1611 1613 1612 1611 1612 1610 1536 1537 1535 1536 1535 1534 1557 1621 1558 1558 1621 1559 1559 1621 1560 1560 1621 1622 1560 1622 1946 1946 1622 1943 1943 1622 1547 1547 1622 1548 1548 1622 1549 1549 1622 1550 1879 1880 1813 1879 1813 1812 1790 1789 865 1790 865 866 1907 1908 1750 1907 1750 1749 1731 914 801 1731 801 1744 1585 1587 1586 1585 1586 1584 1500 1459 1461 1500 1461 1499 1920 1949 1806 1920 1806 1805 2178 2180 2179 2178 2179 2177 1793 1792 728 1793 728 726 1878 1951 1820 1878 1820 1819 1464 1465 1463 1464 1463 1462 1910 1911 1797 1910 1797 1798 1274 1321 1319 1274 1319 1276 1859 1860 1772 1859 1772 1771 1463 1497 1499 1463 1499 1461 1465 1495 1497 1465 1497 1463 1469 1491 1493 1469 1493 1467 1512 1534 1532 1512 1532 1514 1514 1532 1530 1514 1530 1516 1516 1530 1528 1516 1528 1518 1518 1528 1526 1518 1526 1520 1520 1526 1524 1520 1524 1522 1536 1510 1508 1536 1508 1538 1091 1093 1356 1091 1356 1355 1491 1469 1471 1491 1471 1489 1489 1471 1473 1489 1473 1487 1487 1473 1475 1487 1475 1485 1485 1475 1477 1485 1477 1483 1483 1477 1479 1483 1479 1481 1988 2000 1863 1988 1863 1862 2097 2098 1708 2097 1708 1707 2141 2153 1631 2141 1631 1630 1958 1957 1959 2093 2095 2103 2093 2103 2097 2095 1934 1952 2095 1952 2103 1955 1962 1956 1391 2089 2086 1391 2086 1389 2085 2083 2080 2085 2080 2079 1402 1401 1945 1402 1945 2069 2132 2133 1923 2132 1923 1922 1452 1453 1689 1452 1689 2022 2090 2091 1705 2090 1705 1704 1981 1993 1682 1981 1682 1681 1967 1966 1968 2023 1456 1454 2023 1454 2022 1876 1875 2116 1876 2116 2115 1958 1959 1965 2143 2144 2142 2143 2142 2140 2024 2023 2022 2024 2022 2021 1429 1431 1903 1429 1903 2060 1883 2143 2145 1883 2145 1884 2152 1920 1919 2152 1919 2147 1414 1415 1408 1414 1408 1406 2117 2115 2112 2117 2112 2111 1993 1994 1683 1993 1683 1682 1408 1410 1409 1408 1409 1407 1962 1955 1974 1976 1975 1670 1976 1670 1669 2137 1636 1635 2137 1635 2148 1976 1977 1975 1372 1374 1373 1372 1373 1371 1406 1408 1407 1406 1407 1405 1981 1681 1680 1981 1680 1980 1656 1655 2036 1656 2036 2038 2099 1709 1708 2099 1708 2098 1981 1980 1982 2075 2077 2085 2075 2085 2079 2077 1927 1933 2077 1933 2085 1967 1968 1979 1983 1984 1982 1983 1982 1980 2138 2136 2133 2138 2133 2132 1932 1931 2084 1932 2084 2083 1933 1932 2083 1933 2083 2085 2049 2050 1890 2049 1890 1889 1881 1880 2129 1881 2129 2131 1407 2068 1944 1407 1944 1405 2105 2108 2107 2105 2107 2106 1989 1990 1991 1649 1421 1418 1649 1418 2052 2069 2070 1399 2069 1399 1402 2131 2129 2126 2131 2126 2125 1977 1976 1992 2122 1639 1638 2122 1638 2138 1638 1637 2136 1638 2136 2138 2009 2021 1688 2009 1688 1687 1386 1376 1374 1386 1374 1380 1967 1678 1677 1967 1677 1966 1995 1994 1996 1896 1440 1438 1896 1438 2041 1981 1982 1993 2010 2012 2024 2010 2024 2021 2078 2076 2073 2078 2073 2072 1914 1458 1456 1914 1456 2023 1902 2058 2060 1902 2060 1903 2124 1921 1926 2124 1926 2119 1876 2115 2117 1876 2117 1877 2145 2143 2140 2145 2140 2139 1635 1634 2149 1635 2149 2148 2017 2027 2025 2017 2025 2016 1989 1991 2002 1386 1380 1382 1386 1382 1385 2004 2005 2003 2123 2124 2119 2123 2119 2121 1964 1972 1866 1964 1866 1865 2127 1627 1626 2127 1626 2126 1956 1957 1674 1956 1674 1673 2113 2125 1713 2113 1713 1712 2009 2008 2010 2101 2102 2100 2101 2100 2098 2116 1875 1881 2116 1881 2131 1995 1996 2007 1446 1447 1445 1446 1445 1444 2071 2070 2069 2071 2069 2068 1430 1431 1429 1430 1429 1428 1954 1953 2065 1954 2065 2067 1978 1986 1939 1978 1939 1868 2032 2033 1942 2032 1942 1941 2106 1924 1948 2106 1948 2105 1373 2110 2104 1373 2104 1371 2017 2018 2019 1667 1666 1991 1667 1991 1990 2123 2138 2132 2123 2132 2124 2156 2155 2154 2156 2154 2153 2005 2004 2020 1393 1395 1646 1393 1646 2089 1442 1451 1450 1442 1450 1444 1434 1435 1691 1434 1691 2040 2072 2073 1699 2072 1699 1698 1425 2054 1692 1425 1692 1423 1452 2022 1454 2076 2077 2075 2076 2075 2073 1907 1906 1998 1907 1998 1997 2009 2010 2021 2082 2084 2096 2082 2096 2090 1398 1392 1390 1398 1390 1397 1902 1901 2059 1902 2059 2058 2147 1919 1918 2147 1918 2146 2034 2043 1893 2034 1893 1892 1873 1969 1971 1873 1971 1874 1416 1410 1408 1416 1408 1415 2021 2022 1689 2021 1689 1688 1402 1399 1398 1402 1398 1397 2017 2019 2027 2150 2149 1634 2150 1634 1633 2019 1660 1659 2019 1659 2027 2029 2030 2028 1962 1974 1972 1962 1972 1964 2006 1859 1864 2006 1864 2001 2134 1917 1923 2134 1923 2133 1871 1870 1960 1871 1960 1963 1964 1865 1871 1964 1871 1963 2155 2152 2151 2155 2151 2154 2035 2036 2037 1955 1956 1673 1955 1673 1672 2133 2136 2135 2133 2135 2134 1963 1960 1957 1963 1957 1956 2030 2029 2038 1637 1636 2137 1637 2137 2136 2125 2126 1626 2125 1626 1713 1394 1395 1393 1394 1393 1392 1404 1394 1392 1404 1392 1398 2092 1706 1705 2092 1705 2091 1434 2040 1436 2064 2066 2078 2064 2078 2072 1447 1449 1898 1447 1898 2042 1443 1445 2039 1982 1984 1999 1982 1999 1993 2120 2121 2119 2120 2119 2118 1961 1869 1874 1961 1874 1971 1396 1397 1390 1396 1390 1388 2031 1858 1857 2031 1857 2026 2026 1857 1856 2026 1856 2025 1974 1975 1973 1974 1973 1972 1433 1435 1434 1433 1434 1432 2005 2006 2001 2005 2001 2003 2035 2037 2045 2047 2046 1652 2047 1652 1651 1376 1377 1375 1376 1375 1374 2047 2048 2046 2035 2045 2043 2035 2043 2034 1978 1868 1867 1978 1867 1973 1384 1383 1887 1384 1887 2087 1986 1987 1940 1986 1940 1939 1949 1920 2152 1949 2152 2155 1987 1990 1989 1987 1989 1988 1417 2052 1418 1647 1403 1400 1647 1400 2070 1409 2071 2068 1409 2068 1407 2020 2018 2015 2020 2015 2014 2048 2047 2053 1375 1377 1644 1375 1644 2110 1979 1980 1680 1979 1680 1679 1443 2039 1690 1443 1690 1441 2111 2112 1711 2111 1711 1710 2074 1700 1699 2074 1699 2073 2056 2055 2057 2041 1438 1436 2041 1436 2040 2130 1879 1884 2130 1884 2145 1425 1427 2054 1959 1961 1971 1959 1971 1965 1971 1969 1966 1971 1966 1965 2066 1930 1929 2066 1929 2078 1928 2076 2078 1928 2078 1929 1442 1444 1443 1442 1443 1441 2007 2008 1686 2007 1686 1685 2081 1703 1702 2081 1702 2080 2063 2062 2064 2083 2084 2082 2083 2082 2080 1438 1440 1439 1438 1439 1437 2056 2057 2061 2011 2012 2010 2011 2010 2008 2103 2101 2098 2103 2098 2097 1911 1910 2012 1911 2012 2011 2104 2105 1948 2104 1948 1947 2006 2014 1860 2006 1860 1859 1912 1911 2011 1912 2011 2013 1389 2086 1886 1389 1886 1387 2005 2020 2014 2005 2014 2006 1399 2070 1400 1643 1642 2109 1643 2109 2108 2015 2018 2017 2015 2017 2016 2089 2088 2087 2089 2087 2086 1409 1411 2071 1976 1669 1668 1976 1668 1992 1650 1649 2052 1650 2052 2053 1958 1965 1676 1958 1676 1675 1965 1966 1677 1965 1677 1676 1995 1684 1683 1995 1683 1994 2074 2073 2075 1427 1429 2060 1427 2060 2054 1873 1872 1970 1873 1970 1969 2063 2064 2072 1445 1447 2042 1445 2042 2039 2002 2003 2001 2002 2001 2000 2102 1878 1877 2102 1877 2117 1378 1379 1372 1378 1372 1370 1424 1426 1425 1424 1425 1423 2047 1651 1650 2047 1650 2053 2081 2080 2082 1968 1970 1985 1968 1985 1979 2144 1882 1950 2144 1950 2156 2074 2075 2079 1436 1438 1437 1436 1437 1432 1985 1983 1980 1985 1980 1979 1951 1878 2102 1951 2102 2101 1950 1949 2155 1950 2155 2156 1988 1862 1940 1988 1940 1987 1439 1430 1428 1439 1428 1437 1371 2104 1947 1371 1947 1369 2033 2036 2035 2033 2035 2034 1381 2088 1382 1655 1654 2037 1655 2037 2036 2114 2116 2131 2114 2131 2125 2053 2052 2051 2053 2051 2050 1391 1393 2089 2150 1633 1632 2150 1632 2154 1648 1647 2070 1648 2070 2071 2127 2139 1628 2127 1628 1627 1422 1412 1410 1422 1410 1416 2081 2090 1704 2081 1704 1703 2092 2091 2093 1969 1970 1968 1969 1968 1966 1502 1506 1459 1502 1459 1500 2081 2082 2090 2100 2102 2117 2100 2117 2111 1380 1374 1372 1380 1372 1379 1928 1927 2077 1928 2077 2076 2086 2087 1887 2086 1887 1886 1958 1675 1674 1958 1674 1957 1644 1643 2108 1644 2108 2110 2063 1697 1696 2063 1696 2062 2099 2098 2100 2059 1901 1954 2059 1954 2067 2092 2093 2097 1454 1456 1455 1454 1455 1450 1455 1446 1444 1455 1444 1450 752 753 749 752 749 751 880 1557 1620 880 1620 877 1420 1419 1891 1420 1891 2051 2050 2051 1891 2050 1891 1890 1880 1879 2130 1880 2130 2129 2087 2088 1381 2087 1381 1384 2107 2108 2109 1411 1413 1648 1411 1648 2071 2051 2052 1417 2051 1417 1420 1992 1990 1987 1992 1987 1986 1373 1375 2110 2029 1657 1656 2029 1656 2038 1424 1433 1432 1424 1432 1426 2141 1630 1629 2141 1629 2140 1671 1670 1975 1671 1975 1974 2056 1694 1693 2056 1693 2055 2113 2112 2114 2128 2130 2145 2128 2145 2139 2012 1910 1916 2012 1916 2024 2099 2100 2111 2094 2095 2093 2094 2093 2091 2096 2094 2091 2096 2091 2090 1883 1882 2144 1883 2144 2143 1973 1867 1866 1973 1866 1972 2084 1931 1936 2084 1936 2096 2044 1894 1893 2044 1893 2043 2027 2028 2026 2027 2026 2025 2054 2055 1693 2054 1693 1692 2135 2148 2146 2135 2146 2134 2107 2109 2120 1422 1416 1418 1422 1418 1421 2037 1654 1653 2037 1653 2045 2122 2123 2121 2115 2116 2114 2115 2114 2112 1388 1390 1389 1388 1389 1387 1967 1979 1679 1967 1679 1678 1668 1667 1990 1668 1990 1992 2056 2061 1695 2056 1695 1694 2127 2126 2128 1996 1998 2013 1996 2013 2007 1970 1872 1938 1970 1938 1985 2113 2114 2125 2129 2130 2128 2129 2128 2126 2038 2036 2033 2038 2033 2032 1456 1458 1457 1456 1457 1455 2014 2015 1861 2014 1861 1860 2034 1892 1942 2034 1942 2033 1938 1937 1983 1938 1983 1985 2124 2132 1922 2124 1922 1921 1962 1964 1963 1962 1963 1956 2135 2136 2137 2004 1663 1662 2004 1662 2020 2030 2038 2032 2030 2032 2031 2067 2065 2062 2067 2062 2061 2123 2122 2138 1645 1385 1382 1645 1382 2088 2079 2080 1702 2079 1702 1701 2099 2111 1710 2099 1710 1709 1665 1664 2003 1665 2003 2002 2063 2072 1698 2063 1698 1697 2141 2140 2142 1997 1998 1996 1997 1996 1994 1935 1934 2095 1935 2095 2094 2127 2128 2139 2058 2059 2057 2058 2057 2055 1984 1909 1908 1984 1908 1999 2001 1864 1863 2001 1863 2000 2049 1889 1894 2049 1894 2044 1935 2094 2096 1935 2096 1936 1999 1997 1994 1999 1994 1993 1659 1658 2028 1659 2028 2027 2030 2031 2026 2030 2026 2028 2135 2137 2148 2029 2028 1658 2029 1658 1657 2004 2003 1664 2004 1664 1663 2150 2151 2149 1989 2002 2000 1989 2000 1988 2106 2118 1925 2106 1925 1924 1995 2007 1685 1995 1685 1684 1646 1645 2088 1646 2088 2089 1661 1660 2019 1661 2019 2018 2150 2154 2151 1977 1992 1986 1977 1986 1978 2016 1855 1861 2016 1861 2015 2141 2142 2153 2057 2059 2067 2057 2067 2061 1369 1565 1564 1369 1564 1370 1937 1909 1984 1937 1984 1983 1952 1951 2101 1952 2101 2103 738 737 970 738 970 987 2173 849 862 2173 862 2175 2158 774 776 2158 776 2157 2167 799 911 2167 911 2168 1822 1821 1952 1822 1952 1934 2160 771 774 2160 774 2158 1912 1747 1797 1912 1797 1911 1942 1779 1778 1942 1778 1941 2165 794 799 2165 799 2167 1887 1888 1885 1887 1885 1886 2168 911 793 2168 793 2166 2166 793 794 2166 794 2165 940 942 941 940 941 939 2157 776 906 2157 906 2159 1589 1591 1590 1589 1590 1588 2176 918 850 2176 850 2174 2175 862 918 2175 918 2176 1405 1944 1943 1405 1943 1547 1615 1593 1592 1615 1592 1614 2166 2172 2170 2166 2170 2168 2164 2158 2157 2164 2157 2163 2159 2161 2163 2159 2163 2157 2167 2169 2171 2167 2171 2165 1289 1165 1167 1289 1167 1287 2176 2177 2179 2176 2179 2175 2160 2162 2161 2160 2161 2159 2158 2164 2162 2158 2162 2160 2172 2166 2165 2172 2165 2171 2174 2178 2177 2174 2177 2176 2175 2179 2180 2175 2180 2173 2178 2174 2173 2178 2173 2180 1918 1919 1804 1918 1804 1803 1930 1953 1832 1930 1832 1831 979 927 925 979 925 983 1490 1491 1489 1490 1489 1488 1936 1931 1825 1936 1825 1824 935 934 955 935 955 953 740 742 961 740 961 959 939 956 967 939 967 940 743 745 948 743 948 963 1794 1793 726 1794 726 730 997 998 744 997 744 741 746 947 948 746 948 745 886 888 884 886 884 885 850 845 847 850 847 849 1467 1493 1495 1467 1495 1465 1296 1343 1089 1089 1343 1342 1080 1337 1336 1080 1336 1078 1294 1345 1296 1296 1345 1344 1296 1344 1343 2139 2140 1629 2139 1629 1628 1113 1111 1233 1113 1233 1235 1328 1286 1329 1329 1286 1284 1329 1284 1330 1330 1284 1282 1330 1282 1331 1331 1282 1280 987 970 971 987 971 986 1366 1315 1313 2113 1712 1711 2113 1711 2112 932 933 931 932 931 930 1366 1313 1367 1367 1313 1311 1367 1311 1368 1368 1311 1309 1368 1309 1348 1288 1286 1328 1288 1328 1327 1290 1288 1327 1290 1327 1347 1292 1290 1347 1292 1347 1346 1294 1292 1346 1294 1346 1345 1352 1301 1299 1352 1299 1353 1353 1299 1354 1354 1299 1091 1354 1091 1355 1341 1088 1089 1341 1089 1342 1088 1341 1340 1088 1340 1086 1098 1100 1359 1098 1359 1358 1084 1339 1338 1084 1338 1082 1384 1381 1380 1384 1380 1379 1361 1104 1106 1361 1106 1362 1362 1106 1108 1362 1108 1363 1787 1788 1578 1787 1578 1580 1638 1513 1515 1638 1515 1637 854 1623 1550 854 1550 888 1839 1840 1612 1839 1612 1614 725 730 726 725 726 727 1181 1183 1273 1181 1273 1275 1064 1326 1062 1062 1326 1060 1060 1326 1058 1058 1326 1055 1055 1326 1053 1325 1118 1120 1325 1120 1122 1122 1124 1325 1325 1124 1126 1325 1126 1127 1334 1074 1335 1335 1074 1076 1335 1076 1336 1336 1076 1078 1102 1104 1361 1102 1361 1360 1100 1102 1360 1100 1360 1359 1096 1098 1358 1096 1358 1357 1082 1338 1337 1082 1337 1080 854 853 1624 854 1624 1623 855 891 840 855 840 854 1581 1575 1573 1581 1573 1583 1875 1876 1816 1875 1816 1815 1599 1605 1603 1599 1603 1601 1611 1593 1615 1611 1615 1613 1593 1611 1609 1593 1609 1595 1926 1921 1850 1926 1850 1849 1605 1599 1597 1605 1597 1607 1575 1581 1579 1575 1579 1577 1587 1569 1591 1587 1591 1589 924 738 987 924 987 985 1332 1331 1280 1280 1315 1366 1280 1366 1365 1332 1280 1365 1364 1363 1108 1332 1365 1364 1074 1334 1333 1333 1332 1364 1364 1108 1110 1364 1110 1112 1074 1333 1364 1072 1074 1364 1072 1364 1112 1070 1072 1112 1070 1112 1114 1068 1070 1114 1116 1118 1325 1068 1114 1116 1326 1064 1066 1066 1068 1116 1116 1325 1326 1116 1326 1066</p></triangles><triangles count="164" material="mesh0-material1"><input semantic="VERTEX" source="#mesh0-vertices" offset="0" /><p>324 2197 2199 324 2199 326 370 2182 372 366 2204 2181 366 2181 368 374 2183 376 408 2193 2195 408 2195 410 378 2184 380 2191 2192 404 2191 404 402 348 346 2222 348 2222 2221 2190 398 396 2190 396 2189 390 2188 392 344 342 2223 344 2223 2222 394 2189 396 2181 2182 370 2181 370 368 2187 388 386 2187 386 2186 400 2191 402 2183 2184 378 2183 378 376 358 2217 2215 358 2215 360 2202 2203 2201 2202 2201 2200 2208 2210 2209 2208 2209 2207 2213 2198 2196 2213 2196 2229 2196 2197 2195 2196 2195 2194 2234 2194 2192 2234 2192 2238 2193 406 404 2193 404 2192 336 334 2203 336 2203 2202 2226 2227 2232 2226 2232 2231 2225 2226 2231 2225 2231 2230 2182 2225 2230 2182 2230 2183 2206 2208 2207 2206 2207 2205 2229 2196 2194 2229 2194 2234 2212 2214 2213 2212 2213 2211 366 364 2204 332 330 2201 332 2201 2203 2215 362 360 2184 2185 382 2184 382 380 336 2202 2224 336 2224 338 2183 2230 2185 2183 2185 2184 356 354 2216 340 2224 2223 340 2223 342 2185 2235 2187 2185 2187 2186 2236 2188 2187 2236 2187 2235 2231 2232 2236 2231 2236 2235 2206 2204 2215 2206 2215 2217 2187 2188 390 2187 390 388 2221 350 348 2189 394 392 2189 392 2188 2222 346 344 350 2221 2218 350 2218 352 2190 2191 400 2190 400 398 2224 340 338 2186 384 382 2186 382 2185 334 332 2203 354 352 2218 354 2218 2216 2201 330 328 2182 2183 374 2182 374 372 412 2195 2197 412 2197 322 2197 324 322 328 326 2199 328 2199 2201 2195 412 410 362 2215 2204 362 2204 364 2193 408 406 386 384 2186 2209 2211 2228 2209 2228 2227 2198 2199 2197 2198 2197 2196 2205 2207 2226 2205 2226 2225 2211 2213 2229 2211 2229 2228 2227 2228 2233 2227 2233 2232 2181 2205 2225 2181 2225 2182 2194 2195 2193 2194 2193 2192 2204 2206 2205 2204 2205 2181 2214 2200 2198 2214 2198 2213 2232 2233 2237 2232 2237 2236 2210 2212 2211 2210 2211 2209 2200 2201 2199 2200 2199 2198 2228 2229 2234 2228 2234 2233 2230 2231 2235 2230 2235 2185 2210 2208 2219 2210 2219 2220 2224 2202 2240 2224 2240 2223 2239 2240 2214 2239 2214 2212 2220 2239 2212 2220 2212 2210 2236 2237 2189 2236 2189 2188 2240 2202 2200 2240 2200 2214 2218 2221 2220 2218 2220 2219 2233 2234 2238 2233 2238 2237 2221 2222 2239 2221 2239 2220 2219 2217 2216 2219 2216 2218 2217 2219 2208 2217 2208 2206 2222 2223 2240 2222 2240 2239 2238 2192 2191 2238 2191 2190 2237 2238 2190 2237 2190 2189 2207 2209 2227 2207 2227 2226 2216 2217 358 2216 358 356</p></triangles><triangles count="94" material="mesh0-material2"><input semantic="VERTEX" source="#mesh0-vertices" offset="0" /><p>2253 2243 2247 2247 2248 2244 2253 2247 2244 2246 2245 2241 2252 2242 2246 2241 2252 2246 2247 2243 2241 2247 2241 2245 2242 2244 2248 2249 2246 2242 2248 2249 2242 2250 2256 2257 2250 2257 2251 2248 2247 2245 2245 2246 2249 2245 2249 2248 2255 2259 2258 2255 2258 2254 2252 2241 2243 2243 2253 2255 2254 2252 2243 2243 2255 2254 2257 2256 2258 2257 2258 2259 2254 2258 2256 2254 2256 2250 2259 2255 2251 2259 2251 2257 2242 2252 2254 2242 2254 2250 2255 2253 2244 2242 2250 2251 2251 2255 2244 2242 2251 2244 2278 2301 2300 2278 2300 2280 2284 2285 2286 2284 2286 2287 2270 2289 2288 2270 2288 2272 2271 2291 2290 2271 2290 2269 2288 2289 2290 2288 2290 2291 2267 2286 2285 2267 2285 2282 2281 2284 2287 2281 2287 2268 2292 2293 2294 2292 2294 2295 2264 2292 2295 2264 2295 2265 2283 2294 2293 2283 2293 2266 2298 2299 2296 2298 2296 2297 2262 2296 2299 2262 2299 2260 2261 2298 2297 2261 2297 2263 2279 2303 2302 2279 2302 2277 2280 2300 2303 2280 2303 2279 2301 2302 2303 2301 2303 2300 2260 2299 2298 2260 2298 2261 2277 2302 2301 2277 2301 2278 2272 2288 2291 2272 2291 2271 2269 2290 2289 2269 2289 2270 2274 2306 2305 2274 2305 2275 2268 2287 2286 2268 2286 2267 2282 2285 2284 2282 2284 2281 2265 2295 2294 2265 2294 2283 2266 2293 2292 2266 2292 2264 2263 2297 2296 2263 2296 2262 2273 2307 2306 2273 2306 2274 2276 2304 2307 2276 2307 2273 2306 2307 2304 2306 2304 2305 2275 2305 2304 2275 2304 2276</p></triangles></mesh></geometry></library_geometries><library_visual_scenes><visual_scene id="Scene" name="Scene"><node id="mesh0-node" name="mesh0"><instance_geometry url="#mesh0"><bind_material><technique_common><instance_material symbol="mesh0-material0" target="#mesh0-material0" /><instance_material symbol="mesh0-material1" target="#mesh0-material1" /><instance_material symbol="mesh0-material2" target="#mesh0-material2" /></technique_common></bind_material></instance_geometry></node></visual_scene></library_visual_scenes><scene><instance_visual_scene url="#Scene" /></scene></COLLADA>