<?xml version='1.0' encoding='utf-8'?>
<COLLADA xmlns="http://www.collada.org/2005/11/COLLADASchema" version="1.4.1"><asset><created>2026-09-16T00:00:00Z</created><modified>2026-09-16T00:00:00Z</modified><unit name="meter" meter="1" /><up_axis>Z_UP</up_axis></asset><library_effects><effect id="mesh0-material0-effect"><profile_COMMON><technique sid="common"><lambert><diffuse><color>0.422607421875 0.0814208984375 0.02716064453125 1.0</color></diffuse></lambert></technique></profile_COMMON></effect></library_effects><library_materials><material id="mesh0-material0" name="mesh0-material0"><instance_effect url="#mesh0-material0-effect" /></material></library_materials><library_geometries><geometry id="mesh0" name="mesh0"><mesh><source id="mesh0-positions"><float_array id="mesh0-array" count="8139">-0.0067391 -0.0018927 -0.0035123 -0.0069995 -7.83e-05 -0.0035123 -0.0067262 -0.0018891 -0.0035623 -0.0069861 -7.81e-05 -0.0035623 -0.006691 -0.0018792 -0.0035989 -0.0069495 -7.77e-05 -0.0035989 -0.0066429 -0.0018657 -0.0036123 -0.0068995 -7.71e-05 -0.0036123 -0.0067315 0.0017291 -0.0035989 -0.0066831 0.0017167 -0.0036123 -0.0060519 0.0034174 -0.0035989 -0.0060083 0.0033928 -0.0036123 -0.0049573 0.0048714 -0.0035989 -0.0049216 0.0048364 -0.0036123 -0.0035227 0.0059914 -0.0035989 -0.0034974 0.0059483 -0.0036123 -0.0018466 0.0067005 -0.0035989 -0.0018333 0.0066523 -0.0036123 -4.39e-05 0.0069502 -0.0035989 -4.35e-05 0.0069002 -0.0036123 -0.0067799 0.0017416 -0.0035123 -0.006767 0.0017382 -0.0035623 -0.0060954 0.003442 -0.0035123 -0.0060838 0.0034354 -0.0035623 -0.0049929 0.0049064 -0.0035123 -0.0049834 0.0048971 -0.0035623 -0.0035481 0.0060345 -0.0035123 -0.0035413 0.0060229 -0.0035623 -0.0018599 0.0067487 -0.0035123 -0.0018563 0.0067358 -0.0035623 -4.42e-05 0.0070002 -0.0035123 -4.41e-05 0.0069868 -0.0035623 0.0001988 -0.0068968 0.0031877 -0.0016418 -0.0067015 0.0031877 0.0002002 -0.0069468 0.0031743 -0.0016536 -0.0067501 0.0031743 0.0002013 -0.0069834 0.0031377 -0.0016623 -0.0067857 0.0031377 -0.0016654 -0.0067987 0.0030877 -0.0034128 -0.0061114 0.0030877 -0.0034063 -0.0060997 0.0031377 -0.0049146 -0.0049843 0.0030877 -0.0049053 -0.0049747 0.0031377 -0.0060628 -0.0034985 0.0030877 -0.0060512 -0.0034918 0.0031377 -0.0067748 -0.001761 0.0030877 -0.0067618 -0.0017576 0.0031377 -0.0069992 0.0001032 0.0030877 -0.0069858 0.000103 0.0031377 -0.00672 0.0019601 0.0030877 -0.0067072 0.0019563 0.0031377 -0.0069492 0.0001025 0.0031743 -0.006672 0.0019461 0.0031743 -0.0068992 0.0001018 0.0031877 -0.006624 0.0019321 0.0031877 -0.0033885 -0.0060677 0.0031743 -0.0033642 -0.006024 0.0031877 -0.0048796 -0.0049486 0.0031743 -0.0048445 -0.004913 0.0031877 -0.0060196 -0.0034735 0.0031743 -0.0059762 -0.0034485 0.0031877 -0.0067264 -0.0017484 0.0031743 -0.006678 -0.0017358 0.0031877 0.0002018 -0.0069968 0.0030877 -0.0022524 -0.0010844 -0.0031123 -0.0027406 -0.0012199 -0.0036123 -0.0025 3e-07 -0.0031123 -0.003 3e-07 -0.0036123 -0.0027406 0.0012205 -0.0036123 -0.0020074 -0.0022291 -0.0036123 -0.0015587 -0.0019543 -0.0031123 -0.000927 -0.0028529 -0.0036123 -0.0005563 -0.002437 -0.0031123 0.0003136 -0.0029833 -0.0036123 0.0005563 -0.002437 -0.0031123 0.0015 -0.0025978 -0.0036123 0.0015588 -0.0019543 -0.0031123 0.0024271 -0.0017631 -0.0036123 0.0022525 -0.0010844 -0.0031123 0.0029345 -0.0006234 -0.0036123 0.0025 3e-07 -0.0031123 0.0029345 0.000624 -0.0036123 0.0022525 0.001085 -0.0031123 0.0024271 0.0017637 -0.0036123 0.0015588 0.0019549 -0.0031123 0.0015 0.0025984 -0.0036123 0.0005563 0.0024376 -0.0031123 0.0003136 0.0029839 -0.0036123 -0.0005563 0.0024376 -0.0031123 -0.000927 0.0028535 -0.0036123 -0.0015587 0.0019549 -0.0031123 -0.0020074 0.0022297 -0.0036123 -0.0022524 0.001085 -0.0031123 0.0022525 -0.0010844 0.0026877 0.0027407 -0.0012199 0.0031877 0.0025 3e-07 0.0026877 0.003 3e-07 0.0031877 0.0027407 0.0012205 0.0031877 0.0020074 -0.0022291 0.0031877 0.0015588 -0.0019543 0.0026877 0.0009271 -0.0028529 0.0031877 0.0005563 -0.002437 0.0026877 -0.0003135 -0.0029833 0.0031877 -0.0005563 -0.002437 0.0026877 -0.0015 -0.0025978 0.0031877 -0.0015587 -0.0019543 0.0026877 -0.002427 -0.0017631 0.0031877 -0.0022524 -0.0010844 0.0026877 -0.0029344 -0.0006234 0.0031877 -0.0025 3e-07 0.0026877 -0.0029344 0.000624 0.0031877 -0.0022524 0.001085 0.0026877 -0.002427 0.0017637 0.0031877 -0.0015587 0.0019549 0.0026877 -0.0015 0.0025984 0.0031877 -0.0005563 0.0024376 0.0026877 -0.0003135 0.0029839 0.0031877 0.0005563 0.0024376 0.0026877 0.0009271 0.0028535 0.0031877 0.0015588 0.0019549 0.0026877 0.0020074 0.0022297 0.0031877 0.0022525 0.001085 0.0026877 0.0067743 -0.0017631 -0.0035123 0.006195 -0.003259 -0.0031529 0.0060842 -0.0034613 -0.0035123 0.0061586 -0.0033272 -0.0032725 0.0061217 -0.0033946 -0.0033922 0.0069998 5.6e-05 -0.0035123 0.0067741 -0.0017637 0.0030877 0.0062424 -0.0031672 -0.0028675 0.0069993 0.0001005 0.0030877 0.0067454 0.0018713 -0.0035123 0.0067209 0.0019574 0.0030877 0.0060284 0.0035583 -0.0035123 0.0059966 0.0036116 0.0027867 0.0059873 0.0036271 0.0026324 0.0059594 0.0036727 0.0024854 0.0053613 0.004501 0.0007207 0.004898 0.0050013 -0.0035123 0.0044863 0.0053737 -0.0009045 0.0034318 0.0061014 -0.0035123 0.0032823 0.0061831 -0.0023389 0.0017302 0.0067831 -0.0035123 0.005987 0.0036275 0.002941 0.0059588 0.0036736 0.0030877 0.0060615 -0.0035009 0.0030877 0.0062243 -0.0032026 -0.0025679 0.0061455 -0.0033513 -0.0023173 0.0060194 -0.0035728 -0.0021539 0.0049128 -0.0049862 0.0030877 0.0049614 -0.0049378 -0.0012632 0.0037756 -0.0058942 -4.43e-05 0.0034105 -0.0061127 0.0030877 0.0026393 -0.0064831 0.0014313 0.0016629 -0.0067993 0.0030877 0.0012172 -0.0068931 0.0007207 0.0002007 -0.0069968 0.0024854 6.72e-05 -0.0069994 -0.0035123 0.0001473 -0.0069982 0.0026324 0.0001292 -0.0069985 0.0027867 0.0001478 -0.0069982 0.002941 -0.0017523 -0.0067768 -0.0035123 -0.0034516 -0.0060895 -0.0035123 -0.0049143 -0.0049846 -0.0035123 -0.0058643 -0.0038219 -0.0028675 -0.00592 -0.003735 -0.0031529 -0.0058859 -0.0037886 -0.0025679 -0.0059753 -0.003646 -0.0023173 -0.0061041 -0.0034261 -0.0021539 -0.0067572 -0.0018273 -0.0012632 -0.0069925 -0.0003222 -4.43e-05 -0.0069344 0.0009564 0.0014313 -0.0060399 -0.0035379 -0.0035123 -0.0059609 -0.0036694 -0.0032725 -0.0060009 -0.0036037 -0.0033922 0.001882 -0.006742 -0.0035123 0.0024104 -0.0065716 -0.0009045 0.0035679 -0.0060222 -0.0035123 0.0037134 -0.0059336 -0.0023389 0.005009 -0.0048895 -0.0035123 0.0014878 0.0067491 -0.0036123 0.0009039 0.0068955 -0.0036123 0.0001668 0.006927 -0.0036123 0.0001853 0.0069318 -0.0036123 0.0017055 0.0066862 -0.0036123 0.0033828 0.0060142 -0.0036123 0.004828 0.0049298 -0.0036123 0.0059423 0.0035074 -0.0036123 0.006649 0.0018445 -0.0036123 0.0068998 5.52e-05 -0.0036123 0.0066775 -0.001738 -0.0036123 0.0059973 -0.0034119 -0.0036123 0.0059154 -0.0036074 -0.0036123 0.0055196 -0.0042301 -0.0036123 0.0059103 -0.0036259 -0.0036123 0.0051008 -0.0046625 -0.0036123 0.0049375 -0.0048196 -0.0036123 0.0035169 -0.0059362 -0.0036123 0.0018551 -0.0066456 -0.0036123 6.62e-05 -0.0068994 -0.0036123 -0.0017273 -0.00668 -0.0036123 -0.0034023 -0.0060025 -0.0036123 -0.0048441 -0.0049134 -0.0036123 -0.0059536 -0.0034874 -0.0036123 -0.006082 -0.0033187 -0.0036123 -0.0064233 -0.0026646 -0.0036123 -0.0060954 -0.003305 -0.0036123 -0.0065885 -0.0020856 -0.0036123 -0.0066115 0.0019807 0.0031877 0.0003867 -0.0069121 0.0031877 0.0006762 -0.0069172 0.0031877 0.0008515 -0.0069035 0.0031877 0.001273 -0.0068308 0.0031877 0.001497 -0.0067518 0.0031877 0.0015433 -0.0067322 0.0031877 0.0014472 -0.0067768 0.0031877 0.0015907 -0.0067157 0.0031877 0.0016391 -0.0067022 0.0031877 0.0033618 -0.0060254 0.0031877 0.0048426 -0.004915 0.0031877 0.0059749 -0.0034509 0.0031877 0.0066773 -0.0017385 0.0031877 0.0068993 9.9e-05 0.0031877 0.0066249 0.0019294 0.0031877 0.0058738 0.003621 0.0031877 0.005793 0.0037914 0.0031877 0.0056527 0.0040446 0.0031877 0.0055532 0.0041896 0.0031877 0.0052795 0.0045183 0.0031877 0.005099 0.0046727 0.0031877 0.005059 0.004703 0.0031877 0.0051456 0.0046421 0.0031877 0.0050209 0.0047358 0.0031877 0.004985 0.004771 0.0031877 0.0035375 0.0059245 0.0031877 0.0018355 0.0066517 0.0031877 1.4e-06 0.0069003 0.0031877 -0.0018327 0.0066524 0.0031877 -0.0035351 0.0059259 0.0031877 -0.004983 0.0047731 0.0031877 -0.0060724 0.0032768 0.0031877 -0.0061797 0.0031216 0.0031877 -0.0063288 0.0028735 0.0031877 -0.0064046 0.0027148 0.0031877 -0.0065523 0.0023134 0.0031877 -0.0065959 0.00208 0.0031877 -0.0066021 0.0020301 0.0031877 -0.0065645 0.0022695 0.0031877 -0.0065759 0.0022253 0.0031877 -0.0065927 0.0021356 0.0031877 -0.0065865 0.002181 0.0031877 -0.0065784 0.0023929 0.0007207 -0.00616 0.0033251 0.0024854 -0.0061344 0.003372 0.0026324 -0.0061257 0.0033878 0.0027867 -0.0050553 0.0048421 0.0030877 -0.0061347 0.0033716 0.002941 -0.0061605 0.0033241 0.0030877 -0.0035864 0.0060118 0.0030877 -0.0018594 0.0067488 0.0030877 -0.000378 0.0069901 -0.0028675 -0.0002748 0.0069949 -0.0031529 1.4e-06 0.0070003 0.0030877 -0.0003383 0.0069921 -0.0025679 -0.0001701 0.0069982 -0.0023173 8.48e-05 0.0069998 -0.0021539 0.0018621 0.0067481 0.0030877 0.0017959 0.006766 -0.0012632 0.003217 0.0062173 -4.43e-05 0.0035888 0.0060104 0.0030877 0.0042952 0.0055276 0.0014313 0.0050573 0.0048402 0.0030877 -0.0001976 0.0069975 -0.0032725 -0.0001207 0.0069993 -0.0033922 -0.0068966 0.0011988 -0.0009045 -0.0069955 -0.0002486 -0.0023389 0.0006088 -0.0072752 0.0026999 0.0017112 -0.0071769 0.0009374 0.0008028 -0.0076198 0.0026994 0.001196 -0.0083474 0.0027288 0.001561 -0.0090803 0.0028183 0.0064771 -0.0173942 0.0023352 0.0018985 -0.0098147 0.0029674 0.0022127 -0.0105496 0.0031744 0.0055917 -0.0169261 0.003721 0.0031829 -0.012713 0.0037656 0.0043158 -0.0148657 0.0040129 0.0049378 -0.0159109 0.0039357 0.0029955 -0.0068303 -0.0006679 0.0082609 -0.0163643 -0.0006921 0.0072476 -0.0169493 0.000765 0.0097833 -0.0226628 0.0016611 0.0083722 -0.0207235 0.00226 0.0043745 -0.006127 -0.0020613 0.0094926 -0.0156532 -0.0019619 0.011236 -0.0214001 -0.0008912 0.0123726 -0.0207439 -0.002008 0.014211 -0.026436 -0.0010904 0.0152525 -0.0258347 -0.0020541 0.0180006 -0.0328506 -0.001344 0.0189209 -0.0323193 -0.0021128 0.0217902 -0.0392652 -0.0015977 0.0225893 -0.0388039 -0.0021715 0.0255798 -0.0456798 -0.0018514 0.0262577 -0.0452884 -0.0022302 0.0286593 -0.0524834 -0.0018032 0.0301196 -0.0516613 -0.0023419 0.0269747 -0.0448745 -0.0025281 0.0303253 -0.05149 -0.0023975 0.0304635 -0.0512585 -0.0024422 0.0305165 -0.0509924 -0.0024746 0.0304757 -0.0507231 -0.0024938 0.0277161 -0.0444464 -0.0027374 0.0276066 -0.0424917 -0.0029085 0.0243671 -0.0377775 -0.002951 0.0252938 -0.0372424 -0.0031375 0.0221211 -0.0304717 -0.0034191 0.02456 -0.034323 -0.0032968 0.0213359 -0.026222 -0.0036619 0.0189483 -0.0237009 -0.0037008 0.0179355 -0.0181928 -0.0040181 0.0164575 -0.0183855 -0.0039219 0.017041 -0.0163328 -0.0041009 0.0160114 -0.014543 -0.0041777 0.0148524 -0.0128345 -0.0042393 0.0139667 -0.0130701 -0.004143 0.0135749 -0.0112217 -0.004271 0.0121898 -0.0097166 -0.0042553 0.0124105 -0.0139685 -0.0037138 0.0106979 -0.0083195 -0.0041689 0.0090986 -0.0070321 -0.0039843 0.0108965 -0.0148426 -0.0029825 0.0074137 -0.005872 -0.0036696 0.0066852 -0.0052935 -0.0035208 0.0057044 -0.0049838 -0.0031724 0.0061205 -0.0045488 -0.0034662 0.0060416 -0.0044124 -0.0034661 0.0050592 -0.0056113 -0.0026577 0.0136584 -0.0200015 -0.0029044 0.0164203 -0.0251605 -0.0028263 0.0199384 -0.0317318 -0.0027269 0.0234566 -0.0383032 -0.0026275 0.0249523 -0.0460421 -0.0014043 0.0283761 -0.052573 -0.0016705 0.0229401 -0.043427 -0.0008934 0.0280808 -0.0525437 -0.0015401 0.0276172 -0.0521415 -0.0013819 0.0278138 -0.0523934 -0.0014355 0.0210783 -0.0396762 -0.0009297 0.0179254 -0.034908 -0.000328 0.0172043 -0.0333104 -0.000455 0.0152893 -0.0307414 0.0001225 0.0133303 -0.0269445 1.97e-05 0.012572 -0.0266523 0.0007571 0.0102889 -0.0219469 0.0003923 0.0069554 -0.0188339 0.0030092 0.0150397 -0.0192041 -0.003546 0.0176689 -0.0244396 -0.0033783 0.021018 -0.0311085 -0.0031647 0.0061017 -0.0039984 -0.0033868 0.0061115 -0.003983 -0.0033592 0.0063449 -0.0044192 -0.0033866 0.0064783 -0.0043421 -0.0031226 0.0065547 -0.0044687 -0.0031237 0.006591 -0.0042763 -0.0028991 0.0071223 -0.0049837 -0.0029397 0.0062318 -0.0039143 -0.003123 0.0061631 -0.003892 -0.0032056 0.0062137 -0.0037998 -0.0030525 0.0062634 -0.0037063 -0.0028998 0.00701 -0.0050479 -0.003167 0.0078023 -0.005533 -0.0030514 0.0075658 -0.0056715 -0.0035676 0.0068778 -0.0051234 -0.0034346 0.0009799 -0.0072765 0.0030201 0.0009628 -0.0075311 0.0029898 0.0010855 -0.0074631 0.0030196 0.0017024 -0.0089498 0.0031008 0.0018239 -0.0088789 0.0031264 0.0024589 -0.010308 0.0034523 0.0023442 -0.010388 0.0034388 0.0033387 -0.0125949 0.004029 0.0033311 -0.0126006 0.004029 0.0044913 -0.0147732 0.004271 0.0007972 -0.0073266 0.002981 0.0009244 -0.0075519 0.0029806 0.0016734 -0.0089822 0.0030953 0.0023245 -0.0104196 0.0034402 0.0051201 -0.015832 0.0041929 0.0051324 -0.0158459 0.0041906 0.0046165 -0.0147095 0.0042661 0.0034575 -0.0125247 0.0040315 0.0057762 -0.0168636 0.0039788 0.0057969 -0.0168744 0.0039743 0.0059226 -0.0168067 0.0039726 0.0073212 -0.0187544 0.0032694 0.007183 -0.0188122 0.0032625 0.0086319 -0.0207509 0.0025168 0.0085338 -0.02071 0.0025292 0.0099297 -0.0226611 0.0019372 0.0071379 -0.0188108 0.0032677 0.0100776 -0.0227478 0.001924 0.0126889 -0.0266627 0.0010443 0.0129277 -0.0268556 0.0010383 0.0153811 -0.0307589 0.0004172 0.0156998 -0.0310702 0.0004237 0.0179949 -0.0349295 -2.81e-05 0.0182525 -0.0348246 0.0001306 0.0196819 -0.0375281 -0.000173 0.0232041 -0.0433482 -0.0003919 0.0234345 -0.0441033 -0.0005478 0.0277525 -0.0520952 -0.0008592 0.027695 -0.0521243 -0.0009312 0.0276376 -0.0521531 -0.0010033 0.0275801 -0.0521817 -0.0010755 0.0229671 -0.0434534 -0.0005868 0.015638 -0.030659 0.0005484 0.0129361 -0.0265714 0.0011404 0.0101555 -0.0225843 0.0019897 0.0087416 -0.0206422 0.0025571 0.0052524 -0.0157711 0.0041868 0.0062802 -0.0039253 -0.0026143 0.005088 -0.0054145 -0.0016908 0.0065084 -0.0043236 -0.002614 0.0070655 -0.0050729 -0.0026585 0.0087848 -0.0100775 -0.0022209 0.0077766 -0.0056598 -0.0027812 0.0103075 -0.0091877 -0.0028993 0.0094278 -0.0068563 -0.0030345 0.0108258 -0.0088842 -0.0030574 0.0109906 -0.0081824 -0.0031702 0.0124502 -0.0096225 -0.0032197 0.0137296 -0.0148023 -0.0028714 0.0146662 -0.0142525 -0.0030566 0.0165789 -0.0183342 -0.002909 0.0161279 -0.0144686 -0.0030978 0.0180081 -0.0181041 -0.0029506 0.0204023 -0.0264986 -0.0026135 0.0246411 -0.0342453 -0.0023481 0.0223126 -0.0305814 -0.0024657 0.0261283 -0.0387494 -0.0021698 0.0216509 -0.0309721 -0.0023616 0.0256005 -0.0390624 -0.0021054 0.0213206 -0.031167 -0.0022828 0.0253369 -0.0392187 -0.0020548 0.0203457 -0.0317414 -0.0019383 0.0245564 -0.0396815 -0.0018286 0.0194206 -0.0322852 -0.0014371 0.0238072 -0.0401254 -0.0014942 0.0185755 -0.0327806 -0.0007967 0.0231078 -0.0405396 -0.0010619 0.0178335 -0.0332143 -4.53e-05 0.0224728 -0.0409156 -0.0005484 0.0184537 -0.0346845 9.66e-05 0.023416 -0.043224 -0.0003968 0.0073642 -0.010905 -0.0012488 0.0037539 -0.006475 -0.0004178 0.0061079 -0.0116337 -2.05e-05 0.0024689 -0.0071427 0.001143 0.0050636 -0.0122361 0.001404 0.0013572 -0.0075075 0.0029232 0.0020588 -0.0088736 0.003035 0.004258 -0.0126969 0.0029519 0.0026657 -0.0102563 0.0033462 0.0036372 -0.0124535 0.0039057 0.0047722 -0.0146152 0.0041324 0.0060668 -0.016682 0.003845 0.0074624 -0.0185972 0.0031616 0.0077356 -0.0182876 0.0023609 0.008897 -0.0204847 0.0024615 0.0101083 -0.0221069 0.0019606 0.0103219 -0.0224275 0.0019051 0.0108321 -0.0216907 0.0007407 0.0131184 -0.0264186 0.0010752 0.0155034 -0.0293705 0.0002132 0.0158312 -0.030512 0.0004998 0.0279683 -0.0519914 -0.0008148 0.0254035 -0.0470246 -0.0005234 0.0259205 -0.0467122 -0.0009113 0.0236262 -0.0428451 -0.0006707 0.0264794 -0.0463756 -0.0012508 0.0242353 -0.0424828 -0.0011258 0.0270742 -0.0460186 -0.001531 0.0248991 -0.0420881 -0.0015071 0.0276967 -0.0456459 -0.0017433 0.0256054 -0.0416684 -0.0018004 0.0283369 -0.0452636 -0.0018827 0.0263385 -0.0412329 -0.0019975 0.0285523 -0.0451353 -0.0019127 0.0265857 -0.0410861 -0.0020412 0.0277171 -0.0424106 -0.0020331 0.0281586 -0.0522468 -0.0008625 0.0284239 -0.0524019 -0.0009571 0.0265565 -0.0489573 -0.0007037 0.0270596 -0.0486507 -0.0010299 0.0275944 -0.0483263 -0.001312 0.0281559 -0.0479872 -0.0015422 0.028738 -0.0476371 -0.0017143 0.0293332 -0.0472805 -0.0018253 0.0287219 -0.0524304 -0.0010749 0.0290064 -0.0523333 -0.0011921 0.0302795 -0.0515736 -0.001592 0.0306054 -0.0511675 -0.0016674 0.0306089 -0.0506421 -0.0017039 0.0137906 -0.0111531 -0.0032101 0.0084926 -0.0178534 0.0010084 0.0094554 -0.017297 -0.0002335 0.0117393 -0.0211655 -0.0003772 0.0163001 -0.0289068 -0.0006592 0.0106007 -0.0166316 -0.0013024 0.0128091 -0.020543 -0.0013379 0.0172196 -0.0283695 -0.0014055 0.0118875 -0.0158809 -0.0021469 0.0140048 -0.0198446 -0.0020957 0.0182343 -0.0277746 -0.0019915 0.0132621 -0.0150764 -0.0027348 0.0152787 -0.0190981 -0.0026222 0.0193083 -0.0271432 -0.0023963 0.0157117 -0.0188439 -0.0027442 0.0196726 -0.0269287 -0.0024894 0.0066145 -0.0042628 -0.0027906 0.0064423 -0.0039657 -0.0028233 0.0062588 -0.0036613 -0.0028583 0.0062566 -0.0036408 -0.0028172 0.0062568 -0.0036429 -0.0027728 0.0064348 -0.0039699 -0.0027354 0.0062597 -0.0036685 -0.0027301 0.0063952 -0.0039926 -0.0026598 0.0065838 -0.0042804 -0.0026845 0.0011238 -0.0074415 0.0030239 0.001162 -0.0074199 0.0030185 0.0011982 -0.0073994 0.0030035 0.0008342 -0.0076025 0.0029228 0.0006383 -0.007293 0.0029005 0.0006041 -0.0072717 0.0028661 0.0007883 -0.0076282 0.0028166 0.0005763 -0.0072544 0.0028082 0.0005802 -0.007257 0.0027492 0.0062039 -0.0045006 -0.0034855 0.0060611 -0.0043086 -0.0034849 0.0060157 -0.0041799 -0.0034855 0.0061271 -0.0042704 -0.003477 0.0060271 -0.0041224 -0.0034803 0.006057 -0.0040753 -0.0034614 0.0061857 -0.0042366 -0.0034409 0.0062853 -0.0044536 -0.0034567 0.0303509 -0.0517618 -0.0017911 0.0298087 -0.0520794 -0.0018359 0.030259 -0.0518126 -0.0021481 0.0295063 -0.0522547 -0.001737 0.0288253 -0.0526311 -0.0016298 0.0288958 -0.0525987 -0.0015501 0.0289664 -0.0525659 -0.0014707 0.0290372 -0.0525328 -0.0013914 0.0092573 -0.0068478 -0.0038686 0.0093714 -0.0067739 -0.0035563 0.0094805 -0.006725 -0.0033011 0.0109641 -0.008084 -0.003704 0.0110711 -0.0080507 -0.003432 0.0124565 -0.0095134 -0.0037609 0.0125562 -0.009493 -0.0034755 0.0138395 -0.0110503 -0.0037534 0.0139195 -0.0110288 -0.0034595 0.0151063 -0.0126837 -0.0037051 0.0151646 -0.0126527 -0.0034072 0.0162939 -0.0143635 -0.0033353 0.0162519 -0.0144035 -0.0036338 0.0173076 -0.0161602 -0.0032575 0.0172719 -0.0162002 -0.0035542 0.0181983 -0.0180303 -0.0031815 0.0181628 -0.0180649 -0.0034741 0.0213551 -0.0255991 -0.003167 0.0181162 -0.0181065 -0.0038495 0.0215198 -0.026139 -0.0034925 0.0244001 -0.0331943 -0.0028612 0.0247506 -0.0342421 -0.0031305 0.0270607 -0.0402069 -0.0025724 0.0278074 -0.042412 -0.0027505 0.029592 -0.0472664 -0.0022643 0.0306852 -0.0506455 -0.002346 0.0307086 -0.0506324 -0.0022439 0.030732 -0.0506194 -0.0021418 0.0307537 -0.0506074 -0.0020472 0.0307754 -0.0505954 -0.0019525 0.027893 -0.0423559 -0.0022734 0.0248269 -0.0341822 -0.0025812 0.021595 -0.0260725 -0.0028797 0.0172174 -0.0162349 -0.0039346 0.0161849 -0.0144326 -0.0040152 0.0137442 -0.0110838 -0.0041222 0.0108614 -0.0081509 -0.0040405 0.0284878 -0.0527356 -0.001447 0.0286067 -0.0526848 -0.0013161 0.0286887 -0.052648 -0.0012195 0.0283224 -0.0526083 -0.0010531 0.0282824 -0.0526144 -0.0010769 0.0281344 -0.0526887 -0.0012737 0.0279929 -0.052414 -0.000923 0.0278158 -0.0524941 -0.0011404 0.0307378 -0.0509789 -0.0023213 0.0307241 -0.0512813 -0.0020788 0.0308271 -0.0509272 -0.0019328 0.0307664 -0.0512563 -0.0018987 0.0306013 -0.0515453 -0.001851 0.030511 -0.0515981 -0.0022199 0.0306772 -0.0513091 -0.0022786 0.0066603 -0.0043655 -0.00287 0.0067202 -0.0044595 -0.0028719 0.0068482 -0.0046414 -0.0028796 0.0068603 -0.0046372 -0.0028009 0.0071498 -0.004978 -0.0028318 0.0071453 -0.0049898 -0.0027763 0.0074731 -0.0052922 -0.0028259 0.007465 -0.0053099 -0.0027906 0.007643 -0.0054463 -0.0028219 0.0078136 -0.0055844 -0.0028332 0.0066635 -0.0043654 -0.0027353 0.0066717 -0.0043596 -0.0027912 0.0067319 -0.0044542 -0.0027931 0.0066495 -0.0043746 -0.0026986 0.0067106 -0.0044709 -0.0027005 0.0068411 -0.0046574 -0.0027084 0.0067242 -0.0044609 -0.0027372 0.0068537 -0.0046457 -0.0027451 0.0071349 -0.0050046 -0.0027402 0.0077352 -0.0055104 -0.0028389 0.0078272 -0.0055386 -0.002909 0.0077415 -0.0054909 -0.0028735 0.0077423 -0.0054738 -0.0029279 0.0076512 -0.0054109 -0.0029113 0.0076375 -0.0054094 -0.0029891 0.007462 -0.0052769 -0.0029589 0.0078208 -0.0055243 -0.0029859 0.0077285 -0.0054718 -0.0030056 0.0071369 -0.0049799 -0.0029102 0.0074755 -0.0052772 -0.0028808 0.0076498 -0.0054273 -0.0028567 0.0085953 -0.0060514 -0.0031044 0.0085934 -0.0060731 -0.0030189 0.0085694 -0.0061223 -0.0029497 0.0109769 -0.0080683 -0.0031976 0.0093941 -0.006738 -0.0030609 0.0124557 -0.0095157 -0.0032461 0.0138137 -0.0110565 -0.0032342 0.0150546 -0.0126848 -0.0031852 0.0161808 -0.0143995 -0.0031161 0.0171929 -0.0161998 -0.0030401 0.016244 -0.0143631 -0.0031714 0.0172596 -0.0161674 -0.0030939 0.0162802 -0.0143443 -0.0032533 0.0172986 -0.0161504 -0.0031751 0.0181823 -0.0180329 -0.0030671 0.0181109 -0.0180606 -0.0029805 0.0151456 -0.0126249 -0.0033256 0.0151133 -0.012645 -0.0032427 0.0138944 -0.0109926 -0.0033781 0.0138669 -0.0110137 -0.0032941 0.0125237 -0.0094488 -0.0033937 0.0125021 -0.0094705 -0.0033088 0.0110299 -0.007999 -0.0033487 0.0110154 -0.008021 -0.0032632 0.0094297 -0.0066673 -0.0032148 0.0094233 -0.0066892 -0.0031291 0.0026108 -0.0102593 0.0034102 0.0019148 -0.0087802 0.003103 0.0025375 -0.0102776 0.0034478 0.001272 -0.0074565 0.0029807 0.0215898 -0.0260719 -0.0027975 0.0215491 -0.0260859 -0.0027175 0.02148 -0.0261121 -0.0026646 0.0277907 -0.0423837 -0.0020542 0.0247158 -0.0342166 -0.0023653 0.0292631 -0.0464909 -0.0018901 0.0307084 -0.0506104 -0.001747 0.029327 -0.0464709 -0.0019488 0.0307704 -0.050593 -0.0018397 0.0293609 -0.0464624 -0.0020308 0.0278919 -0.0423525 -0.0021923 0.0248228 -0.0341803 -0.0024996 0.0247836 -0.0341924 -0.0024194 0.027856 -0.0423622 -0.0021112 0.0035603 -0.0124698 0.0039975 0.0041158 -0.0135686 0.0041699 0.0053466 -0.0157097 0.0041486 0.0047111 -0.0146498 0.0042273 0.0043098 -0.0139312 0.0042032 0.0060174 -0.0167413 0.003937 0.0066445 -0.0176402 0.0036564 0.0074359 -0.0186456 0.003225 0.0073859 -0.0187012 0.0032632 0.030767 -0.0512481 -0.0018203 0.0307416 -0.0513096 -0.0018123 0.030353 -0.0517306 -0.0016922 0.030735 -0.0512276 -0.001743 0.0306746 -0.0511992 -0.0016884 0.0306526 -0.0512537 -0.0016821 0.0303268 -0.0516617 -0.0016193 0.0307107 -0.0512864 -0.0017359 0.0088343 -0.0205552 0.0025465 0.0102491 -0.0224945 0.0019874 0.0121124 -0.0251387 0.0013951 0.0130316 -0.0264805 0.0011503 0.0157351 -0.0305704 0.0005674 0.0183513 -0.0347401 0.000157 0.0216969 -0.0404042 -0.0002124 0.023306 -0.0432769 -0.0003518 0.0256346 -0.0476343 -0.0005478 0.027817 -0.0520667 -0.0008089 0.0278937 -0.0520297 -0.0007931 0.029703 -0.0521337 -0.0015526 0.0296972 -0.0520881 -0.0014856 0.0296741 -0.0520247 -0.0014403 0.0290458 -0.0524245 -0.0012227 0.029057 -0.0524975 -0.0012957 0.0281237 -0.052298 -0.0008491 0.0280788 -0.0523471 -0.000855 0.0280339 -0.0523886 -0.0008819 0.0283564 -0.0525785 -0.0010063 0.0283859 -0.052528 -0.0009698 0.028411 -0.0524658 -0.0009536 0.0287307 -0.0524987 -0.0010819 0.0287273 -0.0525662 -0.0011119 0.0287136 -0.0526186 -0.0011622 0.0016047 -0.0090196 0.003062 0.0015533 -0.0090555 0.0029912 0.0015391 -0.0090768 0.0029003 0.0021886 -0.0105237 0.0032888 0.0022309 -0.0104745 0.0033894 0.0032518 -0.0126314 0.0040054 0.0031908 -0.0126744 0.0039418 0.0031677 -0.0127045 0.0038514 0.0037176 -0.0137895 0.0040358 0.0043109 -0.01487 0.0041013 0.0049378 -0.0159235 0.0040233 0.005595 -0.0169463 0.0038064 0.0049764 -0.0159126 0.0041142 0.005636 -0.0169432 0.0038958 0.0050466 -0.0158779 0.0041755 0.0057064 -0.0169131 0.0039577 0.0066471 -0.0182777 0.0034871 0.0070407 -0.0188632 0.0032201 0.0065787 -0.0183019 0.0034233 0.0069716 -0.0188719 0.0031221 0.0065377 -0.0182966 0.003336 0.0044133 -0.0148123 0.0042544 0.0038112 -0.0137222 0.0041894 0.004345 -0.014851 0.004193 0.0037462 -0.0137637 0.0041272 0.0084601 -0.02074 0.0024983 0.0084002 -0.0207603 0.0024284 0.0083693 -0.0207527 0.0023396 0.0097773 -0.0226952 0.0017386 0.009801 -0.0227026 0.0018285 0.0098551 -0.0226838 0.0019019 0.012616 -0.0266772 0.0010013 0.0144213 -0.0293961 0.0005554 0.0153116 -0.0307695 0.000368 0.0179296 -0.0349388 -8.22e-05 0.017897 -0.0349514 -0.0001663 0.0228889 -0.0434727 -0.0007373 0.0229026 -0.0434607 -0.0008271 0.0275476 -0.0521827 -0.0012971 0.0178991 -0.0349422 -0.0002569 0.0152689 -0.0307755 0.0001956 0.0143739 -0.0294029 0.000384 0.0143809 -0.0294111 0.0004748 0.0125709 -0.0266935 0.000923 0.0125581 -0.0266857 0.0008323 0.0275337 -0.0521978 -0.0011818 0.0229117 -0.0434642 -0.0006491 0.0152734 -0.0307839 0.0002864 0.0277798 -0.0525103 -0.0012147 0.0277628 -0.0524946 -0.0013049 0.0277759 -0.0524492 -0.0013852 0.0280678 -0.0526161 -0.0015017 0.0283915 -0.0526476 -0.0016473 0.0287156 -0.0525674 -0.0017834 0.028422 -0.0527098 -0.0015943 0.0280765 -0.052676 -0.0014333 0.0281032 -0.0527014 -0.0013496 0.0287763 -0.0526214 -0.00172 0.0284585 -0.0527402 -0.0015211 0.0295069 -0.0522291 -0.0019951 0.0294663 -0.0521989 -0.0020582 0.0294208 -0.0521455 -0.0020987 0.0301752 -0.0517447 -0.0023163 0.0302262 -0.0518 -0.0022454 0.0306269 -0.0513686 -0.0023362 0.0306507 -0.0513095 -0.0023458 0.0306427 -0.0506638 -0.002431 0.0305767 -0.0513558 -0.0023945 0.0305108 -0.0513321 -0.002429 0.0305325 -0.0512795 -0.0024371 0.030567 -0.0506919 -0.0024845 0.0305996 -0.0512992 -0.0024034 0.0292434 -0.0465332 -0.0026142 0.0291931 -0.0465536 -0.0026684 0.029129 -0.0465775 -0.0026978 0.0246236 -0.0342984 -0.0032883 0.0276718 -0.0424687 -0.0029034 0.0213978 -0.0261957 -0.0036517 0.0246839 -0.0342735 -0.0032543 0.0214561 -0.0261699 -0.0036165 0.0247292 -0.0342534 -0.0031971 0.0214997 -0.0261497 -0.0035589 0.0180844 -0.0181242 -0.0039364 0.0180193 -0.0181553 -0.0039971 0.0277832 -0.042424 -0.0028166 0.0277347 -0.0424443 -0.0028722 0.0065764 -0.0048001 -0.0034246 0.0064894 -0.0046802 -0.0034177 0.0064476 -0.0046187 -0.0034153 0.0064038 -0.0046462 -0.0034602 0.0063428 -0.0045513 -0.0034578 0.0063656 -0.0046708 -0.0034806 0.006304 -0.004575 -0.0034782 0.0063351 -0.0046907 -0.003488 0.006273 -0.004594 -0.0034855 0.0071977 -0.0054342 -0.0035197 0.0068663 -0.0051362 -0.003461 0.0067649 -0.0050281 -0.0034463 0.0067241 -0.0050588 -0.003492 0.0065338 -0.004829 -0.0034697 0.0066893 -0.0050872 -0.003513 0.006497 -0.0048553 -0.0034903 0.0064676 -0.004877 -0.0034979 0.0064082 -0.0047333 -0.0034832 0.006378 -0.0047538 -0.0034906 0.0075328 -0.005702 -0.0036268 0.0074683 -0.0056279 -0.0035757 0.007376 -0.0055662 -0.003556 0.0071612 -0.0054679 -0.0035669 0.0068266 -0.0051677 -0.003507 0.007131 -0.0054999 -0.0035895 0.0067928 -0.0051971 -0.0035284 0.006766 -0.0052218 -0.0035367 0.0066616 -0.005111 -0.0035211 0.0074346 -0.0056628 -0.0036243 0.0074929 -0.00575 -0.0036667 0.0074072 -0.0056964 -0.003648 0.0073857 -0.0057256 -0.0036585 0.007313 -0.0056338 -0.0036274 0.0072908 -0.0056625 -0.0036376 0.0071072 -0.0055274 -0.003599 0.0074512 -0.0058095 -0.0036815 0.0063872 -0.0045246 -0.003413 0.0073414 -0.0056007 -0.0036041 0.006446 -0.0047082 -0.0034627 0.0171989 -0.0162491 -0.0039992 0.0171583 -0.0162729 -0.0040554 0.0171023 -0.0163039 -0.0040908 0.0160727 -0.0145125 -0.0041688 0.0149133 -0.0128014 -0.0042326 0.0136346 -0.0111849 -0.0042674 0.0122469 -0.009675 -0.0042554 0.0107504 -0.0082721 -0.0041732 0.0091446 -0.0069788 -0.0039929 0.0091908 -0.0069214 -0.0039738 0.0107989 -0.0082192 -0.00415 0.0108395 -0.0081776 -0.004102 0.0123373 -0.0095888 -0.0041783 0.0092318 -0.0068758 -0.0039287 0.0150062 -0.0127312 -0.0041465 0.0137261 -0.0111068 -0.0041853 0.0122972 -0.0096266 -0.0042287 0.0161672 -0.0144502 -0.0040794 0.0161272 -0.0144773 -0.0041347 0.0149664 -0.0127618 -0.0042005 0.0136863 -0.0111409 -0.0042377 -0.0066051 0.0031109 0.0026999 -0.0070712 0.002107 0.0009374 -0.0070005 0.0031152 0.0026994 -0.0078273 0.0031384 0.0027288 -0.0086445 0.0031887 0.0028183 -0.0183025 0.0030882 0.0023352 -0.0094492 0.0032637 0.0029674 -0.0102428 0.0033591 0.0031744 -0.0174545 0.003621 0.003721 -0.0126014 0.0036005 0.0037656 -0.0150321 0.0036958 0.0040129 -0.0162484 0.0036796 0.0039357 -0.0074132 0.0008215 -0.0006679 -0.0183025 0.0010285 -0.0006921 -0.0183025 0.0021985 0.000765 -0.0245184 0.0028593 0.0016611 -0.0221334 0.0031117 0.00226 -0.0074935 -0.0007244 -0.0020613 -0.0183025 -0.0003938 -0.0019619 -0.0241513 0.0009699 -0.0008912 -0.0241513 -0.0003425 -0.002008 -0.03 0.0009114 -0.0010904 -0.03 -0.0002912 -0.0020541 -0.03745 0.0008368 -0.001344 -0.03745 -0.0002258 -0.0021128 -0.0449 0.0007622 -0.0015977 -0.0449 -0.0001605 -0.0021715 -0.05235 0.0006876 -0.0018514 -0.05235 -9.52e-05 -0.0022302 -0.0597818 0.0014225 -0.0018032 -0.0598 -0.0002532 -0.0023419 -0.05235 -0.000923 -0.0025281 -0.0597545 -0.000517 -0.0023975 -0.0596231 -0.0007525 -0.0024422 -0.0594192 -0.0009313 -0.0024746 -0.0591655 -0.0010307 -0.0024938 -0.05235 -0.0017792 -0.0027374 -0.0506024 -0.0026617 -0.0029085 -0.0449 -0.0022133 -0.002951 -0.0449 -0.0032834 -0.0031375 -0.03745 -0.0039211 -0.0034191 -0.0420048 -0.0041075 -0.0032968 -0.0333771 -0.0053659 -0.0036619 -0.03 -0.0045587 -0.0037008 -0.0247234 -0.0064357 -0.0040181 -0.0241513 -0.0050593 -0.0039219 -0.0226654 -0.0065911 -0.0041009 -0.0206005 -0.0065943 -0.0041777 -0.0185414 -0.0064448 -0.0042393 -0.0183025 -0.00556 -0.004143 -0.0165059 -0.0061449 -0.004271 -0.01451 -0.0056979 -0.0042553 -0.0183025 -0.003763 -0.0037138 -0.012554 -0.0051044 -0.0041689 -0.0106395 -0.0043631 -0.0039843 -0.0183025 -0.0020148 -0.0029825 -0.0087923 -0.003484 -0.0036696 -0.0079271 -0.0031423 -0.0035208 -0.0071685 -0.0024478 -0.0031724 -0.0069998 -0.0030257 -0.0034662 -0.0068422 -0.0030255 -0.0034661 -0.0073893 -0.0015753 -0.0026577 -0.0241513 -0.0018273 -0.0029044 -0.03 -0.0016397 -0.0028263 -0.03745 -0.0014008 -0.0027269 -0.0449 -0.0011619 -0.0026275 -0.05235 0.0014122 -0.0014043 -0.0597178 0.0017125 -0.0016705 -0.0490792 0.0018473 -0.0008934 -0.0595448 0.0019536 -0.0015401 -0.0589647 0.002154 -0.0013819 -0.0592811 0.0021097 -0.0014355 -0.0449 0.0015843 -0.0009297 -0.0391941 0.0019307 -0.000328 -0.03745 0.0017563 -0.000455 -0.0342677 0.0021302 0.0001225 -0.03 0.0019284 1.97e-05 -0.0293678 0.0024389 0.0007571 -0.0241513 0.0020635 0.0003923 -0.0197885 0.0033939 0.0030092 -0.0241513 -0.0034223 -0.003546 -0.03 -0.0030815 -0.0033783 -0.03745 -0.0026474 -0.0031647 -0.0065137 -0.0032845 -0.0033868 -0.0065053 -0.0033007 -0.0033592 -0.0069998 -0.0032847 -0.0033866 -0.0069997 -0.0034389 -0.0031226 -0.0071475 -0.0034417 -0.0031237 -0.0069991 -0.0035693 -0.0028991 -0.0078774 -0.0036757 -0.0029397 -0.006506 -0.0034393 -0.003123 -0.0064523 -0.0033909 -0.0032056 -0.0063978 -0.0034809 -0.0030525 -0.0063416 -0.0035707 -0.0028998 -0.0078768 -0.0035464 -0.003167 -0.0086931 -0.00399 -0.0030514 -0.0086948 -0.0037159 -0.0035676 -0.007876 -0.0033941 -0.0034346 -0.0067918 0.0027901 0.0030201 -0.0070038 0.0029322 0.0029898 -0.0070062 0.002792 0.0030196 -0.0086022 0.003001 0.0031008 -0.0086015 0.0028604 0.0031264 -0.0101566 0.003025 0.0034523 -0.0101686 0.0031644 0.0034388 -0.0125771 0.0034065 0.004029 -0.0125782 0.003416 0.004029 -0.0150398 0.0034975 0.004271 -0.0067438 0.0029734 0.002981 -0.0070025 0.0029759 0.0029806 -0.0086157 0.0030424 0.0030953 -0.0101861 0.0031972 0.0034402 -0.0162711 0.0034823 0.0041929 -0.0162893 0.0034786 0.0041906 -0.0150472 0.0033572 0.0042661 -0.0125756 0.0032686 0.0040315 -0.0174927 0.0034299 0.0039788 -0.0175123 0.0034175 0.0039743 -0.0175165 0.0032747 0.0039726 -0.0199026 0.0030374 0.0032694 -0.0198835 0.0031859 0.0032625 -0.0222869 0.0029005 0.0025168 -0.0222025 0.002965 0.0025292 -0.0245901 0.0027317 0.0019372 -0.0198598 0.0032242 0.0032677 -0.0247391 0.0026469 0.001924 -0.0294352 0.0023429 0.0010443 -0.0297217 0.0022326 0.0010383 -0.0343288 0.0020595 0.0004172 -0.0347577 0.0019391 0.0004237 -0.0392475 0.0018812 -2.81e-05 -0.0392854 0.0016056 0.0001306 -0.0423414 0.0017195 -0.000173 -0.0491429 0.0015792 -0.0003919 -0.0499121 0.0017573 -0.0005478 -0.0589922 0.0020137 -0.0008592 -0.0589887 0.002078 -0.0009312 -0.0589849 0.0021422 -0.0010033 -0.0589809 0.0022062 -0.0010755 -0.0491155 0.001837 -0.0005868 -0.0343706 0.0017871 0.0005484 -0.0294798 0.0020832 0.0011404 -0.0246365 0.0024977 0.0019897 -0.0222476 0.0027511 0.0025571 -0.0162846 0.0033373 0.0041868 -0.0065397 -0.0034757 -0.0026143 -0.0072333 -0.0016986 -0.0016908 -0.0069988 -0.0034742 -0.002614 -0.0079262 -0.003582 -0.0026585 -0.01312 -0.0025687 -0.0022209 -0.00879 -0.0039043 -0.0027812 -0.0131107 -0.0043322 -0.0028993 -0.0106518 -0.0047361 -0.0030345 -0.0131071 -0.0049329 -0.0030574 -0.0125817 -0.0054264 -0.0031702 -0.0145586 -0.0059704 -0.0032197 -0.0196842 -0.0044886 -0.0028714 -0.0196763 -0.0055746 -0.0030566 -0.0241675 -0.0051902 -0.002909 -0.0205944 -0.0067324 -0.0030978 -0.0246829 -0.006543 -0.0029506 -0.0331498 -0.0044191 -0.0026135 -0.0419781 -0.0042167 -0.0023481 -0.0376408 -0.004032 -0.0024657 -0.0466223 -0.0032525 -0.0021698 -0.0376483 -0.0032637 -0.0023616 -0.0466295 -0.0026389 -0.0021054 -0.0376519 -0.0028802 -0.0022828 -0.0466331 -0.0023326 -0.0020548 -0.0376619 -0.0017487 -0.0019383 -0.0466435 -0.0014252 -0.0018286 -0.0376703 -0.0006757 -0.0014371 -0.0466534 -0.0005544 -0.0014942 -0.0376768 0.000304 -0.0007967 -0.0466624 0.0002583 -0.0010619 -0.0376814 0.0011633 -4.53e-05 -0.0466705 0.0009962 -0.0005484 -0.0392647 0.0013614 9.66e-05 -0.0491413 0.0013336 -0.0003968 -0.0131263 -0.0009246 -0.0012488 -0.0074847 -1.3e-05 -0.0004178 -0.0131292 0.0005278 -2.05e-05 -0.0074204 0.0014337 0.001143 -0.0131287 0.0017333 0.001404 -0.0071805 0.0025789 0.0029232 -0.0087144 0.0026543 0.003035 -0.0131251 0.0026614 0.0029519 -0.0102153 0.0028201 0.0033462 -0.0126038 0.0030773 0.0039057 -0.0150434 0.0031753 0.0041324 -0.0174806 0.0030874 0.003845 -0.0198371 0.0028364 0.0031616 -0.0197055 0.0024451 0.0023609 -0.0221889 0.0025378 0.0024615 -0.0241994 0.0022999 0.0019606 -0.024584 0.0022752 0.0019051 -0.0242009 0.001465 0.0007407 -0.0294386 0.0018489 0.0010752 -0.0331875 0.0012594 0.0002132 -0.03434 0.0015463 0.0004998 -0.0590102 0.0017749 -0.0008148 -0.0534265 0.0015127 -0.0005234 -0.0534144 0.0009088 -0.0009113 -0.0489183 0.0009622 -0.0006707 -0.0534024 0.0002565 -0.0012508 -0.048909 0.0002535 -0.0011258 -0.0533906 -0.0004371 -0.001531 -0.0488991 -0.0005187 -0.0015071 -0.0533791 -0.0011626 -0.0017433 -0.0488888 -0.0013403 -0.0018004 -0.0533681 -0.0019082 -0.0018827 -0.0488782 -0.0021929 -0.0019975 -0.0533646 -0.0021589 -0.0019127 -0.0488746 -0.0024804 -0.0020412 -0.0505874 -0.0027979 -0.0020331 -0.0593266 0.0017378 -0.0008625 -0.0595935 0.0015856 -0.0009571 -0.0556767 0.0014805 -0.0007037 -0.0556628 0.0008915 -0.0010299 -0.0556492 0.0002662 -0.001312 -0.0556363 -0.0003897 -0.0015422 -0.0556241 -0.0010688 -0.0017143 -0.0556129 -0.0017625 -0.0018253 -0.0597672 0.0013418 -0.0010749 -0.0598254 0.0010469 -0.0011921 -0.059804 -0.0004355 -0.001592 -0.0596153 -0.0009208 -0.0016674 -0.059162 -0.0011865 -0.0017039 -0.0165543 -0.006366 -0.0032101 -0.019708 0.0015724 0.0010084 -0.0197076 0.0004604 -0.0002335 -0.0241997 0.0004167 -0.0003772 -0.0331843 0.0003376 -0.0006592 -0.0197039 -0.0008642 -0.0013024 -0.0241955 -0.000821 -0.0013379 -0.0331787 -0.0007274 -0.0014055 -0.0196972 -0.0023539 -0.0021469 -0.0241885 -0.0022057 -0.0020957 -0.0331709 -0.0019036 -0.0019915 -0.0196878 -0.0039466 -0.0027348 -0.024179 -0.0036822 -0.0026222 -0.033161 -0.0031494 -0.0023963 -0.0241753 -0.0041843 -0.0027442 -0.0331574 -0.0035721 -0.0024894 -0.0069991 -0.0035964 -0.0027906 -0.0066557 -0.0035958 -0.0028233 -0.0063004 -0.0035892 -0.0028583 -0.0062815 -0.0035975 -0.0028172 -0.0062835 -0.0035967 -0.0027728 -0.0066557 -0.0035872 -0.0027354 -0.0063071 -0.0035863 -0.0027301 -0.0066555 -0.0035416 -0.0026598 -0.006999 -0.003561 -0.0026845 -0.0070066 0.002748 0.0030239 -0.007007 0.0027041 0.0030185 -0.0070074 0.0026625 0.0030035 -0.0070013 0.0030793 0.0029228 -0.0066353 0.0030942 0.0029005 -0.0065997 0.0031132 0.0028661 -0.0070005 0.0031319 0.0028166 -0.0065708 0.0031286 0.0028082 -0.006575 0.0031265 0.0027492 -0.0069998 -0.003122 -0.0034855 -0.006762 -0.0030943 -0.0034849 -0.0066271 -0.0031199 -0.0034855 -0.0067621 -0.0031705 -0.003477 -0.0065831 -0.0031589 -0.0034801 -0.0065578 -0.0032082 -0.003461 -0.0067621 -0.0032381 -0.0034409 -0.0069998 -0.0032159 -0.0034567 -0.0600027 -0.0004033 -0.0017911 -0.0600066 0.0002251 -0.0018359 -0.0600007 -0.0002982 -0.0021481 -0.0600072 0.0005746 -0.001737 -0.0599928 0.0013526 -0.0016298 -0.0599999 0.0012753 -0.0015501 -0.0600068 0.0011978 -0.0014707 -0.0600135 0.00112 -0.0013914 -0.0105592 -0.0045927 -0.0038686 -0.0105523 -0.0047284 -0.0035563 -0.0105644 -0.0048474 -0.0033011 -0.0124832 -0.0054527 -0.003704 -0.0125078 -0.005562 -0.003432 -0.0144673 -0.0060304 -0.0037609 -0.0144995 -0.006127 -0.0034755 -0.0164898 -0.0064597 -0.0037534 -0.0165112 -0.0065397 -0.0034595 -0.0185377 -0.0067401 -0.0037051 -0.0185401 -0.0068061 -0.0034072 -0.0205863 -0.0069287 -0.0033353 -0.0205999 -0.0068723 -0.0036338 -0.0226492 -0.0069082 -0.0032575 -0.0226659 -0.0068573 -0.0035542 -0.024714 -0.0067445 -0.0031815 -0.0247263 -0.0066965 -0.0034741 -0.0328472 -0.005694 -0.003167 -0.0247389 -0.0066353 -0.0038495 -0.0333971 -0.0055667 -0.0034925 -0.0409473 -0.0045335 -0.0028612 -0.04203 -0.0043131 -0.0031305 -0.0483508 -0.0033313 -0.0025724 -0.0506337 -0.0028754 -0.0027505 -0.0557301 -0.0019938 -0.0022643 -0.0592031 -0.001251 -0.002346 -0.0592034 -0.0012777 -0.0022439 -0.0592039 -0.0013045 -0.0021418 -0.0592043 -0.0013293 -0.0020472 -0.0592048 -0.001354 -0.0019525 -0.050628 -0.0029776 -0.0022734 -0.0420163 -0.0044091 -0.0025812 -0.0333771 -0.0056651 -0.0028797 -0.0226687 -0.0067928 -0.0039346 -0.0205917 -0.0067997 -0.0040152 -0.0164711 -0.0063604 -0.0041222 -0.0124898 -0.0053303 -0.0040405 -0.0599145 0.0016971 -0.001447 -0.0599299 0.0015688 -0.0013161 -0.0599391 0.0014794 -0.0012195 -0.0597215 0.0017767 -0.0010531 -0.0597069 0.0018144 -0.0010769 -0.0596972 0.0019798 -0.0012737 -0.0593886 0.0019649 -0.000923 -0.0593694 0.0021583 -0.0011404 -0.0595181 -0.0011298 -0.0023213 -0.0597731 -0.0009667 -0.0020788 -0.059518 -0.001233 -0.0019328 -0.0597727 -0.0010159 -0.0018987 -0.0599404 -0.0007283 -0.001851 -0.059941 -0.0006237 -0.0022199 -0.0597738 -0.0009122 -0.0022786 -0.007111 -0.0035848 -0.00287 -0.0072224 -0.0035896 -0.0028719 -0.0074439 -0.0036095 -0.0028796 -0.0074463 -0.0036221 -0.0028009 -0.0078862 -0.0037025 -0.0028318 -0.0078941 -0.0036926 -0.0027763 -0.0083199 -0.0038253 -0.0028259 -0.0083312 -0.0038095 -0.0027906 -0.0085383 -0.0038954 -0.0028219 -0.0087432 -0.0039741 -0.0028332 -0.0071125 -0.0035876 -0.0027353 -0.0071116 -0.0035976 -0.0027912 -0.0072236 -0.0036024 -0.0027931 -0.0071134 -0.0035708 -0.0026986 -0.0072274 -0.0035756 -0.0027005 -0.0074542 -0.0035954 -0.0027084 -0.0072255 -0.0035924 -0.0027372 -0.0074503 -0.0036121 -0.0027451 -0.0079018 -0.0036762 -0.0027402 -0.00864 -0.0039432 -0.0028389 -0.0087104 -0.0040088 -0.002909 -0.0086262 -0.0039584 -0.0028735 -0.0086118 -0.0039676 -0.0029279 -0.0085118 -0.0039202 -0.0029113 -0.0085037 -0.003909 -0.0029891 -0.0083011 -0.0038234 -0.0029589 -0.0086948 -0.0040104 -0.0029859 -0.0086031 -0.0039567 -0.0030056 -0.0078814 -0.0036903 -0.0029102 -0.0083082 -0.0038349 -0.0028808 -0.0085253 -0.0039108 -0.0028567 -0.0095385 -0.0044175 -0.0031044 -0.0095563 -0.0044051 -0.0030189 -0.009587 -0.0043596 -0.0029497 -0.012476 -0.0054717 -0.0031976 -0.0105325 -0.0047661 -0.0030609 -0.0144689 -0.0060286 -0.0032461 -0.0164823 -0.0064343 -0.0032342 -0.0185129 -0.0066948 -0.0031852 -0.0205609 -0.0068127 -0.0031161 -0.0226261 -0.0067891 -0.0030401 -0.020561 -0.0068857 -0.0031714 -0.0226314 -0.0068631 -0.0030939 -0.0205628 -0.0069264 -0.0032533 -0.0226362 -0.0069054 -0.0031751 -0.0247083 -0.0067293 -0.0030671 -0.0246966 -0.0066537 -0.0029805 -0.0185065 -0.0068036 -0.0033256 -0.0185077 -0.0067655 -0.0032427 -0.0164672 -0.0065361 -0.0033781 -0.0164718 -0.0065017 -0.0032941 -0.0144449 -0.006121 -0.0033937 -0.014453 -0.0060914 -0.0033088 -0.0124425 -0.0055522 -0.0033487 -0.0124543 -0.0055286 -0.0032632 -0.0104891 -0.0048322 -0.0032148 -0.0105049 -0.0048157 -0.0031291 -0.0101904 0.0028691 0.0034102 -0.0085615 0.0027323 0.003103 -0.0101696 0.0029418 0.0034478 -0.0070937 0.0026272 0.0029807 -0.033374 -0.0056609 -0.0027975 -0.0333658 -0.0056187 -0.0027175 -0.0333539 -0.0055457 -0.0026646 -0.0506009 -0.0028751 -0.0020542 -0.0419905 -0.0042957 -0.0023653 -0.0548941 -0.0020966 -0.0018901 -0.0591842 -0.0012885 -0.001747 -0.0549087 -0.002162 -0.0019488 -0.0592002 -0.001351 -0.0018397 -0.0549183 -0.0021955 -0.0020308 -0.0506244 -0.0029784 -0.0021923 -0.0420125 -0.0044065 -0.0024996 -0.0420035 -0.0043665 -0.0024194 -0.050615 -0.0029424 -0.0021112 -0.0125795 0.0031521 0.0039975 -0.0138089 0.0032204 0.0041699 -0.0162785 0.0032251 0.0041486 -0.0150428 0.0032455 0.0042273 -0.0142199 0.0032337 0.0042032 -0.0175073 0.0031599 0.003937 -0.0185993 0.0030663 0.0036564 -0.0198657 0.0028836 0.003225 -0.0198889 0.0029547 0.0032632 -0.0597658 -0.0010205 -0.0018203 -0.0598064 -0.0009677 -0.0018123 -0.0599767 -0.0004206 -0.0016922 -0.0597321 -0.001003 -0.001743 -0.0596773 -0.0009649 -0.0016884 -0.0597135 -0.0009186 -0.0016821 -0.0599039 -0.0004324 -0.0016193 -0.0597709 -0.0009526 -0.0017359 -0.0222187 0.0026274 0.0025465 -0.0246055 0.0023718 0.0019874 -0.0278271 0.0020802 0.0013951 -0.0294488 0.0019551 0.0011503 -0.0343425 0.0016587 0.0005674 -0.0392617 0.0014779 0.000157 -0.0458397 0.0014125 -0.0002124 -0.0491321 0.0014554 -0.0003518 -0.05407 0.0016174 -0.0005478 -0.0589997 0.0019436 -0.0008089 -0.0590062 0.0018587 -0.0007931 -0.0600009 0.0003438 -0.0015526 -0.0599584 0.000326 -0.0014856 -0.0598919 0.0003143 -0.0014403 -0.059924 0.0010584 -0.0012227 -0.0599929 0.0010851 -0.0012957 -0.0593535 0.0017937 -0.0008491 -0.0593736 0.0018571 -0.000855 -0.059387 0.0019168 -0.0008819 -0.0597127 0.0017324 -0.0010063 -0.0596837 0.0016816 -0.0009698 -0.0596425 0.0016288 -0.0009536 -0.0598308 0.0013683 -0.0010819 -0.0598875 0.001405 -0.0011119 -0.059926 0.0014431 -0.0011622 -0.0086137 0.0031206 0.003062 -0.0086191 0.003183 0.0029912 -0.0086305 0.003206 0.0029003 -0.0102083 0.003367 0.0032888 -0.0101868 0.0033057 0.0033894 -0.0125653 0.0035 0.0040054 -0.012572 0.0035743 0.0039418 -0.0125865 0.0036095 0.0038514 -0.013801 0.0036757 0.0040358 -0.0150334 0.0037022 0.0041013 -0.0162593 0.003686 0.0040233 -0.0174736 0.0036282 0.0038064 -0.0162691 0.0036471 0.0041142 -0.0174915 0.0035911 0.0038958 -0.0162742 0.003569 0.0041755 -0.0175006 0.0035151 0.0039577 -0.0191527 0.0033828 0.0034871 -0.0198566 0.0033346 0.0032201 -0.0191395 0.0034541 0.0034233 -0.0198295 0.0033989 0.0031221 -0.0191144 0.0034869 0.003336 -0.0150347 0.0035846 0.0042544 -0.0137896 0.003561 0.0041894 -0.015034 0.0036631 0.004193 -0.013793 0.003638 0.0041272 -0.0221916 0.0030439 0.0024983 -0.0221792 0.0031059 0.0024284 -0.0221573 0.0031288 0.0023396 -0.0245435 0.0028807 0.0017386 -0.0245618 0.0028639 0.0018285 -0.0245725 0.0028076 0.0019019 -0.0294113 0.0024133 0.0010013 -0.0326686 0.0022094 0.0005554 -0.0343032 0.002125 0.000368 -0.0392229 0.0019424 -8.22e-05 -0.0392175 0.0019769 -0.0001663 -0.0490931 0.0019145 -0.0007373 -0.0490895 0.0018966 -0.0008271 -0.0589655 0.0022349 -0.0012971 -0.0392106 0.0019705 -0.0002569 -0.034287 0.002165 0.0001956 -0.0326508 0.0022538 0.000384 -0.0326614 0.0022518 0.0004748 -0.0294029 0.0024606 0.000923 -0.0293897 0.0024677 0.0008323 -0.0589717 0.0022545 -0.0011818 -0.0490972 0.0018905 -0.0006491 -0.0342966 0.0021653 0.0002864 -0.0593653 0.0021976 -0.0012147 -0.0593433 0.0022045 -0.0013049 -0.0593105 0.0021705 -0.0013852 -0.0596009 0.0020011 -0.0015017 -0.0597901 0.0017365 -0.0016473 -0.0598827 0.0014158 -0.0017834 -0.0598592 0.0017412 -0.0015943 -0.0596572 0.0020235 -0.0014333 -0.0596926 0.0020131 -0.0013496 -0.0599599 0.0013902 -0.00172 -0.0599038 0.0017248 -0.0015211 -0.0599854 0.0005613 -0.0019951 -0.0599389 0.0005814 -0.0020582 -0.0598699 0.000594 -0.0020987 -0.0599 -0.0002597 -0.0023163 -0.0599735 -0.0002762 -0.0022454 -0.0598002 -0.0008389 -0.0023362 -0.0597609 -0.0008891 -0.0023458 -0.0591977 -0.001205 -0.002431 -0.0597639 -0.0008018 -0.0023945 -0.0597105 -0.0007566 -0.002429 -0.0596758 -0.0008017 -0.0024371 -0.0591842 -0.0011253 -0.0024845 -0.0597264 -0.0008499 -0.0024034 -0.0549208 -0.0020584 -0.0026142 -0.0549133 -0.0020047 -0.0026684 -0.054902 -0.0019372 -0.0026978 -0.0420153 -0.004175 -0.0032883 -0.050615 -0.0027297 -0.0029034 -0.0333852 -0.0054328 -0.0036517 -0.0420239 -0.0042396 -0.0032543 -0.0333921 -0.0054961 -0.0036165 -0.0420291 -0.004289 -0.0031971 -0.0333963 -0.0055439 -0.0035589 -0.0247384 -0.0065989 -0.0039364 -0.0247328 -0.0065271 -0.0039971 -0.0506321 -0.0028485 -0.0028166 -0.0506254 -0.0027963 -0.0028722 -0.0074455 -0.0032948 -0.0034246 -0.0072981 -0.0032794 -0.0034177 -0.007224 -0.0032739 -0.0034153 -0.0072258 -0.0032223 -0.0034602 -0.0071131 -0.0032169 -0.0034578 -0.007228 -0.0031769 -0.0034806 -0.0071142 -0.0031714 -0.0034782 -0.00723 -0.0031405 -0.003488 -0.0071152 -0.003135 -0.0034855 -0.0083053 -0.0035158 -0.0035197 -0.0078814 -0.0033779 -0.003461 -0.0077371 -0.003344 -0.0034463 -0.0077433 -0.0032934 -0.003492 -0.0074492 -0.0032435 -0.0034697 -0.0077505 -0.003249 -0.003513 -0.0074536 -0.0031984 -0.0034903 -0.0074576 -0.0031622 -0.0034979 -0.0073035 -0.0031825 -0.0034832 -0.0073062 -0.0031461 -0.0034906 -0.0087047 -0.0036721 -0.0036268 -0.0086083 -0.0036533 -0.0035757 -0.0085087 -0.0036043 -0.003556 -0.0083161 -0.0034674 -0.0035669 -0.0078888 -0.0033277 -0.003507 -0.0083288 -0.0034252 -0.0035895 -0.0078974 -0.0032837 -0.0035284 -0.0079055 -0.0032482 -0.0035367 -0.0077573 -0.0032132 -0.0035211 -0.0086216 -0.0036066 -0.0036243 -0.0087263 -0.0036135 -0.0036667 -0.008637 -0.0035661 -0.003648 -0.0086516 -0.0035329 -0.0036585 -0.0085358 -0.0035159 -0.0036274 -0.0085494 -0.0034823 -0.0036376 -0.0083407 -0.0033908 -0.003599 -0.008757 -0.0035477 -0.0036815 -0.0071122 -0.0032687 -0.003413 -0.0085212 -0.003557 -0.0036041 -0.0073006 -0.0032278 -0.0034627 -0.0226718 -0.0067697 -0.0039992 -0.0226721 -0.0067226 -0.0040554 -0.0226709 -0.0066586 -0.0040908 -0.0206048 -0.0066626 -0.0041688 -0.0185432 -0.0065141 -0.0042326 -0.0165039 -0.0062149 -0.0042674 -0.0145025 -0.0057681 -0.0042554 -0.0125393 -0.0051736 -0.0041732 -0.0106163 -0.0044296 -0.0039929 -0.0105897 -0.0044983 -0.0039738 -0.0125177 -0.005242 -0.00415 -0.0125019 -0.005298 -0.004102 -0.014473 -0.0058896 -0.0041783 -0.0105707 -0.0045566 -0.0039287 -0.0185289 -0.0066296 -0.0041465 -0.016482 -0.0063333 -0.0041853 -0.0144857 -0.0058359 -0.0042287 -0.020598 -0.0067757 -0.0040794 -0.0206015 -0.0067275 -0.0041347 -0.0185355 -0.0065799 -0.0042005 -0.0164916 -0.0062817 -0.0042377 0.0059965 0.0041653 0.0026999 0.0053601 0.0050708 0.0009374 0.0061979 0.0045055 0.0026994 0.0066314 0.0052099 0.0027288 0.0070836 0.0058925 0.0028183 0.0118255 0.0143068 0.0023352 0.0075508 0.0065519 0.0029674 0.0080303 0.0071915 0.0031744 0.0118629 0.0133061 0.003721 0.0094187 0.0091134 0.0037656 0.0107165 0.0111708 0.0040129 0.0113106 0.0122322 0.0039357 0.0044178 0.0060097 -0.0006679 0.0100417 0.0153367 -0.0006921 0.011055 0.0147517 0.000765 0.0147352 0.0198044 0.0016611 0.0137613 0.0176127 0.00226 0.0031192 0.0068523 -0.0020613 0.00881 0.0160479 -0.0019619 0.0129154 0.0204311 -0.0008912 0.0117788 0.0210873 -0.002008 0.015789 0.0255255 -0.0010904 0.0147476 0.0261268 -0.0020541 0.0194495 0.0320147 -0.001344 0.0185292 0.032546 -0.0021128 0.0231099 0.0385039 -0.0015977 0.0223108 0.0389653 -0.0021715 0.0267703 0.0449931 -0.0018514 0.0260924 0.0453845 -0.0022302 0.0311226 0.0510618 -0.0018032 0.0296805 0.0519154 -0.0023419 0.0253755 0.0457984 -0.0025281 0.0294293 0.0520079 -0.0023975 0.0291597 0.0520118 -0.0024422 0.0289028 0.0519247 -0.0024746 0.0286899 0.0517547 -0.0024938 0.024634 0.0462265 -0.0027374 0.0229959 0.0451542 -0.0029085 0.020533 0.0399916 -0.002951 0.0196063 0.0405267 -0.0031375 0.015329 0.0343937 -0.0034191 0.017445 0.0384315 -0.0032968 0.0120413 0.0315889 -0.0036619 0.0110518 0.0282606 -0.0037008 0.006788 0.0246294 -0.0040181 0.0076939 0.0234458 -0.0039219 0.0056244 0.0229248 -0.0041009 0.0045892 0.0211382 -0.0041777 0.0036891 0.0192802 -0.0042393 0.004336 0.0186309 -0.004143 0.0029311 0.0173675 -0.004271 0.0023202 0.0154154 -0.0042553 0.0058922 0.0177325 -0.0037138 0.0018563 0.0134248 -0.0041689 0.001541 0.0113961 -0.0039843 0.0074062 0.0168584 -0.0029825 0.0013787 0.0093569 -0.0036696 0.0012421 0.0084367 -0.0035208 0.0014642 0.0074325 -0.0031724 0.0008794 0.0075753 -0.0034662 0.0008008 0.0074388 -0.0034661 0.0023302 0.0071875 -0.0026577 0.010493 0.0218297 -0.0029044 0.0135797 0.0268011 -0.0028263 0.0175117 0.0331335 -0.0027269 0.0214436 0.039466 -0.0026275 0.0273978 0.0446308 -0.0014043 0.0313418 0.0508614 -0.0016705 0.0261392 0.0415806 -0.0008934 0.0314641 0.050591 -0.0015401 0.0313476 0.0499884 -0.0013819 0.0314674 0.0502846 -0.0014355 0.0238218 0.0380929 -0.0009297 0.0212688 0.0329782 -0.000328 0.0202458 0.0315549 -0.000455 0.0189785 0.0286121 0.0001225 0.0166698 0.025017 1.97e-05 0.0167959 0.0242143 0.0007571 0.0138624 0.0198844 0.0003923 0.0128332 0.0154409 0.0030092 0.0091117 0.0226272 -0.003546 0.0123312 0.0275219 -0.0033783 0.0164321 0.0337568 -0.0031647 0.0004122 0.0072838 -0.0033868 0.0003939 0.0072846 -0.0033592 0.0006551 0.0077049 -0.0033866 0.0005215 0.0077818 -0.0031226 0.0005929 0.0079113 -0.0031237 0.0004082 0.0078465 -0.0028991 0.0007552 0.0086604 -0.0029397 0.0002743 0.0073545 -0.003123 0.0002894 0.0072838 -0.0032056 0.0001841 0.0072816 -0.0030525 7.83e-05 0.0072779 -0.0028998 0.0008669 0.0085952 -0.003167 0.0008909 0.0095239 -0.0030514 0.0011291 0.0093883 -0.0035676 0.0009984 0.0085184 -0.0034346 0.005812 0.0044873 0.0030201 0.0060411 0.0045998 0.0029898 0.0059208 0.004672 0.0030196 0.0068999 0.0059497 0.0031008 0.0067778 0.0060194 0.0031264 0.0076978 0.0072839 0.0034523 0.0078245 0.0072245 0.0034388 0.0092385 0.0091893 0.004029 0.0092472 0.0091855 0.004029 0.0105487 0.0112766 0.004271 0.0059468 0.0043541 0.002981 0.0060782 0.0045769 0.0029806 0.0069424 0.0059407 0.0030953 0.0078617 0.0072233 0.0034402 0.0111511 0.0123506 0.0041929 0.011157 0.0123682 0.0041906 0.0104308 0.0113532 0.0042661 0.0091183 0.009257 0.0040315 0.0117165 0.0134346 0.0039788 0.0117156 0.0134579 0.0039743 0.011594 0.0135329 0.0039726 0.0125815 0.0157179 0.0032694 0.0127007 0.0156272 0.0032625 0.0136551 0.0178513 0.0025168 0.0136688 0.0177459 0.0025292 0.0146605 0.0199303 0.0019372 0.0127219 0.0155874 0.0032677 0.0146617 0.0201017 0.001924 0.0167464 0.0243207 0.0010443 0.0167941 0.0246239 0.0010383 0.0189478 0.0287003 0.0004172 0.019058 0.0291319 0.0004237 0.0212527 0.0330492 -2.81e-05 0.021033 0.0332198 0.0001306 0.0226596 0.0358095 -0.000173 0.0259389 0.0417698 -0.0003919 0.0264777 0.042347 -0.0005478 0.0312398 0.0500823 -0.0008592 0.0312938 0.0500472 -0.0009312 0.0313475 0.0500118 -0.0010033 0.0314009 0.0499764 -0.0010755 0.0261485 0.0416172 -0.0005868 0.0187328 0.0288728 0.0005484 0.0165438 0.0244891 0.0011404 0.0144811 0.0200875 0.0019897 0.0135061 0.017892 0.0025571 0.0110323 0.0124347 0.0041868 0.0002596 0.0074019 -0.0026143 0.0021454 0.007114 -0.0016908 0.0004904 0.0077987 -0.002614 0.0008608 0.0086557 -0.0026585 0.0043353 0.0126471 -0.0022209 0.0010136 0.009565 -0.0027812 0.0028034 0.0135208 -0.0028993 0.0012241 0.0115932 -0.0030345 0.0022814 0.013818 -0.0030574 0.0015912 0.0136097 -0.0031702 0.0021085 0.0155938 -0.0032197 0.0059546 0.0192918 -0.0028714 0.0050102 0.0198279 -0.0030566 0.0075887 0.0235253 -0.002909 0.0044665 0.0212019 -0.0030978 0.0066749 0.024648 -0.0029506 0.0127476 0.0309186 -0.0026135 0.0173371 0.0384629 -0.0023481 0.0153283 0.0346144 -0.0024657 0.0204942 0.0420029 -0.0021698 0.0159975 0.0342367 -0.0023616 0.0210291 0.0417023 -0.0021054 0.0163314 0.0340481 -0.0022828 0.0212963 0.0415522 -0.0020548 0.0173163 0.033491 -0.0019383 0.0220873 0.0411076 -0.0018286 0.0182498 0.0329618 -0.0014371 0.0228464 0.0406807 -0.0014942 0.0191014 0.0324776 -0.0007967 0.0235547 0.0402822 -0.0010619 0.0198479 0.0320518 -4.53e-05 0.0241978 0.0399203 -0.0005484 0.0208112 0.033324 9.66e-05 0.0257254 0.0418913 -0.0003968 0.0057622 0.0118305 -0.0012488 0.0037309 0.0064889 -0.0004178 0.0070215 0.0111069 -2.05e-05 0.0049516 0.0057099 0.001143 0.0080653 0.0105036 0.001404 0.0058234 0.0049295 0.0029232 0.0066557 0.0062202 0.003035 0.0088671 0.0100364 0.0029519 0.0075497 0.0074371 0.0033462 0.0089668 0.009377 0.0039057 0.0102714 0.0114408 0.0041324 0.0114139 0.0135954 0.003845 0.0123748 0.0157617 0.0031616 0.0119701 0.0158434 0.0023609 0.0132921 0.0179478 0.0024615 0.0140913 0.0198079 0.0019606 0.0142622 0.0201532 0.0019051 0.013369 0.0202266 0.0007407 0.0163203 0.0245706 0.0010752 0.0176843 0.028112 0.0002132 0.0185089 0.0289666 0.0004998 0.031042 0.0502174 -0.0008148 0.0280231 0.0455128 -0.0005234 0.027494 0.0458043 -0.0009113 0.0252922 0.0418839 -0.0006707 0.0269231 0.04612 -0.0012508 0.0246738 0.0422302 -0.0011258 0.0263165 0.0464567 -0.001531 0.0240001 0.0426078 -0.0015071 0.0256825 0.0468095 -0.0017433 0.0232835 0.0430096 -0.0018004 0.0250313 0.0471727 -0.0018827 0.0225398 0.0434267 -0.0019975 0.0248125 0.047295 -0.0019127 0.022289 0.0435673 -0.0020412 0.0228705 0.0452094 -0.0020331 0.0311681 0.0505099 -0.0008625 0.0311698 0.0508172 -0.0009571 0.0291203 0.0474777 -0.0007037 0.0286033 0.0477601 -0.0010299 0.0280549 0.048061 -0.001312 0.0274805 0.0483777 -0.0015422 0.0268863 0.0487068 -0.0017143 0.0262799 0.0490439 -0.0018253 0.0310454 0.0510895 -0.0010749 0.0308191 0.0512873 -0.0011921 0.0295246 0.05201 -0.001592 0.02901 0.0520892 -0.0016674 0.0285532 0.0518295 -0.0017039 0.0027639 0.01752 -0.0032101 0.0112155 0.0162819 0.0010084 0.0102523 0.0168375 -0.0002335 0.0124605 0.0207497 -0.0003772 0.0168843 0.0285702 -0.0006592 0.0091034 0.0174967 -0.0013024 0.0113866 0.0213649 -0.0013379 0.0159592 0.0290978 -0.0014055 0.0078099 0.0182358 -0.0021469 0.0101838 0.0220512 -0.0020957 0.0149366 0.0296791 -0.0019915 0.0064258 0.0190239 -0.0027348 0.0089004 0.0227812 -0.0026222 0.0138529 0.0302935 -0.0023963 0.0084638 0.0230291 -0.0027442 0.0134849 0.0305017 -0.0024894 0.0003847 0.0078601 -0.0027906 0.0002136 0.0075624 -0.0028233 4.17e-05 0.0072514 -0.0028583 2.5e-05 0.0072392 -0.0028172 2.67e-05 0.0072405 -0.0027728 0.000221 0.0075581 -0.0027354 4.75e-05 0.0072557 -0.0027301 0.0002605 0.0075351 -0.0026598 0.0004153 0.0078423 -0.0026845 0.0058829 0.0046944 0.0030239 0.0058452 0.0047167 0.0030185 0.0058093 0.0047378 0.0030035 0.0061672 0.0045241 0.0029228 0.0059971 0.0041997 0.0029005 0.0059958 0.0041594 0.0028661 0.0062123 0.0044972 0.0028166 0.0059946 0.0041267 0.0028082 0.0059949 0.0041314 0.0027492 0.000796 0.0076235 -0.0034855 0.0007011 0.0074037 -0.0034849 0.0006124 0.0073001 -0.0034855 0.0006351 0.0074418 -0.003477 0.0005569 0.0072812 -0.0034803 0.0005011 0.0072836 -0.0034614 0.0005765 0.0074757 -0.0034409 0.0007147 0.0076704 -0.0034567 0.0296519 0.052166 -0.0017911 0.030198 0.0518552 -0.0018359 0.0297419 0.0521118 -0.0021481 0.030501 0.051681 -0.001737 0.0311675 0.0512794 -0.0016298 0.0311042 0.0513243 -0.0015501 0.0310405 0.051369 -0.0014707 0.0309765 0.0514137 -0.0013914 0.001302 0.0114414 -0.0038686 0.001181 0.0115032 -0.0035563 0.0010841 0.0115732 -0.0033011 0.0015193 0.0135376 -0.003704 0.0014369 0.0136136 -0.003432 0.0020109 0.0155448 -0.0037609 0.0019434 0.0156209 -0.0034755 0.0026504 0.0175109 -0.0037534 0.0025918 0.0175695 -0.0034595 0.0034315 0.0194247 -0.0037051 0.0033756 0.0194597 -0.0034072 0.0042925 0.0212931 -0.0033353 0.0043481 0.0212767 -0.0036338 0.0053417 0.0230694 -0.0032575 0.0053941 0.0230584 -0.0035542 0.0065159 0.0247757 -0.0031815 0.0065636 0.0247623 -0.0034741 0.0114922 0.031294 -0.003167 0.0066229 0.0247427 -0.0038495 0.0118774 0.0317066 -0.0034925 0.0165473 0.0377287 -0.0028612 0.0172796 0.0385561 -0.0031305 0.0212902 0.0435391 -0.0025724 0.0228265 0.0452883 -0.0027505 0.0261382 0.0492611 -0.0022643 0.028518 0.0518973 -0.002346 0.028495 0.051911 -0.0022439 0.028472 0.0519248 -0.0021418 0.0284508 0.0519376 -0.0020472 0.0284296 0.0519504 -0.0019525 0.0227351 0.0453344 -0.0022734 0.0171895 0.0385923 -0.0025812 0.0117823 0.0317384 -0.0028797 0.0054515 0.0230285 -0.0039346 0.0044069 0.0212333 -0.0040152 0.002727 0.0174451 -0.0041222 0.0016285 0.0134821 -0.0040405 0.0314268 0.0510394 -0.001447 0.0313234 0.0511169 -0.0013161 0.0312505 0.0511695 -0.0012195 0.0313993 0.0508325 -0.0010531 0.0314245 0.0508009 -0.0010769 0.0315629 0.0507099 -0.0012737 0.0313957 0.05045 -0.000923 0.0315537 0.0503367 -0.0011404 0.0287805 0.0521096 -0.0023213 0.0290492 0.0522489 -0.0020788 0.028691 0.0521611 -0.0019328 0.0290064 0.0522731 -0.0018987 0.0293393 0.0522746 -0.001851 0.0294301 0.0522228 -0.0022199 0.0290967 0.0522222 -0.0022786 0.0004508 0.0079512 -0.00287 0.0005023 0.0080501 -0.0028719 0.0005958 0.0082519 -0.0028796 0.0005861 0.0082603 -0.0028009 0.0007364 0.0086813 -0.0028318 0.000749 0.0086833 -0.0027763 0.000847 0.0091184 -0.0028259 0.0008663 0.0091203 -0.0027906 0.0008954 0.0093426 -0.0028219 0.0009298 0.0095594 -0.0028332 0.0004491 0.0079539 -0.0027353 0.00044 0.0079581 -0.0027912 0.0004918 0.0080575 -0.0027931 0.0004641 0.0079463 -0.0026986 0.000517 0.0080474 -0.0027005 0.0006132 0.0082537 -0.0027084 0.0005015 0.0080542 -0.0027372 0.0005968 0.0082587 -0.0027451 0.000767 0.0086817 -0.0027402 0.0009049 0.0094545 -0.0028389 0.0008833 0.0095483 -0.002909 0.0008848 0.0094502 -0.0028735 0.0008696 0.0094423 -0.0029279 0.0008607 0.009332 -0.0029113 0.0008663 0.0093194 -0.0029891 0.0008392 0.0091012 -0.0029589 0.0008741 0.0095356 -0.0029859 0.0008748 0.0094294 -0.0030056 0.0007446 0.0086711 -0.0029102 0.0008328 0.009113 -0.0028808 0.0008756 0.009339 -0.0028567 0.0009433 0.0104698 -0.0031044 0.0009631 0.010479 -0.0030189 0.0010177 0.0104829 -0.0029497 0.0014992 0.0135409 -0.0031976 0.0011385 0.011505 -0.0030609 0.0020133 0.0155452 -0.0032461 0.0026686 0.0174917 -0.0032342 0.0034584 0.0193805 -0.0031852 0.0043802 0.0212131 -0.0031161 0.0054334 0.0229898 -0.0030401 0.0043171 0.0212497 -0.0031714 0.0053718 0.0230314 -0.0030939 0.0042828 0.0212716 -0.0032533 0.0053377 0.0230567 -0.0031751 0.0065262 0.0247632 -0.0030671 0.0065858 0.0247153 -0.0029805 0.0033609 0.0194294 -0.0033256 0.0033945 0.0194114 -0.0032427 0.002573 0.0175296 -0.0033781 0.002605 0.0175163 -0.0032941 0.0019213 0.0155706 -0.0033937 0.001951 0.0155628 -0.0033088 0.0014127 0.0135521 -0.0033487 0.0014391 0.0135505 -0.0032632 0.0010596 0.0115004 -0.0032148 0.0010817 0.0115058 -0.0031291 0.0075797 0.007391 0.0034102 0.0066468 0.0060488 0.003103 0.0076322 0.0073367 0.0034478 0.0058219 0.0048303 0.0029807 0.0117844 0.0317337 -0.0027975 0.0118168 0.0317054 -0.0027175 0.011874 0.0316586 -0.0026646 0.0228104 0.0452597 -0.0020542 0.0172749 0.0385132 -0.0023653 0.0256311 0.0485885 -0.0018901 0.028476 0.0518998 -0.001747 0.0255818 0.0486338 -0.0019488 0.0284299 0.0519449 -0.0018397 0.0255575 0.0486589 -0.0020308 0.0227327 0.0453317 -0.0021923 0.0171899 0.0385877 -0.0024996 0.01722 0.0385598 -0.0024194 0.0227591 0.0453055 -0.0021112 0.0090193 0.0093186 0.0039975 0.0096932 0.0103491 0.0041699 0.010932 0.0124856 0.0041486 0.0103319 0.0114052 0.0042273 0.0099102 0.0106984 0.0042032 0.01149 0.0135823 0.003937 0.011955 0.0145748 0.0036564 0.0124299 0.0157629 0.003225 0.0125031 0.0157474 0.0032632 0.028999 0.0522694 -0.0018203 0.029065 0.0522782 -0.0018123 0.0296239 0.0521522 -0.0016922 0.0289972 0.0522315 -0.001743 0.0290028 0.052165 -0.0016884 0.0290611 0.0521732 -0.0016821 0.0295773 0.052095 -0.0016193 0.0290603 0.0522399 -0.0017359 0.0133845 0.0179287 0.0025465 0.0143566 0.0201236 0.0019874 0.0157149 0.0230594 0.0013951 0.0164173 0.0245263 0.0011503 0.0186075 0.0289126 0.0005674 0.0209105 0.0332632 0.000157 0.0241429 0.0389926 -0.0002124 0.0258263 0.0418225 -0.0003518 0.0284355 0.0460178 -0.0005478 0.0311829 0.050124 -0.0008089 0.0311125 0.050172 -0.0007931 0.030298 0.0517909 -0.0015526 0.0302614 0.051763 -0.0014856 0.030218 0.0517113 -0.0014403 0.0308784 0.051367 -0.0012227 0.030936 0.0514133 -0.0012957 0.0312299 0.0505052 -0.0008491 0.0312949 0.0504909 -0.000855 0.0313533 0.0504728 -0.0008819 0.0313564 0.050847 -0.0010063 0.0312979 0.0508473 -0.0009698 0.0312316 0.050838 -0.0009536 0.0311002 0.0511313 -0.0010819 0.0311603 0.0511621 -0.0011119 0.0312126 0.0511764 -0.0011622 0.0070092 0.0058999 0.003062 0.0070659 0.0058734 0.0029912 0.0070915 0.0058717 0.0029003 0.0080199 0.0071577 0.0032888 0.007956 0.0071697 0.0033894 0.0093136 0.0091323 0.0040054 0.0093812 0.009101 0.0039418 0.0094189 0.009096 0.0038514 0.0100836 0.0101146 0.0040358 0.0107227 0.0111687 0.0041013 0.0113216 0.0122384 0.0040233 0.0118788 0.013319 0.0038064 0.0112929 0.0122664 0.0041142 0.0118555 0.013353 0.0038958 0.0112277 0.0123098 0.0041755 0.0117943 0.0133989 0.0039577 0.0125057 0.0148958 0.0034871 0.0128159 0.0155295 0.0032201 0.0125609 0.0148487 0.0034233 0.0128581 0.0154739 0.0031221 0.0125767 0.0148105 0.003336 0.0106215 0.0112286 0.0042544 0.0099785 0.0101622 0.0041894 0.0106891 0.0111888 0.004193 0.0100469 0.0101266 0.0041272 0.0137317 0.0176971 0.0024983 0.0137792 0.0176553 0.0024284 0.0137881 0.0176248 0.0023396 0.0147663 0.0198154 0.0017386 0.0147609 0.0198396 0.0018285 0.0147176 0.0198771 0.0019019 0.0167954 0.0242647 0.0010013 0.0182475 0.0271876 0.0005554 0.0189917 0.0286454 0.000368 0.0212934 0.0329973 -8.22e-05 0.0213206 0.0329754 -0.0001663 0.0262044 0.0415591 -0.0007373 0.0261871 0.041565 -0.0008271 0.031418 0.0499487 -0.0012971 0.0213116 0.0329726 -0.0002569 0.0190182 0.0286114 0.0001956 0.018277 0.02715 0.000384 0.0182806 0.0271602 0.0004748 0.0168322 0.0242339 0.000923 0.0168318 0.0242189 0.0008323 0.0314381 0.0499442 -0.0011818 0.0261856 0.0415747 -0.0006491 0.0190233 0.0286196 0.0002864 0.0315856 0.0503136 -0.0012147 0.0315806 0.050291 -0.0013049 0.0315347 0.0502797 -0.0013852 0.0315333 0.0506159 -0.0015017 0.0313987 0.050912 -0.0016473 0.0311672 0.0511526 -0.0017834 0.0314373 0.0509695 -0.0015943 0.0315808 0.0506534 -0.0014333 0.0315895 0.0506892 -0.0013496 0.0311837 0.0512322 -0.00172 0.0314455 0.0510163 -0.0015211 0.0304786 0.0516687 -0.0019951 0.0304727 0.0516184 -0.0020582 0.0304492 0.0515523 -0.0020987 0.0297249 0.0520053 -0.0023163 0.0297473 0.0520771 -0.0022454 0.0291734 0.0522084 -0.0023362 0.0291103 0.0521995 -0.0023458 0.0285551 0.0518697 -0.002431 0.0291874 0.0521585 -0.0023945 0.0291998 0.0520896 -0.002429 0.0291434 0.0520821 -0.0024371 0.0286173 0.0518181 -0.0024845 0.029127 0.05215 -0.0024034 0.0256776 0.0485925 -0.0026142 0.0257204 0.0485591 -0.0026684 0.0257731 0.0485156 -0.0026978 0.0173918 0.0384743 -0.0032883 0.0229434 0.0451992 -0.0029034 0.0119875 0.0316293 -0.0036517 0.0173402 0.038514 -0.0032543 0.0119361 0.0316669 -0.0036165 0.0173 0.0385432 -0.0031971 0.0118968 0.0316945 -0.0035589 0.0066541 0.024724 -0.0039364 0.0067136 0.0246833 -0.0039971 0.022849 0.0452734 -0.0028166 0.0228909 0.0452415 -0.0028722 0.0008691 0.0080958 -0.0034246 0.0008088 0.0079605 -0.0034177 0.0007765 0.0078936 -0.0034153 0.0008221 0.0078694 -0.0034602 0.0007704 0.0077691 -0.0034578 0.0008625 0.0078486 -0.0034806 0.0008104 0.0077473 -0.0034782 0.000895 0.0078321 -0.003488 0.0008424 0.00773 -0.0034855 0.0011077 0.0089509 -0.0035197 0.0010152 0.0085149 -0.003461 0.0009723 0.0083731 -0.0034463 0.0010193 0.0083531 -0.003492 0.0009155 0.0080734 -0.0034697 0.0010613 0.0083372 -0.003513 0.0009567 0.0080547 -0.0034903 0.0009901 0.00804 -0.0034979 0.0008954 0.0079167 -0.0034832 0.0009282 0.0079009 -0.0034906 0.001172 0.009375 -0.0036268 0.0011401 0.0092821 -0.0035757 0.0011328 0.0091714 -0.003556 0.001155 0.0089361 -0.0035669 0.0010624 0.0084962 -0.003507 0.0011979 0.008926 -0.0035895 0.0011047 0.0084817 -0.0035284 0.0011395 0.0084709 -0.0035367 0.0010957 0.0083251 -0.0035211 0.0011871 0.0092703 -0.0036243 0.0012336 0.0093645 -0.0036667 0.00123 0.0092634 -0.003648 0.001266 0.0092594 -0.0036585 0.0012229 0.0091506 -0.0036274 0.0012588 0.0091456 -0.0036376 0.0012336 0.0089191 -0.003599 0.0013059 0.0093581 -0.0036815 0.0007251 0.0077942 -0.003413 0.00118 0.0091585 -0.0036041 0.0008547 0.0079369 -0.0034627 0.005473 0.0230197 -0.0039992 0.0055139 0.0229964 -0.0040554 0.0055687 0.0229634 -0.0040908 0.0045322 0.0211761 -0.0041688 0.00363 0.0193164 -0.0042326 0.0028695 0.0174007 -0.0042674 0.0022557 0.015444 -0.0042554 0.001789 0.0134466 -0.0041732 0.0014718 0.0114092 -0.0039929 0.001399 0.0114205 -0.0039738 0.0017189 0.0134621 -0.00415 0.0016626 0.0134765 -0.004102 0.0021358 0.0154792 -0.0041783 0.0013391 0.0114333 -0.0039287 0.0035228 0.0193617 -0.0041465 0.002756 0.017441 -0.0041853 0.0021886 0.0154634 -0.0042287 0.0044309 0.0212267 -0.0040794 0.0044744 0.0212056 -0.0041347 0.0035692 0.0193426 -0.0042005 0.0028055 0.0174235 -0.0042377 0.0061798 -0.0035592 -0.0029632 0.0061893 -0.0034053 -0.0028372 0.0061857 -0.0034148 -0.002715 0.006177 -0.0034375 -0.0026576 0.0061559 -0.0034033 -0.0030515 0.006148 -0.0035118 -0.0025598 0.0061289 -0.0035598 -0.0025212 0.0060248 -0.0036653 -0.0023619 0.0061182 -0.0037915 -0.0025267 0.0055016 -0.0043739 -0.0019045 0.0049297 -0.0050114 -0.0014156 0.0043167 -0.0055506 -0.0008365 0.0049375 -0.0051338 -0.0015506 0.0043025 -0.005687 -0.0009659 0.0049969 -0.0052759 -0.0016484 0.0043435 -0.0058469 -0.0010571 0.0036831 -0.0063094 -0.000389 0.0030304 -0.0066762 0.0003543 0.0030235 -0.0064847 0.0004294 0.0024166 -0.0067498 0.0012238 0.0024987 -0.0065821 0.0013324 0.0013709 -0.007008 0.0029875 0.0015387 -0.0068421 0.0030984 0.0015792 -0.0068253 0.0030949 0.0016206 -0.006811 0.0030913 0.0030831 -0.0063257 0.0005458 0.0036964 -0.0059845 -0.000182 0.0013054 -0.0072516 0.0029213 0.0024086 -0.0069552 0.0011577 0.0056078 -0.004604 -0.0021476 0.00553 -0.0044809 -0.0020444 0.0036597 -0.0061331 -0.0003053 0.0060437 -0.0038715 -0.0034014 0.0060863 -0.0036132 -0.00323 0.0060091 -0.0037522 -0.0034594 0.0060103 -0.0036341 -0.0035289 0.0012993 -0.0072666 0.0029299 0.0013067 -0.0073319 0.002918 0.001318 -0.0071322 0.0029517 0.0014004 -0.0069567 0.0030229 0.0015092 -0.0068562 0.0031012 0.0014975 -0.006862 0.0031027 0.0014942 -0.0068636 0.0031035 0.0014934 -0.006864 0.0031039 0.0014933 -0.006864 0.0031043 0.001492 -0.0068645 0.0031053 0.0013493 -0.007033 0.0029945 0.0060377 -0.0038875 -0.0034215 0.0060199 -0.0038218 -0.0034363 0.0060045 -0.0037693 -0.0034716 0.0060044 -0.003652 -0.0035335 0.0012692 -0.0072971 0.0029549 0.0012907 -0.0071047 0.002992 0.0013479 -0.0069693 0.0030585 0.0014461 -0.0068756 0.0031291 0.0013955 -0.0068867 0.0031387 0.0013216 -0.0069792 0.0030616 0.0012736 -0.007107 0.002999 0.0012411 -0.0071062 0.0030128 0.001219 -0.007264 0.0029831 0.0012068 -0.0072182 0.0029934 0.0012065 -0.0072557 0.002989 0.0012522 -0.0072864 0.0029654 0.0013441 -0.0068975 0.0031443 0.0012759 -0.0069917 0.0030692 0.0012289 -0.007105 0.0030181 0.0012398 -0.0070467 0.003044 0.0012598 -0.0069949 0.0030725 0.0012925 -0.0069077 0.0031485 0.0058573 -0.0041579 -0.0035063 0.0058832 -0.0043449 -0.0034496 0.0057213 -0.0042984 -0.0034891 0.0055754 -0.0042784 -0.0035797 0.0057986 -0.0039663 -0.0035907 0.0059069 -0.0038081 -0.0035807 0.0059283 -0.0039957 -0.003513 0.00588 -0.0041007 -0.0035132 0.0059867 -0.0038766 -0.0034875 0.0059589 -0.0037287 -0.0035673 0.0010767 -0.0071156 0.0030524 0.0010203 -0.0071116 0.0030598 0.0009414 -0.0071643 0.0030398 0.0008999 -0.0070616 0.0030867 0.0009767 -0.0069583 0.0031605 0.0008579 -0.0069744 0.003158 0.0011942 -0.0069251 0.0031552 0.0010955 -0.0069408 0.0031591 0.0057464 -0.0046609 -0.0033054 0.0055125 -0.004823 -0.0031971 0.0055974 -0.0045886 -0.0033484 0.0053168 -0.0047327 -0.0033269 0.0054578 -0.0045484 -0.0034398 0.0051669 -0.0047357 -0.0035289 0.0008341 -0.0071267 0.0030461 0.0007615 -0.0072003 0.0030061 0.0007402 -0.0069881 0.0031536 0.000722 -0.0070868 0.0030643 0.0006813 -0.0069941 0.0031514 0.0007991 -0.0069816 0.0031558 0.0003648 -0.0070276 0.0025729 0.00139 -0.0068869 0.000745 0.0017858 -0.0067972 0.0001804 0.0019904 -0.0067412 -9.52e-05 0.002628 -0.0065224 -0.0008925 0.0021288 -0.006794 3.5e-06 0.0027723 -0.0065722 -0.0007809 0.00225 -0.006902 7.63e-05 0.0029031 -0.006684 -0.0007024 0.0033498 -0.0064919 -0.0011897 0.0042552 -0.0059779 -0.0020832 0.0049232 -0.005468 -0.0026731 0.004758 -0.0053604 -0.0027635 0.0046048 -0.005325 -0.0029128 0.0039501 -0.0058245 -0.0023079 0.0030645 -0.0063315 -0.0013918 0.003212 -0.0063787 -0.0012714 0.0020403 -0.0069572 0.0003456 0.001922 -0.0068507 0.0002748 0.0005075 -0.0071251 0.0026479 0.0016345 -0.0070448 0.0008976 0.0015217 -0.0069417 0.0008312 0.0041021 -0.0058655 -0.0021704 0.0006066 -0.0071253 0.0030145 0.0005725 -0.0071651 0.0029486 0.000445 -0.0070108 0.0031275 0.00048 -0.0070675 0.0030187 0.0003693 -0.0070092 0.0031044 0.0005235 -0.0070073 0.0031396 0.0006023 -0.0070014 0.0031471 0.0003886 -0.0070645 0.0028211 0.0003866 -0.0070643 0.0027886 -0.0061724 -0.0035718 -0.0029632 -0.0060439 -0.0036569 -0.0028372 -0.0060504 -0.003649 -0.002715 -0.0060656 -0.0036302 -0.0026576 -0.0060255 -0.0036291 -0.0030515 -0.0061155 -0.0035679 -0.0025598 -0.0061475 -0.0035274 -0.0025212 -0.0061868 -0.0033845 -0.0023619 -0.0063428 -0.0034023 -0.0025267 -0.0065389 -0.0025771 -0.0019045 -0.006805 -0.0017631 -0.0014156 -0.0069655 -0.0009626 -0.0008365 -0.006915 -0.0017086 -0.0015506 -0.0070766 -0.000882 -0.0009659 -0.0070677 -0.001689 -0.0016484 -0.0072356 -0.0008376 -0.0010571 -0.0073058 -3.45e-05 -0.000389 -0.0072972 0.0007142 0.0003543 -0.0071279 0.0006245 0.0004294 -0.007054 0.0012825 0.0012238 -0.0069498 0.0011276 0.0013324 -0.0067548 0.0023173 0.0029875 -0.0066949 0.002089 0.0030984 -0.0067006 0.0020455 0.0030949 -0.006709 0.0020025 0.0030913 -0.00702 0.0004933 0.0005458 -0.0070312 -0.0002085 -0.000182 -0.006933 0.0024957 0.0029213 -0.0072279 0.0013922 0.0011577 -0.0067913 -0.002554 -0.0021476 -0.0066457 -0.0025482 -0.0020444 -0.0071414 -0.0001023 -0.0003053 -0.0063749 -0.0032978 -0.0034014 -0.0061725 -0.0034638 -0.00323 -0.0062543 -0.0033275 -0.0034594 -0.0061526 -0.0033876 -0.0035289 -0.0069432 0.0025087 0.0029298 -0.007003 0.0025349 0.0029183 -0.0068358 0.0024253 0.0029521 -0.0067249 0.0022663 0.0030234 -0.0066925 0.0021184 0.0031012 -0.0066917 0.002132 0.0031027 -0.0066914 0.0021379 0.0031036 -0.0066912 0.0021404 0.003104 -0.0066911 0.0021411 0.0031045 -0.006766 0.0023489 0.0029943 -0.0066906 0.0021424 0.0031071 -0.0063857 -0.0032845 -0.0034215 -0.0063199 -0.003302 -0.0034364 -0.0062667 -0.0033149 -0.0034716 -0.0061651 -0.0033735 -0.0035335 -0.0069543 0.0025499 0.0029549 -0.0067984 0.002435 0.002992 -0.0067097 0.0023178 0.0030585 -0.0066777 0.0021859 0.0031291 -0.006662 0.0022353 0.0031387 -0.0067052 0.0023455 0.0030616 -0.0067919 0.0024511 0.002999 -0.0067749 0.0024788 0.0030128 -0.0069005 0.0025768 0.0029831 -0.0068547 0.0025644 0.0029934 -0.0068871 0.0025835 0.002989 -0.0069365 0.0025592 0.0029654 -0.0066457 0.0022852 0.0031443 -0.0066931 0.0023913 0.0030692 -0.0067677 0.0024887 0.0030181 -0.0067227 0.0024502 0.003044 -0.0066878 0.0024069 0.0030725 -0.0066288 0.002335 0.0031485 -0.0065296 -0.0029932 -0.0035063 -0.0067046 -0.0029221 -0.0034496 -0.0065834 -0.0028051 -0.0034891 -0.0064931 -0.0026887 -0.0035797 -0.0063344 -0.0030381 -0.0035907 -0.0062516 -0.003211 -0.0035807 -0.0064247 -0.0031357 -0.003513 -0.0064915 -0.0030413 -0.0035132 -0.0063507 -0.0032459 -0.0034875 -0.0062089 -0.0032957 -0.0035673 -0.0067009 0.0026258 0.0030524 -0.0066694 0.0026724 0.0030597 -0.0066754 0.0027673 0.0030398 -0.0065657 0.0027519 0.0030867 -0.0065146 0.0026337 0.0031605 -0.0064692 0.0027448 0.003158 -0.0065946 0.0024288 0.0031552 -0.0065589 0.0025222 0.0031591 -0.0069099 -0.0026456 -0.0033054 -0.0069333 -0.0023619 -0.0031971 -0.0067728 -0.0025527 -0.0033484 -0.0067572 -0.0022376 -0.0033269 -0.0066681 -0.0024519 -0.0034398 -0.0066849 -0.0021064 -0.0035289 -0.0065891 0.0028416 0.0030461 -0.0066166 0.0029412 0.0030061 -0.0064222 0.0028535 0.0031536 -0.0064985 0.0029187 0.0030643 -0.0063979 0.0029075 0.0031514 -0.006446 0.0027992 0.0031558 -0.0062687 0.0031984 0.0025729 -0.0066594 0.0022402 0.000745 -0.0067796 0.0018525 0.0001804 -0.0068334 0.0016473 -9.52e-05 -0.0069628 0.0009858 -0.0008925 -0.0069483 0.0015539 3.5e-06 -0.0070781 0.0008857 -0.0007809 -0.0071025 0.0015029 7.63e-05 -0.0072402 0.0008283 -0.0007024 -0.0072973 0.0003454 -0.0011897 -0.0073048 -0.0006956 -0.0020832 -0.0071972 -0.0015291 -0.0026731 -0.0070214 -0.0014399 -0.0027635 -0.0069142 -0.0013249 -0.0029128 -0.0070194 -0.0005081 -0.0023079 -0.0070157 0.0005123 -0.0013918 -0.0071303 0.0004082 -0.0012714 -0.0070454 0.0017122 0.0003456 -0.0068941 0.0017614 0.0002748 -0.0064244 0.0031235 0.0026479 -0.0069184 0.0021074 0.0008976 -0.0067727 0.0021535 0.0008312 -0.0071309 -0.0006193 -0.0021704 -0.0064742 0.0030378 0.0030145 -0.0064916 0.0030873 0.0029486 -0.0062943 0.0031205 0.0031275 -0.0063609 0.0031186 0.0030187 -0.006255 0.0031853 0.0031044 -0.0063304 0.0030508 0.0031396 -0.0063648 0.0029796 0.0031471 -0.0063125 0.0031962 0.0028211 -0.0063114 0.0031978 0.0027886 -7.2e-06 0.0071319 -0.0029632 -0.0001452 0.0070632 -0.0028372 -0.0001352 0.0070648 -0.002715 -0.0001112 0.0070686 -0.0026576 -0.0001303 0.0070333 -0.0030515 -3.24e-05 0.0070806 -0.0025598 1.87e-05 0.0070881 -0.0025212 0.0001622 0.0070507 -0.0023619 0.0002248 0.0071947 -0.0025267 0.0010374 0.0069519 -0.0019045 0.0018754 0.0067753 -0.0014156 0.0026489 0.0065141 -0.0008365 0.0019776 0.0068433 -0.0015506 0.0027742 0.00657 -0.0009659 0.0020709 0.0069659 -0.0016484 0.0028922 0.0066855 -0.0010571 0.0036228 0.0063448 -0.000389 0.0042669 0.0059629 0.0003543 0.0041045 0.0058612 0.0004294 0.0046375 0.0054682 0.0012238 0.0044512 0.0054554 0.0013324 0.005384 0.0046917 0.0029875 0.0051564 0.004754 0.0030984 0.0051216 0.0047806 0.0030949 0.0050885 0.0048094 0.0030913 0.003937 0.0058333 0.0005458 0.0033349 0.0061939 -0.000182 0.0056277 0.0047568 0.0029213 0.0048194 0.0055639 0.0011577 0.0011836 0.0071589 -0.0021476 0.0011159 0.00703 -0.0020444 0.0034819 0.0062363 -0.0003053 0.0003313 0.0071702 -0.0034014 8.63e-05 0.0070779 -0.00323 0.0002453 0.0070806 -0.0034594 0.0001424 0.0070226 -0.0035289 0.0056437 0.004759 0.0029299 0.0056965 0.004798 0.002918 0.005518 0.004708 0.0029517 0.0053248 0.0046915 0.0030229 0.0051833 0.0047356 0.0031012 0.0051942 0.0047283 0.0031027 0.0051973 0.0047262 0.0031035 0.005198 0.0047257 0.0031039 0.0051981 0.0047256 0.0031043 0.0051991 0.0047247 0.0031053 0.0054165 0.0046855 0.0029945 0.0003482 0.007173 -0.0034215 0.0003001 0.0071247 -0.0034364 0.0002624 0.0070851 -0.0034716 0.0001608 0.0070264 -0.0035335 0.0056852 0.0047482 0.0029549 0.0055078 0.0046705 0.002992 0.005362 0.0046524 0.0030585 0.0052317 0.0046906 0.0031291 0.0052666 0.0046523 0.0031387 0.0053837 0.0046346 0.0030616 0.0055184 0.0046569 0.002999 0.0055339 0.0046283 0.0030128 0.0056816 0.0046881 0.0029831 0.005648 0.0046547 0.0029934 0.0056807 0.0046731 0.002989 0.0056844 0.0047281 0.0029654 0.0053017 0.0046132 0.0031443 0.0054173 0.0046012 0.0030692 0.005539 0.0046171 0.0030181 0.0054831 0.0045974 0.003044 0.0054282 0.0045888 0.0030725 0.0053363 0.0045737 0.0031485 0.0006725 0.007152 -0.0035063 0.0008215 0.0072678 -0.0034496 0.0008622 0.0071044 -0.0034891 0.0009179 0.006968 -0.0035797 0.0005359 0.0070053 -0.0035907 0.0003448 0.00702 -0.0035807 0.0004966 0.0071323 -0.003513 0.0006116 0.007143 -0.0035132 0.0003642 0.0071233 -0.0034875 0.00025 0.0070254 -0.0035673 0.0056242 0.0044907 0.0030524 0.005649 0.0044398 0.0030598 0.0057341 0.0043978 0.0030398 0.0056659 0.0043106 0.0030867 0.005538 0.0043254 0.0031605 0.0056114 0.0042306 0.003158 0.0054005 0.0044972 0.0031552 0.0054635 0.0044195 0.0031591 0.0011636 0.0073074 -0.0033054 0.0014209 0.0071859 -0.0031971 0.0011754 0.0071422 -0.0033484 0.0014406 0.0069712 -0.0033269 0.0012104 0.0070012 -0.0034398 0.0015181 0.0068429 -0.0035289 0.0057552 0.0042861 0.0030461 0.0058552 0.0042601 0.0030061 0.0056821 0.0041355 0.0031536 0.0057767 0.0041691 0.0030643 0.0057167 0.0040875 0.0031514 0.005647 0.0041832 0.0031558 0.0059041 0.0038301 0.0025729 0.0052695 0.0046476 0.000745 0.0049939 0.0049455 0.0001804 0.0048431 0.0050947 -9.52e-05 0.0043349 0.0055376 -0.0008925 0.0048197 0.005241 3.5e-06 0.0043059 0.0056874 -0.0007809 0.0048526 0.0053999 7.63e-05 0.0043373 0.0058565 -0.0007024 0.0039476 0.0061474 -0.0011897 0.0030498 0.0066745 -0.0020832 0.0022742 0.006998 -0.0026731 0.0022635 0.0068012 -0.0027635 0.0023095 0.0066508 -0.0029128 0.0030694 0.0063336 -0.0023079 0.0039513 0.0058201 -0.0013918 0.0039185 0.0059714 -0.0012714 0.0050053 0.0052459 0.0003456 0.0049722 0.0050903 0.0002748 0.005917 0.0040025 0.0026479 0.0052841 0.0049383 0.0008976 0.0052511 0.0047891 0.0008312 0.0030289 0.0064857 -0.0021704 0.0058677 0.0040884 0.0030145 0.0059193 0.0040788 0.0029486 0.0058494 0.0038912 0.0031275 0.005881 0.0039499 0.0030187 0.0058858 0.0038248 0.0031044 0.0058071 0.0039574 0.0031396 0.0057626 0.0040227 0.0031471 0.005924 0.0038692 0.0028211 0.0059249 0.0038674 0.0027886 0.0051468 0.0047404 0.0031438 0.0051706 0.0047312 0.0031339 0.0051581 0.0047122 0.003163 0.0051261 0.004711 0.0031761 0.0051406 0.0046856 0.0031817 0.0051794 0.0046954 0.0031642 0.0051914 0.0047147 0.0031382 0.0052 0.0046732 0.0031696 0.0052171 0.0046543 0.0031719 0.0051997 0.0046345 0.0031838 0.0052217 0.0046122 0.0031843 0.0051891 0.0046853 0.0031676 0.0051718 0.0046617 0.0031828 0.0051825 0.0046514 0.0031833 0.0052326 0.0046011 0.0031844 0.005301 0.0045393 0.0031831 0.0052496 0.0046189 0.0031742 0.0053206 0.0045583 0.0031696 0.005239 0.0046304 0.0031737 0.0050636 0.0047456 0.0031811 0.0050852 0.0047707 0.0031603 0.0050999 0.0047878 0.0031285 0.0050476 0.0048309 0.0031377 0.0050212 0.0048056 0.0031743 0.0054511 0.004384 0.0031805 0.0055944 0.0042186 0.0031741 0.0055745 0.0042046 0.0031843 0.0035632 0.0059674 0.0031743 0.0018488 0.0066999 0.0031743 1.4e-06 0.0069503 0.0031743 -0.0018461 0.0067007 0.0031743 -0.0035607 0.0059689 0.0031743 -0.0050192 0.0048076 0.0031743 -0.0061164 0.0033005 0.0031743 -0.0061486 0.0033179 0.0031377 -0.0050456 0.0048329 0.0031377 -0.0035795 0.0060003 0.0031377 -0.0018558 0.0067359 0.0031377 1.4e-06 0.0069869 0.0031377 0.0018585 0.0067352 0.0031377 0.0035819 0.0059989 0.0031377 0.0056368 0.0041405 0.0031791 0.0056987 0.0040754 0.003171 0.0056767 0.0040607 0.0031834 -0.0061421 0.0032301 0.0031812 -0.0061696 0.0032484 0.0031605 -0.0061883 0.003261 0.0031288 -0.0062411 0.0031736 0.0031471 -0.0062141 0.0031507 0.003177 0.0057894 0.0039559 0.0031597 0.0057715 0.0039457 0.003175 0.0057507 0.0039338 0.0031846 0.0058355 0.0038067 0.003177 0.0057883 0.0038702 0.0031838 0.0057634 0.0039129 0.0031844 0.005812 0.0038822 0.0031717 0.0058688 0.0038187 0.0031471 0.0058315 0.003892 0.0031526 0.0058035 0.0039349 0.0031578 0.0057851 0.0039248 0.0031741 -0.0062456 0.0030781 0.0031838 -0.00627 0.0030353 0.0031844 -0.0062818 0.0030138 0.0031846 -0.0063025 0.0030259 0.003175 -0.0063547 0.0028862 0.0031834 -0.0063784 0.0028979 0.003171 -0.0063203 0.0030363 0.0031597 -0.0063092 0.0030589 0.0031578 -0.006286 0.0031047 0.0031526 -0.0062678 0.0030927 0.0031717 -0.0062912 0.0030481 0.0031741 0.005918 0.0037293 0.0031288 0.0058978 0.0037193 0.0031605 0.0058682 0.0037047 0.0031812 0.0059163 0.0036472 0.0031743 0.0059475 0.0036664 0.0031377 -0.0064039 0.0028118 0.0031791 -0.0064283 0.0027258 0.0031843 -0.0064503 0.002736 0.0031741 0.006708 0.0019537 0.0031377 0.0069859 0.0001003 0.0031377 0.0067612 -0.0017603 0.0031377 0.0060499 -0.0034942 0.0031377 0.0049034 -0.0049767 0.0031377 0.003404 -0.006101 0.0031377 0.0016597 -0.0067863 0.0031377 0.0033862 -0.006069 0.0031743 0.001651 -0.0067508 0.0031743 0.0066729 0.0019434 0.0031743 0.0069493 9.97e-05 0.0031743 0.0067258 -0.0017511 0.0031743 0.0060182 -0.0034759 0.0031743 0.0048777 -0.0049506 0.0031743 -0.0065219 0.0025292 0.0031805 -0.0066076 0.002329 0.0031696 -0.0065813 0.0023216 0.0031831 0.0015962 -0.0068101 0.0031285 0.0015317 -0.006827 0.0031438 0.0015887 -0.0067887 0.0031603 0.0015778 -0.0067575 0.0031811 0.0015166 -0.0067943 0.0031761 -0.0066235 0.0022364 0.003175 -0.0066282 0.0022213 0.0031744 -0.0066379 0.0021903 0.0031727 -0.0066457 0.0021659 0.0031705 -0.0066404 0.0021823 0.0031721 -0.0066557 0.0021402 0.0031639 -0.0066529 0.0021457 0.0031672 -0.0066501 0.0021529 0.0031686 -0.0066546 0.0021416 0.003166 0.0015119 -0.006843 0.0031339 0.0015016 -0.0068226 0.003163 0.0014874 -0.0067942 0.0031817 0.0014765 -0.0068327 0.0031642 0.0014872 -0.0068527 0.0031382 -0.0066278 0.0021105 0.0031818 -0.0066595 0.0021124 0.003163 -0.0066823 0.0021137 0.003134 -0.0066784 0.0020875 0.0031438 -0.0066426 0.0020842 0.0031761 0.0014469 -0.0068394 0.0031696 0.001422 -0.0068448 0.0031719 0.0014135 -0.0068198 0.0031838 0.0013832 -0.0068278 0.0031843 0.0014628 -0.0068361 0.0031676 0.001451 -0.0068092 0.0031828 0.0014368 -0.0068134 0.0031833 0.0013682 -0.0068316 0.0031844 0.0012804 -0.00686 0.0031831 0.0013751 -0.0068552 0.0031742 0.0012871 -0.0068864 0.0031696 0.0013904 -0.0068518 0.0031737 -0.0066413 0.0020128 0.0031811 -0.0066738 0.002019 0.0031603 -0.006696 0.0020232 0.0031285 0.0010709 -0.0069124 0.0031805 0.000856 -0.0069537 0.0031741 0.0008538 -0.0069295 0.0031843 0.0007672 -0.0069514 0.0031791 0.0006799 -0.0069724 0.003171 0.0006781 -0.006946 0.0031834 0.0002741 -0.0069339 0.0031812 0.0002719 -0.0069668 0.0031605 0.0002704 -0.0069893 0.0031288 0.0003725 -0.0069914 0.0031471 0.0003788 -0.0069565 0.003177 0.000531 -0.0069913 0.0031597 0.0005311 -0.0069707 0.003175 0.0005312 -0.0069467 0.0031846 0.0004574 -0.0069474 0.0031838 0.0005067 -0.0069472 0.0031844 0.0004558 -0.006974 0.0031717 0.0004546 -0.0069957 0.0031526 0.0005058 -0.0069929 0.0031578 0.0005062 -0.006972 0.0031741 5.97e-05 0.0069422 -0.0036059 5.55e-05 0.0069745 -0.003586 5.26e-05 0.006997 -0.0035552 0.0001469 0.007005 -0.0035716 0.0001556 0.0069707 -0.0036015 0.0001682 0.0069613 -0.0036067 0.0001606 0.0069911 -0.0035894 0.0001549 0.0070133 -0.0035625 0.0001656 0.0070079 -0.0035741 0.0001744 0.0069741 -0.0036022 0.0002238 0.0069899 -0.0035983 0.0002717 0.0069891 -0.0036013 0.0003341 0.0069873 -0.0036037 0.0001988 0.0069903 -0.0035959 0.0005488 0.0069751 -0.0036068 0.000365 0.0069861 -0.0036046 0.0009138 0.0069472 -0.0035973 0.0009091 0.0069224 -0.0036085 -0.0067024 -0.0019944 -0.0035549 -0.0066804 -0.001989 -0.0035858 -0.0066487 -0.0019811 -0.0036059 -0.0066326 -0.0020951 -0.0036015 -0.0066672 -0.0021026 -0.0035716 0.0012297 0.0068515 -0.0036084 0.0012363 0.006877 -0.0035966 0.0012416 0.0068983 -0.0035777 0.0015125 0.0068257 -0.0035716 0.0015016 0.006792 -0.0036015 -0.0065945 -0.0023735 -0.0035777 -0.0065735 -0.0023674 -0.0035966 -0.0065481 -0.0023603 -0.0036084 -0.0064492 -0.0026735 -0.0036085 -0.006473 -0.0026818 -0.0035973 0.0016084 0.006749 -0.0036059 0.0016175 0.0067803 -0.0035858 0.0016238 0.0068021 -0.0035549 0.0017269 0.0067701 -0.0035623 0.0017179 0.0067347 -0.0035989 -0.0063147 -0.0030118 -0.0036068 -0.0062323 -0.0031765 -0.0036046 -0.0062179 -0.0032039 -0.0036037 -0.0061882 -0.0032588 -0.0036013 -0.006165 -0.0033007 -0.0035983 -0.0061266 -0.0033356 -0.0036022 -0.0061529 -0.0033226 -0.0035959 -0.0061515 -0.0033601 -0.0035741 0.0034073 0.0060578 -0.0035989 0.0034252 0.0060897 -0.0035623 0.0048886 0.0049917 -0.0035623 0.004863 0.0049656 -0.0035989 0.0059853 0.0035329 -0.0035989 0.0066972 0.0018579 -0.0035989 0.0069498 5.56e-05 -0.0035989 0.0067259 -0.0017505 -0.0035989 0.0060407 -0.0034366 -0.0035989 0.0060168 0.0035515 -0.0035623 0.0067325 0.0018677 -0.0035623 0.0069864 5.59e-05 -0.0035623 0.0067613 -0.0017598 -0.0035623 0.0060726 -0.0034547 -0.0035623 -0.0061508 -0.0033721 -0.0035625 -0.0061345 -0.0033561 -0.0035894 -0.0061124 -0.0033345 -0.0036067 -0.0061143 -0.0033502 -0.0036015 -0.0061396 -0.0033749 -0.0035716 0.005982 -0.0035223 -0.0036059 0.0060121 -0.0035348 -0.003586 0.006033 -0.0035436 -0.0035552 0.0059929 -0.0036292 -0.0035716 0.0059588 -0.0036196 -0.0036015 -0.0060855 -0.0034525 -0.0035552 -0.0060675 -0.0034387 -0.003586 -0.0060416 -0.003419 -0.0036059 -0.0059968 -0.0035127 -0.0035989 -0.0060283 -0.0035312 -0.0035623 0.0059443 -0.0036258 -0.0036067 0.005974 -0.0036341 -0.0035894 0.005996 -0.0036403 -0.0035625 0.005986 -0.0036469 -0.0035741 0.0059524 -0.0036375 -0.0036022 -0.0049049 -0.0049751 -0.0035623 -0.003445 -0.0060779 -0.0035623 -0.003427 -0.006046 -0.0035989 -0.0017398 -0.0067284 -0.0035989 -0.0048792 -0.004949 -0.0035989 6.67e-05 -0.0069494 -0.0035989 0.0018686 -0.0066938 -0.0035989 0.0035424 -0.0059792 -0.0035989 0.0049733 -0.0048546 -0.0035989 0.003561 -0.0060107 -0.0035623 0.0049994 -0.0048801 -0.0035623 0.0018784 -0.0067291 -0.0035623 6.7e-05 -0.006986 -0.0035623 -0.001749 -0.0067638 -0.0035623 0.0059414 -0.0036883 -0.0035983 0.0059167 -0.0037293 -0.0036013 0.0058839 -0.0037825 -0.0036037 0.0059542 -0.0036669 -0.0035959 0.005766 -0.0039623 -0.0036068 0.0058675 -0.0038087 -0.0036046 0.0055593 -0.0042645 -0.0035973 0.0055402 -0.004248 -0.0036085 0.0050787 -0.0048068 -0.0035549 0.005063 -0.0047905 -0.0035858 0.0050404 -0.004767 -0.0036059 0.005131 -0.004696 -0.0036015 0.0051548 -0.0047222 -0.0035716 0.0053185 -0.0044902 -0.0036084 0.0053373 -0.0045086 -0.0035966 0.0053531 -0.0045239 -0.0035777</float_array><technique_common><accessor source="#mesh0-array" count="2713" stride="3"><param name="X" type="float" /><param name="Y" type="float" /><param name="Z" type="float" /></accessor></technique_common></source><vertices id="mesh0-vertices"><input semantic="POSITION" source="#mesh0-positions" /></vertices><triangles count="5426" material="mesh0-material0"><input semantic="VERTEX" source="#mesh0-vertices" offset="0" /><p>2640 2639 2650 2640 2650 2649 2653 187 186 2653 186 2652 16 17 15 16 15 14 2652 186 185 2652 185 2649 2657 191 190 2657 190 2656 201 200 2686 201 2686 2685 8 9 7 8 7 5 20 21 3 20 3 1 31 18 16 31 16 29 28 29 27 28 27 26 2660 2655 2654 2660 2654 2659 127 2660 2659 127 2659 131 2658 2653 2652 2658 2652 2651 157 2695 2694 157 2694 175 162 2684 2696 162 2696 161 2481 240 239 2481 239 2480 2480 2483 2482 2480 2482 2481 2527 2528 130 2527 130 132 2486 2487 266 2486 266 262 2531 2532 152 2531 152 149 2532 2533 154 2532 154 152 2479 2480 239 2479 239 238 33 56 55 33 55 35 2477 2478 237 2477 237 236 220 219 2540 220 2540 2539 2485 2484 2479 2485 2479 2478 97 121 95 97 95 96 65 67 66 65 66 64 93 99 98 93 98 94 119 120 118 119 118 117 88 89 87 88 87 86 86 87 85 86 85 84 84 85 83 84 83 82 77 78 79 79 78 80 79 80 81 81 80 82 81 82 83 105 107 106 105 106 104 115 116 114 115 114 113 101 103 102 101 102 100 2125 2142 2144 2125 2144 2126 94 96 95 94 95 93 92 68 91 92 91 90 90 91 89 90 89 88 74 76 75 74 75 73 106 107 108 108 107 109 108 109 110 110 109 111 110 111 112 76 78 77 76 77 75 72 74 73 72 73 71 99 101 100 99 100 98 64 70 69 64 69 65 92 111 113 92 113 90 64 107 109 64 109 66 84 119 121 84 121 82 72 103 105 72 105 70 76 99 101 76 101 74 78 93 99 78 99 76 80 95 93 80 93 78 86 117 119 86 119 84 124 125 126 122 129 123 255 24 22 255 22 254 134 133 135 135 133 136 137 138 139 177 178 176 177 176 175 141 140 142 134 143 132 132 143 144 129 145 146 146 145 147 147 145 148 45 169 168 45 168 43 150 149 151 153 152 154 155 156 157 157 156 158 157 158 159 38 159 160 38 160 63 131 132 130 131 130 127 259 262 260 259 260 28 163 164 165 164 43 166 166 43 167 167 43 168 266 267 265 266 265 262 169 45 170 152 153 151 152 151 149 171 47 49 163 165 172 1 275 274 1 274 20 178 177 179 193 195 77 193 77 192 181 182 183 180 184 87 83 186 187 11 13 91 11 91 68 81 188 189 77 191 192 205 207 65 205 65 204 193 192 194 77 195 196 186 83 85 186 85 185 73 198 199 71 200 201 189 190 79 189 79 81 191 77 79 191 79 190 65 203 204 205 204 206 65 207 6 184 185 85 184 85 87 198 73 75 198 75 197 68 9 11 199 200 71 199 71 73 91 13 15 203 65 69 203 69 202 87 19 182 106 60 58 223 97 96 223 96 222 240 241 112 240 112 239 228 231 229 228 229 120 100 213 214 214 216 100 94 220 221 237 238 114 237 114 116 209 210 100 209 100 102 120 229 230 230 232 120 54 53 110 54 110 208 53 62 108 53 108 110 116 236 237 58 56 104 58 104 106 224 225 97 224 97 223 225 226 120 225 120 97 227 228 120 227 120 226 110 245 246 249 248 250 246 208 110 251 252 22 22 252 253 22 253 254 255 254 256 255 256 257 39 162 161 39 161 38 128 145 129 128 129 122 28 260 261 260 262 263 263 262 264 264 262 265 267 266 268 47 171 170 47 170 45 270 269 271 28 261 30 275 1 0 276 277 278 278 277 279 279 277 280 870 883 874 870 874 873 280 281 282 282 281 283 1470 1471 1469 1470 1469 1467 882 883 870 882 870 881 947 884 874 947 874 883 281 291 292 886 887 882 886 882 881 887 889 888 887 888 882 311 312 313 907 908 906 907 906 905 927 930 2296 927 2296 2274 315 316 317 1505 1507 1506 1505 1506 1504 914 918 917 914 917 916 921 922 920 921 920 918 329 328 330 1517 1518 1516 1517 1516 1514 332 331 333 333 334 335 335 334 336 930 924 887 930 887 886 317 313 315 1491 1529 1528 1491 1528 1489 1529 1531 1530 1529 1530 1528 342 344 348 1535 1536 1534 1535 1534 1530 350 349 351 946 884 947 946 947 945 948 877 874 948 874 885 1511 1507 1542 1511 1542 1514 882 888 947 882 947 883 949 950 932 949 932 931 1483 1485 1536 1483 1536 1538 1487 1489 1528 1487 1528 1534 359 360 361 953 959 955 953 955 954 361 362 363 363 362 364 366 360 367 366 367 368 369 364 368 957 955 959 957 959 961 1557 1558 1556 1557 1556 1551 372 373 370 1560 1570 1561 1560 1561 1562 970 971 969 970 969 968 1563 1566 1565 1563 1565 1564 1567 1577 1565 1567 1565 1566 1566 1573 1568 1566 1568 1567 381 382 383 375 384 385 978 979 970 978 970 968 388 389 383 1840 1830 1831 1840 1831 1833 1578 1579 1575 1578 1575 1574 990 1012 988 990 988 989 993 991 990 993 990 989 1585 1587 1583 1585 1583 1584 1590 1591 1589 1590 1589 1588 405 404 406 407 406 408 407 408 409 1596 1598 1597 1596 1597 1595 412 410 413 415 408 406 1010 996 998 1010 998 1009 421 422 423 1015 1018 1017 1015 1017 1016 424 425 426 1613 1614 1612 1613 1612 1611 1022 1023 1021 1022 1021 1020 430 429 431 1618 1619 1617 1618 1617 1615 1027 1029 1028 1027 1028 1026 1027 1111 1030 1027 1030 1029 1623 1625 1624 1623 1624 1622 1625 1627 1626 1625 1626 1624 442 443 444 452 451 453 455 456 457 1051 1052 1050 1051 1050 1049 1646 1647 1645 1646 1645 1644 462 463 464 1651 1652 1648 1651 1648 1650 1060 1061 1055 1060 1055 1059 468 467 469 468 469 470 470 469 471 476 477 454 1670 1671 1669 1670 1669 1668 1672 1673 1671 1672 1671 1670 489 488 490 1628 1675 1676 1628 1676 1626 440 490 438 476 493 477 1088 1073 1071 1088 1071 1087 1682 1668 1666 1682 1666 1681 1683 1670 1668 1683 1668 1682 486 498 488 1080 1037 1039 1080 1039 1078 1648 1654 1691 1648 1691 1645 1645 1691 1692 1645 1692 1643 1098 1065 1100 1098 1100 1099 1050 1099 1102 1050 1102 1048 1101 1042 1040 1101 1040 1104 1641 1695 1698 1641 1698 1611 1102 1103 1106 1102 1106 1105 1697 1633 1631 1697 1631 1700 1611 1698 1701 1611 1701 1613 1106 1107 1110 1106 1110 1109 1700 1631 1629 1700 1629 1703 519 516 517 1110 1036 1034 1110 1034 1112 1112 1034 1032 1112 1032 1030 1118 1113 957 1118 957 1114 962 1115 1114 962 1114 957 522 523 521 1117 1118 1114 1117 1114 1116 527 526 421 1714 1706 1711 1714 1711 1713 374 530 531 977 1126 1125 977 1125 978 532 533 534 276 278 537 1134 1131 928 1134 928 1132 1522 1726 1725 1522 1725 1521 1726 1728 1727 1726 1727 1725 544 543 359 544 359 361 361 545 544 1731 1724 1727 1731 1727 1730 546 547 548 548 547 549 551 549 552 553 547 546 555 371 556 1742 1744 1743 1742 1743 1741 1747 1775 1745 1747 1745 1746 561 560 562 1748 1750 1749 1748 1749 1747 1751 1752 1749 1751 1749 1750 1753 1754 1752 1753 1752 1751 1772 1757 1756 1772 1756 1755 1164 1166 1165 1164 1165 1163 573 574 575 575 576 577 1177 1171 1170 1177 1170 1169 580 578 581 581 578 582 584 576 585 585 574 586 566 588 563 1740 1741 1743 1740 1743 1776 593 552 553 598 412 413 594 597 595 413 414 598 1767 1787 1786 1767 1786 1785 600 601 602 602 603 600 600 603 546 604 546 548 600 605 599 1793 1794 1550 1793 1550 1792 1216 1204 1203 1216 1203 1202 1228 1203 1204 1228 1204 1205 1204 1217 1206 1204 1206 1205 1229 1205 1206 1229 1206 1207 1209 1210 1113 1209 1113 1121 616 528 619 1016 1213 1212 1016 1212 1121 620 423 621 1807 1809 1808 1807 1808 1806 1610 1810 1807 1610 1807 1609 1810 1797 1809 1810 1809 1807 1610 1612 1799 1610 1799 1810 614 615 625 1812 1813 1811 1812 1811 1801 1219 1225 1221 1219 1221 1220 1222 1229 1220 1222 1220 1221 1814 1819 1816 1814 1816 1815 1224 1228 1222 1224 1222 1223 1201 1227 958 1201 958 957 1803 1802 1808 1803 1808 1804 1802 1805 1806 1802 1806 1808 1557 1818 1823 1557 1823 1742 1219 1231 1230 1219 1230 1225 1612 1614 1825 1612 1825 1801 428 641 639 1616 1617 1828 1616 1828 1826 1617 1690 1829 1617 1829 1828 643 504 644 645 435 646 1243 1244 1162 1243 1162 1160 651 650 648 1832 1621 1622 1832 1622 1838 1247 1237 1238 1247 1238 1240 1748 1841 1839 1748 1839 1750 1842 1829 1830 1842 1830 1840 1153 1250 1248 1153 1248 1155 1250 1251 1249 1250 1249 1248 1844 1828 1829 1844 1829 1842 284 734 733 284 733 287 1253 1233 1235 1253 1235 1251 1742 1847 1845 1742 1845 1744 1255 1234 1233 1255 1233 1253 661 556 637 463 461 663 1850 1851 1849 1850 1849 1647 1564 1565 1851 1564 1851 1850 460 666 461 461 666 664 1717 1716 1850 1717 1850 1852 1715 1564 1850 1715 1850 1716 376 378 529 1266 1267 1265 1266 1265 1096 676 675 583 1177 1270 1269 1177 1269 1176 1865 1857 1856 1865 1856 1866 1273 1263 1265 1273 1265 1267 663 665 681 1869 1870 1576 1869 1576 1606 390 684 685 1058 1275 1278 1058 1278 1277 688 687 689 1873 1580 1581 1873 1581 1875 394 687 686 1058 1277 1276 1058 1276 1059 390 685 682 583 675 601 603 691 692 603 692 546 1268 1266 1286 1268 1286 1283 693 673 694 694 502 695 695 696 697 1874 1884 1655 1874 1655 1653 1011 1010 1293 1011 1293 1292 688 689 698 700 417 701 1009 1295 1294 1009 1294 1010 1890 1640 1639 1890 1639 1889 454 704 705 1662 1640 1891 1662 1891 1892 704 409 705 411 707 706 701 473 700 553 546 709 1094 1093 1304 1094 1304 1289 713 553 709 714 708 715 1903 1904 1901 1903 1901 1902 712 720 721 1315 1186 1146 1315 1146 1306 1903 1780 1779 1903 1779 1908 1312 1311 1314 1312 1314 1313 1311 1310 1315 1311 1315 1314 1571 1718 1909 1571 1909 1572 723 532 724 279 280 725 875 1319 1318 875 1318 873 726 282 283 725 726 724 1913 1909 1910 1913 1910 1912 980 979 1316 980 1316 1320 382 387 728 1913 1915 1914 1913 1914 1573 1319 1323 1322 1319 1322 1320 731 286 732 1473 1919 1918 1473 1918 1472 1925 1586 1578 1925 1578 1924 1332 1334 1333 1332 1333 993 1334 1336 1335 1334 1335 1333 742 743 355 1569 1568 1931 1569 1931 1930 745 382 728 1321 1322 1340 1321 1340 1338 1915 1916 1917 1915 1917 1933 1924 1922 1927 1924 1927 1925 749 742 750 1477 1937 1936 1477 1936 1478 1938 1939 1934 1938 1934 1935 402 754 755 402 755 404 404 755 756 1350 999 997 1350 997 1349 1945 1955 1943 1945 1943 1944 1947 1954 1945 1947 1945 1946 1948 1535 1530 1948 1530 1946 1948 1949 1537 1948 1537 1535 351 763 764 1539 1953 1937 1539 1937 1477 1360 1359 1345 1360 1345 1344 946 944 1357 946 1357 1360 1954 1600 1955 1954 1955 1945 769 414 415 1363 1349 1348 1363 1348 1358 1355 1351 1363 1355 1363 1356 772 761 773 938 936 1368 938 1368 1367 1371 1367 1368 1371 1368 1370 777 780 781 1366 1367 1371 1366 1371 1365 1379 1141 1143 1379 1143 1375 548 786 604 604 786 787 1973 1974 1791 1973 1791 1790 605 788 599 599 788 789 599 789 579 1972 1971 1976 1972 1976 1973 785 306 308 792 309 310 793 310 311 1386 1390 1389 1386 1389 1382 797 793 311 1393 1395 1394 1393 1394 1391 806 802 800 1402 1403 954 1402 954 966 2002 2003 2001 2002 2001 2000 817 816 335 373 818 819 373 819 820 1416 1429 1418 1416 1418 1417 1420 1409 1407 1420 1407 1419 2014 2023 2015 2014 2015 1558 372 829 830 1426 1427 1425 1426 1425 1424 2021 2022 2009 2021 2009 2020 926 928 1418 926 1418 1429 843 842 844 2030 1518 1519 2030 1519 2029 840 844 842 1422 1430 1439 1422 1439 1423 809 373 820 835 843 333 835 333 836 2010 2012 2033 2010 2033 2008 2012 2000 1998 2012 1998 2033 335 816 827 827 825 335 849 806 850 916 917 1445 916 1445 1444 1512 1513 2040 1512 2040 2039 2047 2045 2044 2047 2044 2043 2046 2050 2044 2046 2044 2045 860 859 590 1182 1456 1453 1182 1453 1183 1421 1454 1450 1421 1450 1431 589 862 863 1180 1441 1458 1180 1458 1181 1461 1446 1447 1461 1447 1457 869 870 871 871 870 872 872 870 873 1463 1476 1467 1463 1467 1466 873 874 875 875 874 876 1540 1477 1467 1540 1467 1476 874 884 885 1482 1484 1483 1482 1483 1481 300 302 301 300 301 299 304 306 305 304 305 303 307 310 309 307 309 308 904 905 906 908 909 910 319 321 320 319 320 318 1507 1509 1508 1507 1508 1506 1511 1513 1512 1511 1512 1510 1514 1515 1513 1514 1513 1511 922 921 923 331 332 330 331 330 328 925 924 926 926 927 928 928 927 929 1523 1517 1480 1523 1480 1479 338 339 298 338 298 296 910 906 908 305 343 342 305 342 303 343 345 344 343 344 342 1531 1533 1532 1531 1532 1530 1541 1470 1467 1541 1467 1478 1542 1524 1517 1542 1517 1514 319 316 358 319 358 357 1481 1483 1538 1481 1538 1540 301 303 342 301 342 348 952 953 954 954 955 956 956 955 957 959 953 960 959 960 961 962 957 961 371 372 370 371 370 365 965 966 963 1559 1547 1549 1559 1549 1556 374 384 375 374 375 376 380 387 382 380 382 381 974 975 976 968 977 978 981 982 976 404 405 403 404 403 402 998 997 999 1000 999 1001 1000 1001 1002 1002 1003 1004 1004 1003 1005 1007 1003 1008 1008 1001 999 418 401 403 418 403 417 1605 1583 1587 1605 1587 1604 1014 1015 1016 1017 1018 1019 427 428 426 427 426 425 1615 1616 1614 1615 1614 1613 1023 1022 1024 432 518 434 432 434 433 1620 1622 1621 1620 1621 1619 1035 1036 1037 445 446 444 445 444 443 1045 1044 1046 1640 1665 1638 1640 1638 1639 1048 1049 1050 460 461 459 460 459 458 1055 1056 1057 1061 1060 1062 1061 1062 1063 1063 1062 1064 471 473 472 471 472 470 473 475 474 473 474 472 1661 1639 1637 1661 1637 1660 1069 1070 1047 482 483 481 482 481 480 1674 1675 1673 1674 1673 1672 1082 1081 1083 1033 1083 1031 492 493 476 492 476 491 1069 1086 1070 1680 1664 1663 1680 1663 1679 498 486 484 498 484 497 1079 1091 1081 1687 1682 1681 1687 1681 1686 490 488 498 490 498 503 1690 1617 1619 1690 1619 1621 1669 1634 1636 1669 1636 1667 485 446 448 485 448 483 1654 1656 1658 1654 1658 1691 459 505 506 459 506 457 1691 1658 1693 1691 1693 1692 1658 1660 1694 1658 1694 1693 507 508 511 507 511 510 1694 1635 1633 1694 1633 1697 455 509 512 455 512 425 510 511 514 510 514 513 515 516 518 515 518 432 1112 1109 1110 1711 1706 1550 1711 1550 1707 1115 1116 1114 1710 1711 1707 1710 1707 1709 1120 1119 1014 1609 1714 1713 1609 1713 1607 529 530 374 529 374 376 967 1123 1124 1570 1719 1718 1570 1718 1571 1125 1126 1127 537 278 535 537 535 536 869 871 1130 1137 1136 952 1139 1140 1141 1141 1140 1142 549 551 550 549 550 548 1144 1142 1145 1146 1140 1139 1148 964 1149 1744 1746 1745 1744 1745 1743 561 589 559 561 559 560 1154 1153 1155 567 568 566 567 566 565 1757 1759 1758 1757 1758 1756 586 574 573 586 573 571 1166 1167 1168 1168 1169 1170 1764 1766 1765 1764 1765 1763 1173 1171 1174 1174 1171 1175 578 584 583 578 583 582 1177 1169 1178 1178 1167 1179 572 587 568 572 568 570 1159 1181 1156 1775 1747 1749 1775 1749 1774 590 557 559 590 559 589 554 555 557 554 557 590 550 551 592 550 592 591 1737 1738 1779 1737 1779 1778 1186 1145 1146 1780 1781 1778 1780 1778 1779 1782 1777 1778 1782 1778 1781 1191 1005 1006 1187 1190 1188 1006 1007 1191 2098 2094 2100 2098 2100 2099 1193 1194 1195 1195 1196 1193 1193 1196 1139 604 605 600 604 600 546 1197 1139 1141 1193 1198 1192 520 617 606 520 606 364 607 608 364 607 364 606 2035 2036 2037 2035 2037 2052 1822 1798 1799 1822 1799 1800 1802 1803 1706 1802 1706 1714 618 607 606 618 606 617 1209 1121 1212 1213 1016 1214 1809 1795 1804 1809 1804 1808 1016 1017 1214 1214 1017 1217 1207 1208 1218 1812 1818 1814 1812 1814 1813 628 633 630 628 630 629 630 633 371 630 371 631 365 634 631 365 631 371 632 371 633 632 633 628 1286 1290 1284 1286 1284 1283 616 619 620 616 620 622 1801 1825 1824 1801 1824 1812 640 641 428 640 428 430 1021 1234 1232 641 662 638 641 638 639 1236 1097 1237 435 645 644 435 644 504 1238 1028 1239 648 650 649 648 649 647 650 567 565 650 565 649 1244 1243 1241 1750 1839 1835 1750 1835 1751 1839 1840 1833 1839 1833 1835 562 655 653 562 653 564 655 656 654 655 654 653 658 642 643 658 643 656 1846 1826 1828 1846 1828 1844 1254 1149 1230 1824 1848 1847 1824 1847 1823 1256 1257 1258 1053 1259 1054 1054 1259 1257 531 530 664 531 664 666 969 971 1122 569 651 667 569 667 586 1856 1857 1624 1856 1624 1676 1269 1268 1176 1866 1856 1858 1866 1858 1860 1849 1867 1650 1849 1650 1649 1868 1651 1650 1868 1650 1867 1577 1576 1868 1577 1868 1867 1256 1258 1274 983 1277 1278 1651 1868 1871 1651 1871 1870 1580 1872 1869 1580 1869 1606 1281 1280 1282 687 394 395 687 395 689 987 1280 1279 1651 1870 1869 1651 1869 1652 983 1278 1275 1176 1268 1194 1876 1788 1787 1876 1787 1861 1878 1732 1789 1878 1789 1877 1286 1266 1287 1287 1095 1288 501 696 695 501 695 502 1288 1289 1290 1878 1877 1883 1878 1883 1882 700 473 471 700 471 699 1604 1603 1886 1604 1886 1885 1281 1282 1291 1875 1581 1605 1875 1605 1884 1604 1885 1884 1604 1884 1605 1293 1010 1294 1047 1297 1298 1595 1597 1892 1595 1892 1891 1297 1002 1298 1004 1300 1299 1294 1066 1293 1146 1139 1302 1306 1146 1302 1662 1894 1900 1662 1900 1677 1307 1301 1308 411 597 716 411 716 707 720 712 500 720 500 499 1305 1313 1314 1905 1904 1907 1905 1907 1906 1316 1125 1317 278 279 725 278 725 535 872 873 1318 1319 875 876 1318 1319 1317 975 980 1321 727 729 728 727 728 387 1469 1471 1916 1469 1916 1912 285 286 731 285 731 730 1324 879 1325 1252 1253 1251 1252 1251 1250 1578 1574 1923 1578 1923 1924 1335 1336 948 743 734 284 743 284 355 747 731 732 747 732 746 1338 975 1321 744 746 735 744 735 737 736 734 743 736 743 741 400 740 748 400 748 398 1342 1335 1343 752 753 748 752 748 749 1939 1585 1584 1939 1584 1934 995 1347 1348 995 1348 997 997 1348 1349 759 769 757 759 757 758 758 762 760 758 760 759 944 1356 1357 1953 1952 1938 1953 1938 1937 1539 1537 1950 1539 1950 1953 768 414 769 768 769 759 769 415 406 769 406 757 1362 1007 1008 1600 1954 1957 1600 1957 1784 1365 1354 1366 347 345 774 347 774 773 777 781 779 777 779 778 1370 1373 1374 780 783 782 780 782 550 1962 1970 1969 1962 1969 1966 1198 1381 1192 1192 1381 1382 1192 1382 1172 1971 1494 1977 1971 1977 1976 1378 899 901 1385 902 903 793 794 792 793 792 310 1386 903 904 1390 1386 904 1985 1994 1982 1985 1982 1983 1986 1988 1987 1986 1987 1984 802 804 803 802 803 801 1399 1395 1393 1995 1996 1547 1995 1547 1559 954 1403 1404 1996 2033 1998 1996 1998 1997 1999 2031 1997 1999 1997 1998 816 817 815 816 815 814 1410 1409 928 538 815 817 538 817 335 966 1411 1412 966 1412 1413 822 809 820 822 820 821 823 824 822 823 822 821 965 1422 1423 2018 2005 2004 2018 2004 2017 838 839 837 838 837 828 833 841 842 833 842 843 1436 1435 1437 844 332 333 844 333 843 1433 1437 1435 1731 1999 2001 1731 2001 1724 1731 1547 2031 1731 2031 1999 1404 1438 954 2302 2303 2290 2302 2290 2292 2027 2032 2023 2027 2023 2025 1402 966 1413 841 833 831 841 831 846 1428 1436 926 1428 926 1429 824 826 847 824 847 822 928 1409 1420 1420 1418 928 1442 1399 1443 320 322 850 320 850 806 1508 1509 2037 1508 2037 2036 324 326 853 324 853 852 1513 1515 2041 1513 2041 2040 1515 1516 2042 1515 2042 2041 844 838 857 844 857 856 1453 1452 1183 1558 1740 2047 1558 2047 2014 588 865 862 588 862 589 1182 1455 1456 2049 2054 2050 2049 2050 2046 2050 2040 2041 2050 2041 2044 1773 2034 2051 1773 2051 1774 2052 2037 2038 2052 2038 2053 2048 2053 2054 2048 2054 2049 2053 2038 2039 2053 2039 2054 2054 2039 2040 2054 2040 2050 1462 1463 1464 1464 1463 1465 1465 1463 1466 1466 1467 1468 1468 1467 1469 877 880 879 877 879 878 289 290 277 289 277 288 1467 1477 1478 891 893 892 891 892 890 307 312 311 307 311 310 1497 1498 1499 1501 1502 1503 909 912 911 909 911 910 325 327 326 325 326 324 1515 1514 1516 1518 1517 1519 930 927 926 930 926 924 1519 1520 1521 1521 1520 1522 924 931 889 924 889 887 931 932 891 931 891 889 933 934 895 933 895 893 934 900 897 934 897 895 1503 1499 1501 1528 1530 1534 1536 1535 1537 351 353 352 351 352 350 918 914 949 918 949 921 914 912 950 914 950 949 289 295 354 289 354 290 950 951 933 950 933 932 358 314 341 358 341 340 1545 1546 1547 1547 1548 1549 1549 1548 1550 365 370 363 365 363 364 1552 1546 1553 1552 1553 1554 1555 1550 1554 364 362 366 364 366 368 1558 1559 1556 373 361 363 373 363 370 377 378 376 377 376 375 970 973 972 970 972 971 1567 1568 1569 1561 1570 1571 386 387 380 386 380 377 1574 1575 1569 394 420 389 394 389 393 400 396 393 400 393 392 1591 1590 1592 1000 1009 998 1000 998 999 1593 1592 1594 1593 1594 1595 1598 1596 1599 1601 1594 1592 417 403 405 417 405 416 419 397 401 419 401 418 1607 1608 1609 422 425 424 422 424 423 1610 1611 1612 1616 1615 1617 1025 1026 1024 1025 1024 1022 1628 1629 1630 1038 1039 1037 1038 1037 1036 449 450 448 449 448 447 451 452 450 451 450 449 1638 1637 1639 454 479 452 454 452 453 1015 1049 1048 1015 1048 1018 1641 1642 1643 458 459 457 458 457 456 1054 1056 1055 1054 1055 1052 1648 1649 1650 1058 1059 1055 1058 1055 1057 1654 1653 1655 1654 1655 1656 1656 1655 1657 1658 1659 1660 1660 1659 1661 1662 1663 1640 478 479 454 478 454 477 1675 1674 1676 1035 1082 1083 1035 1083 1033 1626 1676 1624 1662 1679 1663 1091 1079 1077 1091 1077 1090 1672 1684 1674 1093 1088 1087 1093 1087 1092 1094 1095 1090 1094 1090 1089 481 450 452 481 452 479 1078 1039 1041 1078 1041 1076 468 470 472 468 472 505 1067 1044 1042 1067 1042 1101 506 507 510 506 510 509 1018 1105 1108 1018 1108 1020 512 513 516 512 516 515 513 514 517 513 517 516 1705 1702 1703 369 522 521 369 521 364 1708 1709 1707 1119 1120 1118 1119 1118 1117 1713 1712 1607 423 528 527 423 527 421 1121 1113 1118 1121 1118 1120 1122 1123 967 1122 967 969 1560 1716 1717 1718 1719 1720 1130 871 1128 1130 1128 1129 1462 1464 1723 1730 1729 1545 1730 1545 1547 1547 1731 1730 1138 1131 1134 1138 1134 1137 1732 1733 1734 1734 1733 1735 1737 1735 1738 549 547 553 549 553 552 1739 1733 1732 965 964 1148 965 1148 1147 1741 1557 1742 1149 1151 1150 1149 1150 1148 1747 1746 1748 1759 1760 1761 1761 1762 1763 584 578 577 584 577 576 1766 1764 1767 1767 1764 1768 1770 1762 1771 1771 1760 1772 821 832 834 821 834 823 1180 1181 1159 1180 1159 1161 1752 1774 1749 1183 1150 1152 1183 1152 1182 551 552 593 551 593 592 1779 1738 1739 594 595 592 594 592 593 596 591 592 596 592 595 597 598 596 597 596 595 1784 1598 1599 1780 1783 1781 1599 1600 1784 1786 1787 1788 1788 1789 1786 1786 1789 1732 1197 1198 1193 1197 1193 1139 1790 1732 1734 1786 1791 1785 1113 1210 1199 1113 1199 957 623 611 610 623 610 609 849 850 851 849 851 866 1019 1208 1207 1019 1207 1206 1211 1200 1199 1211 1199 1210 1802 1714 1805 423 620 619 423 619 528 1806 1609 1807 623 609 618 623 618 622 1017 1019 1206 1017 1206 1217 1800 1801 1811 629 636 627 629 627 628 631 635 629 631 629 630 958 1227 1224 958 1224 964 1225 964 1226 1225 1226 1221 634 610 635 634 635 631 1228 1205 1229 1228 1229 1222 626 638 637 626 637 632 615 639 638 615 638 626 1019 1021 1232 1019 1232 1208 1233 1234 1021 1233 1021 1023 1614 1827 1825 1023 1024 1235 1023 1235 1233 1829 1690 1830 1831 1621 1832 1837 1836 1834 1241 1239 1245 1241 1245 1244 564 653 649 564 649 565 560 657 655 560 655 562 657 658 656 657 656 655 1151 1252 1250 1151 1250 1153 1149 1254 1252 1149 1252 1151 1254 1255 1253 1254 1253 1252 1847 1742 1823 638 662 661 638 661 637 1649 1647 1849 1646 1852 1647 1647 1852 1850 1122 971 1257 1122 1257 1123 1562 1564 1715 1162 1244 1260 1162 1260 1179 1244 1245 1261 1244 1261 1260 652 436 669 652 669 668 438 671 669 438 669 436 675 676 674 675 674 673 1862 1861 1769 585 678 677 585 677 584 663 681 464 663 464 463 682 465 464 682 464 681 1849 1851 1867 1276 1277 983 1276 983 1013 1576 1870 1871 394 686 683 394 683 420 1874 1873 1875 1580 1873 1872 2121 2120 2113 2121 2113 2119 1576 1871 1868 1769 1861 1787 675 673 693 675 693 690 1879 1859 1880 1880 1688 1881 1094 1289 1288 1094 1288 1095 1881 1882 1883 1821 1798 1822 1821 1822 1815 694 695 697 694 697 693 1291 1292 1064 1291 1064 1062 1874 1875 1884 1886 1603 1887 407 703 702 407 702 416 1000 1002 1297 1000 1297 1296 1297 1047 1046 1297 1046 1296 1640 1890 1891 1890 1595 1891 1597 1893 1892 1887 1659 1886 1739 1732 1895 1285 1303 1302 1285 1302 1139 713 709 710 713 710 712 1899 1739 1895 1900 1894 1901 707 716 715 707 715 708 1898 1906 1907 1909 1718 1910 1128 1318 1317 1128 1317 1125 1465 1466 1911 282 726 725 282 725 280 1912 1468 1469 1911 1912 1910 1568 1573 1914 726 730 729 726 729 727 878 879 1324 878 1324 1323 1917 1472 1918 1845 1846 1844 1845 1844 1843 1327 1329 1328 1327 1328 1326 1329 1331 1330 1329 1330 1328 392 388 737 392 737 738 1332 993 985 1332 985 1331 1928 1929 1541 383 744 737 383 737 388 976 975 1338 976 1338 1337 1338 1340 1339 1338 1339 1337 1340 1324 1325 1340 1325 1339 1931 1568 1914 1322 1323 1324 1322 1324 1340 993 1333 1341 993 1341 991 1333 1335 1342 1333 1342 1341 1935 1928 1936 751 752 749 751 749 750 753 399 398 753 398 748 1588 1940 1941 1588 1941 1590 1590 1941 1942 1349 1363 1351 1349 1351 1350 1354 1361 1352 1354 1352 1353 760 344 346 760 346 761 1537 1949 1950 766 767 764 766 764 765 1955 1600 1601 1958 1947 1959 939 940 1366 939 1366 1354 1370 1374 1372 1370 1372 1371 1963 1966 1967 550 591 781 550 781 780 305 306 784 305 784 776 785 783 784 785 784 306 1379 1375 1376 1379 1376 1378 1791 1974 1785 1785 1974 1975 1785 1975 1765 902 1385 1384 902 1384 901 1971 1492 1494 1978 1495 1496 1979 1496 1497 789 788 794 789 794 793 1983 1979 1497 318 800 798 318 798 317 804 573 575 804 575 803 1992 1988 1986 577 807 803 577 803 575 1389 1401 1400 1389 1400 1388 1547 1996 1997 813 845 811 813 811 812 2003 2002 1521 965 1423 1411 965 1411 966 1559 2004 2005 1559 2005 2006 819 832 821 819 821 820 1416 1417 1415 1416 1415 1414 825 827 826 825 826 824 827 816 814 827 814 826 1421 1430 1422 1421 1422 965 1558 2015 2016 830 846 831 830 831 818 832 819 818 832 818 831 333 335 825 333 825 836 1431 1432 1430 1431 1430 1421 838 844 840 838 840 839 1433 1435 1434 1433 1434 1432 1426 1434 1435 1426 1435 1436 2029 2028 2030 2026 2030 2028 545 813 815 545 815 538 545 361 845 545 845 813 1997 2031 1547 829 837 846 829 846 830 1995 1559 2006 1434 1426 1424 1434 1424 1439 2021 2029 1519 2021 1519 2022 1758 1773 1754 1758 1754 1756 1521 2002 2013 2013 2011 1521 1165 1398 1441 1165 1441 1180 2035 1992 2036 323 324 852 323 852 851 917 919 1446 917 1446 1445 327 329 855 327 855 854 925 1437 1449 925 1449 923 858 855 856 858 856 857 2046 2045 1776 372 554 861 372 861 828 1775 2048 2049 863 868 864 863 864 860 369 2055 522 2318 1709 1708 2318 1708 2317 2187 2188 1117 2187 1117 1116 2058 2057 146 2055 2059 2056 2321 261 260 2321 260 2318 164 166 2188 164 2188 2187 2061 148 2062 421 526 2063 2191 2192 1119 2191 1119 2189 2216 2193 168 2216 168 2195 456 2070 2071 2334 1644 1642 2334 1642 2333 2336 2345 2334 2336 2334 2335 2337 2341 2340 2337 2340 2339 153 2075 2080 151 2081 2066 2072 2083 458 1646 1644 2345 1646 2345 2344 2084 421 2063 2325 2324 2347 2325 2347 2346 2327 2329 2347 2327 2347 2326 2217 2202 2201 2217 2201 2199 2329 2331 2346 2329 2346 2347 360 2087 367 367 2088 368 125 2090 126 126 2090 124 2059 2055 2088 2091 2092 460 2092 2082 460 2092 2093 2082 2093 2076 2082 2093 2094 2076 2094 2077 2076 2094 2095 2077 2095 2094 2096 2094 2097 2096 2094 2098 2097 2360 2356 2362 2360 2362 2361 2100 2094 2101 2094 2093 2101 2101 2093 2091 2093 2092 2091 2102 2103 359 2102 2104 2103 2103 2104 2090 2103 2090 2089 2104 2105 2090 2089 2087 2103 1646 2353 2368 1646 2368 1852 2106 2091 2107 2107 2091 2101 2107 2101 2108 2108 2101 2100 2241 2249 2242 2241 2242 2239 2243 2238 2239 2243 2239 2242 2242 2250 2244 2242 2244 2243 2376 2379 2374 2376 2374 2375 2244 2251 2246 2244 2246 2245 2114 2115 2116 2116 2115 531 2116 531 2114 1852 2379 2376 1852 2376 1717 2117 666 2106 2369 2374 2379 2369 2379 2368 2383 2382 2375 2383 2375 2381 2115 2120 2121 2121 2119 2122 2122 2119 2123 2122 2123 2121 1522 2387 2386 1522 2386 1726 2124 2125 2126 2390 2386 2388 2390 2388 2389 2128 2130 2131 2128 2131 2124 2124 2131 540 2104 2133 2105 2104 2102 2132 2132 2102 359 2130 543 542 1726 2393 2392 1726 2392 1728 2136 2135 2137 2400 2401 2399 2400 2399 2397 2115 2121 2134 2383 2385 2400 2383 2400 2396 2134 2138 2135 2274 2275 2273 2274 2273 927 2146 2145 2147 2146 2147 2127 2256 2273 2275 2256 2275 2257 2136 2148 374 2136 2137 2148 2151 2150 2152 2139 2153 2137 2137 2153 2150 2151 2149 2148 2437 2416 136 2437 136 2417 2155 156 155 2156 176 2157 2157 176 2158 2420 2422 2421 2420 2421 2419 2161 2162 288 288 2162 2163 288 2163 293 293 2163 2164 2297 2276 2274 2297 2274 2296 2429 2409 2407 2429 2407 2428 2147 2167 179 2298 2299 275 2298 275 0 178 2168 2169 2301 2294 2293 2301 2293 2291 2434 2418 2419 2434 2419 2421 277 2174 2171 2305 2306 2303 2305 2303 2302 2304 2285 2306 2304 2306 2305 2429 2428 2438 2429 2438 2430 2418 2434 2437 2418 2437 2417 2438 2426 2425 2438 2425 2432 2149 2177 384 2149 2151 2177 2180 2179 2181 534 2184 536 2178 2180 2184 159 2185 2184 158 156 2154 2154 2173 2185 962 2186 1115 2318 2319 1710 2318 1710 1709 2058 526 524 2058 524 2057 2189 2188 166 264 2322 2320 264 2320 263 2186 2190 2187 2059 123 129 2059 129 2056 2191 167 168 2191 168 2192 2192 168 2193 2325 1712 2323 2325 2323 2324 1014 1119 2194 2196 169 2197 2328 2330 2329 2328 2329 2327 2330 2332 2331 2330 2331 2329 1049 2201 2202 1049 2202 2203 2071 2086 2073 2071 2073 2072 2073 2080 2075 2073 2075 2074 2075 2079 2078 2075 2078 2077 2337 270 271 2337 271 2341 171 2206 2211 2342 2343 268 2342 268 270 2343 2348 2330 2343 2330 2328 2344 2345 2336 2344 2336 2338 460 458 2083 460 2083 2082 2215 1014 2194 2348 2343 2342 2348 2342 2335 953 2218 960 960 2219 961 2219 2220 2221 174 2221 172 165 2190 173 2222 2223 1053 2223 2213 1053 2223 2224 2213 2224 2207 2213 2224 2225 2207 2225 2208 2207 2225 2226 2208 2226 2225 2227 2225 2228 2227 2225 2229 2228 2229 2225 2230 2225 2224 2231 2224 2222 2231 2224 2223 2222 2233 2234 952 2349 1546 1545 2349 1545 2365 2233 2235 2234 2234 2235 2236 2234 2220 2218 2238 2231 2239 2240 2241 2239 2373 2381 2375 2373 2375 2374 2375 2382 2377 2375 2377 2376 2245 2246 2247 2247 2246 1124 2247 1124 2245 2248 1259 2237 2107 2112 2117 2107 2117 2106 2380 2385 2381 2380 2381 2373 2246 2251 2252 2252 2250 2253 2253 2250 2254 2253 2254 2252 2255 2256 2257 2259 2261 2262 2259 2262 2255 2255 2262 1133 2235 2264 2236 2235 2233 2263 2263 2233 952 2261 1136 1135 2267 2266 2268 2246 2252 2265 2265 2269 2266 2402 2403 2400 2402 2400 2385 2125 336 334 2125 334 2142 2405 2406 2404 2405 2404 1520 2409 2389 2408 2409 2408 2407 2387 2404 2406 2387 2406 2388 2267 2279 967 2267 2268 2279 2282 2281 2283 2270 2284 2268 2268 2284 2281 2282 2280 2279 2286 252 251 137 139 2418 137 2418 2417 2287 274 2288 2288 274 2289 2422 2424 2423 2422 2423 2421 881 2293 2294 787 788 605 787 605 604 2165 337 293 2165 293 2164 2176 2166 2165 2176 2165 2164 2167 2147 2145 2167 2145 2166 2278 2298 0 2429 2430 141 2429 141 142 275 2299 2300 2432 2425 2424 2432 2424 2422 951 909 908 951 908 907 2292 870 2302 2433 2434 2421 2433 2421 2423 2172 2156 2157 2172 2157 2159 2173 2174 277 2173 277 276 870 2305 2302 2436 2437 2434 2436 2434 2433 2167 2166 2176 2167 2176 2168 2176 2164 2163 2176 2163 2170 2280 2308 977 977 2308 2309 977 2309 1126 2280 2282 2308 2311 2310 2312 1126 2309 1127 2309 2311 2315 2443 134 2446 2443 2446 2442 254 2316 2315 253 252 2285 2285 2304 2316 1555 2317 1708 2187 1116 1115 2187 1115 2186 2189 1119 1117 2189 1117 2188 2320 2319 263 2317 2321 2318 129 146 2057 129 2057 2056 148 2061 2060 148 2060 147 2323 265 2324 2063 526 2061 2063 2061 2062 1607 1712 2325 2085 2062 148 2085 148 2064 150 2065 2064 150 2064 148 2327 267 2328 2066 2068 2067 2066 2067 2065 2068 2070 2069 2068 2069 2067 2201 1049 1015 2201 1015 2200 1642 2332 2333 2205 2214 2203 2205 2203 2204 2204 2211 2206 2204 2206 2205 2206 2208 2207 2206 2207 2205 270 2337 2342 169 170 2212 169 2212 2197 2082 2083 2074 2082 2074 2076 2334 2345 1644 1015 1014 2215 1015 2215 2200 2346 1607 2325 2086 2081 2080 2086 2080 2073 2196 2198 2216 2196 2216 2195 2086 2071 2070 2086 2070 2068 1546 2349 1553 1553 2350 1554 2186 962 961 2186 961 2219 2090 125 2088 2090 2088 2089 272 2352 273 273 2352 30 2321 2317 2350 2353 2354 1646 2354 2344 1646 2354 2355 2344 2355 2338 2344 2355 2356 2338 2356 2339 2338 2356 2357 2339 2357 2356 2358 2356 2359 2358 2356 2360 2359 2362 2356 2363 2356 2355 2363 2363 2355 2353 2355 2354 2353 2364 2365 1545 2364 2366 2365 2365 2366 2367 2365 2367 2352 2352 2351 2365 2365 2351 2349 2368 2353 2369 2369 2353 2363 2369 2363 2370 2370 2363 2362 2109 2110 2108 2109 2108 2100 2110 2118 2111 2110 2111 2108 2112 2107 2108 2112 2108 2111 2245 2248 2243 2245 2243 2244 2376 2377 2378 2378 2377 1717 2378 1717 2376 2379 1852 2368 2118 2123 2119 2118 2119 2111 2377 2382 2383 2383 2381 2384 2384 2381 2385 2384 2385 2383 2386 2387 2388 2129 2132 2130 2129 2130 2128 2390 2392 2393 2390 2393 2386 2386 2393 1726 2366 2395 2367 2366 2364 2394 2394 2364 1545 2392 1729 1728 2134 2135 531 2134 531 2115 2136 374 531 2136 531 2135 2398 2397 2399 2377 2383 2396 2396 2400 2397 2140 2141 2138 2140 2138 2123 2256 929 927 2256 927 2273 2145 2146 2144 2145 2144 2143 2126 2144 2146 2126 2146 2127 2398 2410 1560 2149 384 374 2149 374 2148 2398 2399 2410 2150 2151 2148 2150 2148 2137 2413 2412 2414 2401 2415 2399 2399 2415 2412 2413 2411 2410 2306 2285 252 2306 252 2286 2417 136 137 2418 139 2419 2419 139 2420 2289 2291 2290 2289 2290 2288 2160 2162 2161 2160 2161 2159 881 870 2292 881 2292 2293 1479 2425 2426 2296 930 886 2296 886 2295 2307 2297 2296 2307 2296 2295 2409 2429 142 141 2430 2431 2291 2289 2300 2291 2300 2301 274 275 2300 274 2300 2289 1544 1502 1501 1544 1501 1500 2423 1463 2433 2171 2172 2159 2171 2159 2161 2304 2305 870 2304 870 869 1463 2436 2433 2287 2303 2306 2287 2306 2286 2411 2439 1570 1570 2439 2440 1570 2440 1719 2411 2413 2439 2442 2441 2443 1719 2440 1720 2316 1130 1129 2316 1129 2315 2304 869 1130 2304 1130 2316 2440 2442 2446 2181 159 2184 2181 2184 2180 2312 257 256 2312 256 254 2154 2185 159 2154 159 158 134 2447 2446 135 136 2416 2416 2435 2447 2558 2098 2077 2558 2077 2545 2339 2360 2357 2098 2097 2096 2098 2096 2095 231 2453 2452 2562 2558 2559 2562 2559 2561 2100 2098 2558 2100 2558 2562 2362 2361 2360 2362 2454 2371 2562 2572 2568 2562 2568 2109 2371 2455 2456 2574 2570 2569 2574 2569 2568 2571 2579 2569 2571 2569 2570 215 212 2571 215 2571 2570 2459 2454 2453 2458 228 2462 2462 228 2463 2578 2123 2118 2578 2118 2577 2110 2579 2577 2110 2577 2118 2579 2571 2575 2579 2575 2577 2110 2109 2569 2110 2569 2579 213 2548 2547 213 2547 214 2548 2545 2546 2548 2546 2547 2468 2448 2469 2545 2077 2078 2545 2078 2544 2469 2340 2341 2533 2544 2079 2533 2079 154 50 52 2581 50 2581 2582 2468 2471 2467 232 230 2467 2385 2465 2402 2402 2472 2403 2403 2472 2400 2583 2585 2584 2583 2584 2138 2400 2473 2401 212 211 2583 212 2583 2576 227 2474 2472 60 62 61 60 61 59 222 221 2538 222 2538 2537 223 222 2537 223 2537 2536 1184 1189 1372 1184 1372 1374 38 63 36 38 36 37 2529 2530 145 2529 145 128 46 48 47 46 47 45 2486 2485 2478 2486 2478 2477 2538 2539 2530 2538 2530 2529 2537 2538 2529 2537 2529 2528 2401 2473 2415 2491 2489 226 2525 243 242 2525 242 2524 2281 2284 2513 2281 2513 2283 2523 144 2443 2523 2443 2519 2504 2520 2519 2504 2519 2443 2593 2589 2590 2593 2590 2592 2445 2414 2497 2587 2595 2594 2587 2594 2152 2593 2599 2597 2593 2597 209 2598 2596 209 2598 209 2597 2516 2310 2313 2516 2313 2515 2601 2602 2599 2601 2599 2600 2515 2313 2314 2515 2314 2514 2594 2595 2602 2594 2602 2601 2502 2499 225 2502 225 2501 2507 2498 2499 2507 2499 2502 2588 2596 2595 2588 2595 2587 2283 2514 2314 2182 2601 2600 2182 2600 2179 2181 2179 2600 2181 2600 2592 210 209 2596 210 2596 2588 2507 2502 2501 2507 2501 2503 2506 2507 2503 2506 2503 2505 63 2181 2591 63 2591 36 34 2590 2589 34 2589 32 36 2591 2590 36 2590 34 2512 2524 242 2586 2588 2587 2586 2587 2153 2584 2585 2586 2584 2586 2153 2526 2284 2270 2150 2153 2587 2150 2587 2152 255 257 2482 255 2482 2483 2475 2471 2470 2475 2470 2488 33 35 34 33 34 32 2478 2479 238 2478 238 237 2476 2477 236 2476 236 235 2541 243 2525 2270 2269 2526 2269 2272 2541 2541 2272 2271 2542 2271 2254 2079 2544 2078 2470 2471 2468 2470 2468 2469 2546 2535 2547 216 214 2547 2567 2566 2581 2567 2581 2580 2546 2545 2544 244 2543 247 247 2549 248 250 2550 2551 2551 2553 250 2552 2556 249 2555 2554 2557 2557 2554 249 2557 249 2555 2555 249 2556 2077 2098 2095 2558 2545 2559 2559 2545 2548 2452 2453 2450 2452 2450 2451 229 231 2452 229 2452 2451 215 2561 2560 2100 2099 2098 2563 249 2554 2208 2229 2226 2232 2230 2229 2566 2567 2564 2100 2562 2109 2109 2568 2569 2572 2562 2561 2453 231 2460 2453 2460 2459 231 2457 2461 231 2461 2460 2571 212 2575 2575 212 2576 2463 2465 2464 2463 2464 2462 2460 2461 2455 2460 2455 2459 229 2451 2467 229 2467 230 2581 2566 2582 2448 2339 2340 2448 2340 2469 2582 2209 2210 2470 2469 2341 2470 2341 271 2581 52 2580 233 232 2467 233 2467 2471 208 246 2580 2123 2578 2140 2465 2463 2472 2465 2472 2402 2140 2583 2141 2141 2583 2138 2526 2269 2541 2526 2541 2525 2138 2584 2139 211 2585 2583 2139 2584 2153 2473 2474 2489 2473 2489 2415 2588 2586 210 2474 227 226 2474 226 2489 2496 241 240 2496 240 2492 2481 2493 2492 2481 2492 240 2495 2493 2494 2495 2494 2312 2183 2152 2594 2491 2499 2498 2491 2498 2490 226 225 2499 226 2499 2491 2496 2517 2508 2496 2508 241 2518 2511 2510 2518 2510 2509 2504 2505 2503 2504 2503 2500 2443 2441 2505 2443 2505 2504 2508 2517 2518 2508 2518 2509 2445 2497 2506 2445 2506 2444 2518 2515 2514 2518 2514 2511 204 203 2675 204 2675 2666 2677 172 2221 2677 2221 2673 2672 2668 2669 2672 2669 2671 2608 182 2607 2665 2666 2664 2665 2664 2646 2609 2607 2606 2667 2221 2236 2667 2236 2663 2367 2611 2610 2611 2612 2609 206 2646 2645 206 2645 2644 2615 2614 2391 2613 2612 2616 2616 2612 2611 2616 2395 2613 2127 2703 2701 2127 2701 2128 2617 2619 2620 205 206 2641 205 2641 2634 142 2639 2638 142 2638 2409 2639 2640 2637 2639 2637 2638 2691 196 2707 2691 2707 2706 195 2708 2707 195 2707 196 2708 2709 2706 2708 2706 2707 193 2704 2710 193 2710 195 2703 2127 2712 2703 2712 2711 2628 2389 2409 2409 2629 2628 2709 2708 2711 2709 2711 2712 2708 195 2710 2708 2710 2711 2258 2278 2631 2631 2278 2625 2630 180 2626 2630 2626 2627 181 2620 2626 181 2626 180 2619 2389 2628 2619 2628 2627 207 2624 2623 207 2623 6 2624 2625 2622 2624 2622 2623 2625 2278 2621 2625 2621 2622 4 6 2623 4 2623 2622 2641 2635 2634 2699 2702 194 2699 194 2698 2128 2702 2699 2128 2699 2129 2260 2643 2644 2697 2698 194 2697 194 2682 2645 2646 2647 2647 2646 2648 2133 2697 2700 2133 2700 2681 2264 2648 2236 24 25 23 24 23 22 29 16 14 29 14 27 198 2689 2688 198 2688 199 199 2688 2686 199 2686 200 14 15 13 14 13 12 10 11 9 10 9 8 12 13 11 12 11 10 26 27 25 26 25 24 2661 2656 2655 2661 2655 2660 31 29 28 31 28 30 23 10 8 23 8 21 2651 2652 2649 2651 2649 2650 175 2694 2692 175 2692 177 2695 2688 2689 2695 2689 2694 21 8 5 21 5 3 2663 2236 2648 2663 2648 2664 2664 2648 2646 204 2666 2665 2607 182 19 2607 19 2603 18 2604 2603 18 2603 19 2677 2673 2674 2677 2674 2676 2667 2674 2673 2667 2673 2221 124 2090 2670 124 2670 2662 2607 2603 2604 2607 2604 2606 2657 2669 2668 2657 2668 191 206 204 2665 206 2665 2646 2678 192 2672 2609 2612 2608 2609 2608 2607 2679 2672 2671 2610 2611 2609 2610 2609 2606 2105 2681 2680 2681 2682 2679 2696 2686 2688 2696 2688 2695 27 14 12 27 12 25 2656 190 189 2656 189 2655 2662 2657 2656 2662 2656 2661 197 2690 2689 197 2689 198 18 19 17 18 17 16 2639 142 140 2639 140 2650 133 2658 2651 133 2651 138 2687 2685 2684 2687 2684 2683 2694 2689 2690 2694 2690 2692 2662 2661 122 2662 122 124 162 163 2683 162 2683 2684 2699 2698 2129 2390 2618 2615 2390 2615 2391 2697 2682 2700 2700 2682 2681 2133 2681 2105 2617 183 2618 2617 2618 2390 2701 2703 2704 181 183 2617 181 2617 2620 0 2 2621 0 2621 2278 2 4 2622 2 2622 2621 2629 2409 2638 2629 2638 2637 2620 2619 2627 2620 2627 2626 2712 2127 2147 2147 2709 2712 2625 2624 2632 2625 2632 2631 131 2659 2658 131 2658 133 22 23 21 22 21 20 53 54 52 53 52 51 2534 2535 2533 2534 2533 2532 88 115 117 88 117 86 66 109 111 66 111 92 90 113 115 90 115 88 74 101 103 74 103 72 259 28 26 259 26 258 41 43 164 41 164 163 133 134 132 133 132 131 87 182 181 87 181 180 6 7 67 6 67 65 236 116 118 236 118 235 218 219 98 218 98 100 239 112 114 239 114 238 243 244 110 243 110 242 234 235 118 234 118 120 149 150 148 149 148 145 1493 1496 1495 1493 1495 1494 900 905 904 900 904 903 325 321 356 325 356 328 982 1013 983 982 983 976 291 751 750 291 750 292 1042 1043 1041 1042 1041 1040 500 495 494 500 494 499 503 498 497 503 497 502 1065 1067 1101 1065 1101 1100 427 515 432 427 432 429 1701 1702 1704 1701 1704 1618 541 538 335 541 335 539 587 588 566 587 566 568 1143 1144 1185 1143 1185 1184 212 215 213 212 213 100 1834 1836 1835 1834 1835 1833 1219 1220 1218 1219 1218 1208 430 431 642 430 642 640 646 648 647 646 647 645 1239 1028 1029 1239 1029 1245 1246 1247 1240 1246 1240 1242 378 379 665 378 665 664 1859 1860 1858 1859 1858 1689 1384 1385 1387 1384 1387 1383 465 684 683 465 683 466 692 691 697 692 697 696 1002 1004 1299 1002 1299 1298 1305 1303 1304 1305 1304 1093 1906 1898 1686 1906 1686 1685 535 725 724 535 724 532 387 386 723 387 723 727 728 729 747 728 747 745 738 736 741 738 741 739 740 742 749 740 749 748 1729 1730 1727 1729 1727 1728 1351 1355 1353 1351 1353 1352 1355 1356 944 1355 944 942 1949 1956 1951 1949 1951 1950 1832 1834 1833 1832 1833 1831 752 766 754 752 754 753 1362 1008 999 1362 999 1350 762 758 770 762 770 763 1954 1947 1958 1954 1958 1957 346 347 773 346 773 761 940 938 1367 940 1367 1366 1189 1191 1364 1189 1364 1372 1971 1969 1970 1971 1970 1492 1975 1982 1981 1975 1981 1765 911 1393 1391 911 1391 910 1397 1166 1168 1397 1168 1396 1395 1399 1398 1395 1398 1397 1393 911 913 1393 913 1399 1170 1400 1396 1170 1396 1168 1131 1408 1410 1131 1410 928 1558 2016 2004 1558 2004 1559 2005 2018 2007 2005 2007 2006 1415 1402 1413 1415 1413 1414 798 799 313 798 313 317 679 668 669 679 669 671 1398 1399 1442 1398 1442 1441 920 922 1448 920 1448 1447 965 1147 1454 965 1454 1421 1181 1458 1455 1181 1455 1182 866 851 852 866 852 867 284 285 283 284 283 281 302 304 303 302 303 301 897 899 898 897 898 896 1500 1501 1499 1500 1499 1498 1520 1523 2427 1520 2427 2405 918 920 919 918 919 917 337 334 333 337 333 331 337 331 294 337 294 293 932 933 893 932 893 891 1526 1527 1488 1526 1488 1486 345 347 346 345 346 344 942 944 943 942 943 941 356 357 339 356 339 338 1543 1544 1526 1543 1526 1525 951 907 934 951 934 933 966 954 956 966 956 963 400 398 397 400 397 396 1627 1629 1628 1627 1628 1626 1647 1649 1648 1647 1648 1645 1071 1072 1047 1071 1047 1070 474 451 449 474 449 508 1160 1161 1159 1160 1159 1158 1773 1774 1752 1773 1752 1754 1190 1004 1005 1190 1005 1191 581 601 600 581 600 599 1790 1791 1786 1790 1786 1732 426 615 614 426 614 613 1804 1793 1792 1804 1792 1803 1208 1232 1231 1208 1231 1219 1024 1097 1236 1024 1236 1235 1243 1160 1158 1243 1158 1242 1231 1255 1254 1231 1254 1230 1872 1873 1652 1872 1652 1869 1287 1288 1290 1287 1290 1286 475 702 703 475 703 453 1687 1686 1897 1687 1897 1882 1311 1312 1307 1311 1307 1308 1678 1677 1900 1678 1900 1905 1312 1313 1092 1312 1092 1085 121 97 120 121 120 119 1320 1322 1321 1320 1321 980 1933 1917 1918 1933 1918 1932 948 885 1343 948 1343 1335 754 402 399 754 399 753 305 776 775 305 775 343 771 772 778 771 778 779 1972 1973 1790 1972 1790 1734 785 308 791 785 791 790 1979 1980 1978 1979 1978 1496 1976 1980 1974 1976 1974 1973 1391 1392 906 1391 906 910 800 802 801 800 801 798 808 799 798 808 798 801 810 847 812 810 812 811 1173 1174 1192 1173 1192 1172 2241 2550 2549 2241 2549 2249 1510 1512 2039 1510 2039 2038 332 844 856 332 856 330 336 540 539 336 539 335 734 736 735 734 735 733 1490 1492 1491 1490 1491 1489 1502 1505 1504 1502 1504 1503 1507 1511 1510 1507 1510 1509 924 925 923 924 923 921 938 940 939 938 939 937 1537 1539 1538 1537 1538 1536 1539 1477 1540 1539 1540 1538 949 931 924 949 924 921 894 896 935 894 935 941 973 980 975 973 975 974 884 1344 1343 884 1343 885 1551 1820 1817 1551 1817 1557 987 1013 982 987 982 986 393 396 395 393 395 394 1593 1602 1591 1593 1591 1592 1603 1589 1591 1603 1591 1602 1034 1036 1035 1034 1035 1033 461 463 462 461 462 459 1653 1654 1648 1653 1648 1652 1077 1078 1076 1077 1076 1075 442 489 490 442 490 440 497 484 482 497 482 496 1092 1087 1086 1092 1086 1085 501 502 497 501 497 496 1082 1035 1037 1082 1037 1080 462 468 505 462 505 459 1061 1063 1065 1061 1065 1098 508 449 447 508 447 511 1696 1697 1700 1696 1700 1699 1712 1713 1711 1712 1711 1710 1720 1722 1721 1720 1721 1718 2640 184 2636 2640 2636 2637 250 2553 2552 250 2552 249 556 558 557 556 557 555 1151 1153 1152 1151 1152 1150 662 641 640 662 640 660 626 632 628 626 628 627 1820 1796 1821 1820 1821 1817 1822 1800 1811 1822 1811 1813 1234 1255 1231 1234 1231 1232 1239 1241 1240 1239 1240 1238 650 651 569 650 569 567 653 654 647 653 647 649 586 667 678 586 678 585 1273 1267 1269 1273 1269 1270 1275 1058 1057 1275 1057 1274 1861 1859 1879 1861 1879 1876 1289 1304 1303 1289 1303 1285 712 710 711 712 711 500 476 708 714 476 714 491 718 719 714 718 714 715 1085 1084 1307 1085 1307 1312 1314 1315 1306 1314 1306 1305 718 717 722 718 722 721 385 532 723 385 723 386 1468 1912 1911 1468 1911 1466 287 733 732 287 732 286 739 741 740 739 740 400 2168 2176 2170 2168 2170 2169 1352 1362 1350 1352 1350 1351 946 1360 1344 946 1344 884 345 343 775 345 775 774 1491 1962 1961 1491 1961 1529 776 780 777 776 777 775 778 774 775 778 775 777 1957 1958 1964 1957 1964 1965 773 774 778 773 778 772 776 784 783 776 783 780 680 670 672 680 672 674 1988 1990 1989 1988 1989 1987 294 296 295 294 295 289 2011 2013 2012 2011 2012 2010 828 837 829 828 829 372 1519 1521 2011 1519 2011 2022 2024 2025 2023 2024 2023 2014 587 848 865 587 865 588 2014 2047 2043 2014 2043 2024 167 2191 2189 167 2189 166 265 2323 2322 265 2322 264 582 583 601 582 601 581 2372 2380 2373 2372 2373 2370 336 2125 2124 336 2124 540 2395 2366 2394 2395 2394 2391 2398 1560 1717 2398 1717 2397 2271 2272 2269 2271 2269 2254 2430 2438 2432 2430 2432 2431 2151 2152 2179 2151 2179 2177 2056 523 522 2056 522 2055 2075 153 154 2075 154 2079 2211 2212 170 2211 170 171 2194 2193 2216 2194 2216 2215 2190 2186 2219 2190 2219 173 2218 953 952 2218 952 2234 1053 2222 2237 1053 2237 1259 2222 2231 2238 2222 2238 2237 2259 2255 2257 2259 2257 2258 2265 2266 1124 2265 1124 2246 2269 2270 2268 2269 2268 2266 2257 2275 2277 2257 2277 2258 251 274 2287 251 2287 2286 2422 2420 2431 2422 2431 2432 2156 2172 2175 2156 2175 2155 2194 1119 2192 2194 2192 2193 2060 2061 526 2060 526 2058 2199 2201 2200 2199 2200 2198 2333 2348 2335 2333 2335 2334 2335 2342 2337 2335 2337 2336 2063 2062 2085 2063 2085 2084 2348 2333 2332 2348 2332 2330 666 2117 2114 666 2114 531 1729 2392 2394 1729 2394 1545 2276 2277 2275 2276 2275 2274 2412 2413 2410 2412 2410 2399 1474 1463 2423 1474 2423 2424 2425 1479 1474 2425 1474 2424 40 42 41 40 41 39 2282 2283 2310 2282 2310 2308 2446 1722 1720 2446 1720 2440 2362 2360 2449 2362 2449 2454 2454 2459 2455 2454 2455 2371 50 2582 2210 50 2210 49 221 220 2539 221 2539 2538 56 58 57 56 57 55 44 46 45 44 45 43 2530 2531 149 2530 149 145 2483 2484 258 2483 258 255 2536 2537 2528 2536 2528 2527 2592 2590 2591 2592 2591 2181 2511 2513 2512 2511 2512 2510 242 241 2510 242 2510 2512 257 2312 2494 257 2494 2482 2523 2519 2520 2523 2520 2522 2513 2284 2524 2513 2524 2512 48 50 49 48 49 47 2458 2466 2456 2458 2456 2457 596 598 771 596 771 779 2578 2576 2583 2578 2583 2140 2372 2371 2456 2372 2456 2466 2553 2551 2240 2553 2240 2552 2564 2567 2563 2564 2563 2554 2561 215 2573 2561 2573 2572 2602 2595 2596 2602 2596 2598 2497 2498 2507 2497 2507 2506 2701 194 2702 2701 2702 2128 180 2630 2636 180 2636 184 2629 2630 2627 2629 2627 2628 272 273 30 272 30 261 138 2651 2650 138 2650 140 2659 2654 2653 2659 2653 2658 2612 183 182 2612 182 2608 2662 2670 2669 2662 2669 2657 2679 2682 2678 2679 2678 2672 2352 2367 2610 2352 2610 2606 5 7 6 5 6 4 2642 2259 2641 2642 2641 206 205 2634 2633 205 2633 207 2704 2703 2711 2704 2711 2710 2624 207 2633 2624 2633 2632 2655 189 188 2655 188 2654 25 12 10 25 10 23 1 3 2 1 2 0 2523 2522 2536 2523 2536 2527 2523 2527 132 2523 132 144 2528 2529 128 2528 128 130 42 44 43 42 43 41 57 59 44 57 44 42 70 72 71 70 71 69 103 105 104 103 104 102 82 121 95 82 95 80 70 105 107 70 107 64 133 138 137 133 137 136 258 26 24 258 24 255 15 17 89 15 89 91 196 197 75 196 75 77 233 234 120 233 120 232 220 94 98 220 98 219 33 102 104 33 104 56 241 242 110 241 110 112 244 247 245 244 245 110 269 270 268 269 268 266 140 141 139 140 139 138 277 290 281 277 281 280 296 298 297 296 297 295 893 895 894 893 894 892 1488 1490 1489 1488 1489 1487 900 903 902 900 902 901 314 315 313 314 313 312 914 916 915 914 915 913 341 307 304 341 304 302 399 401 397 399 397 398 355 284 281 355 281 292 1507 1505 1543 1507 1543 1542 360 366 362 360 362 361 958 963 956 958 956 957 1580 1606 1575 1580 1575 1579 410 415 414 410 414 413 1011 994 996 1011 996 1010 1012 990 994 1012 994 1011 1054 1257 1256 1054 1256 1056 441 443 442 441 442 440 447 448 446 447 446 445 1053 1054 1052 1053 1052 1051 480 481 479 480 479 478 1075 1076 1074 1075 1074 1073 1678 1679 1662 1678 1662 1677 494 478 477 494 477 493 1686 1681 1680 1686 1680 1685 1074 1043 1045 1074 1045 1072 1675 1628 1630 1675 1630 1673 1052 1098 1099 1052 1099 1050 528 520 525 528 525 527 2059 2088 125 2059 125 123 540 542 541 540 541 539 545 538 541 545 541 544 1735 1733 1739 1735 1739 1738 1179 1164 1163 1179 1163 1162 1772 1760 1759 1772 1759 1757 1178 1169 1168 1178 1168 1167 1770 1764 1763 1770 1763 1762 1764 1770 1769 1764 1769 1768 2007 2018 2020 2007 2020 2009 1190 1191 1189 1190 1189 1188 1768 1769 1787 1768 1787 1767 1609 1806 1805 1609 1805 1714 1214 1216 1215 1214 1215 1213 2019 2020 2018 2019 2018 2017 2232 2556 2552 2232 2552 2240 608 634 365 608 365 364 617 616 622 617 622 618 426 428 639 426 639 615 431 504 643 431 643 642 1241 1243 1242 1241 1242 1240 1841 1842 1840 1841 1840 1839 659 660 658 659 658 657 660 640 642 660 642 658 661 662 660 661 660 659 1031 1264 1262 1031 1262 1029 678 679 680 678 680 677 984 983 1275 984 1275 1274 1280 1281 1060 1280 1060 1059 690 602 601 690 601 675 691 603 602 691 602 690 1096 1095 1287 1096 1287 1266 688 698 469 688 469 467 1884 1885 1657 1884 1657 1655 407 409 704 407 704 703 476 454 705 476 705 706 1661 1888 1889 1661 1889 1639 1878 1896 1895 1878 1895 1732 1597 1783 1902 1597 1902 1893 717 718 715 717 715 716 1464 1465 1911 1464 1911 1721 739 400 392 739 392 738 1929 1920 1470 1929 1470 1541 1926 1928 1935 1926 1935 1934 1541 1478 1936 1541 1936 1928 1344 1345 1342 1344 1342 1343 1952 1953 1950 1952 1950 1951 765 755 754 765 754 766 767 766 752 767 752 751 770 756 755 770 755 765 1007 1361 1364 1007 1364 1191 2630 2629 2637 2630 2637 2636 2540 2534 2532 2540 2532 2531 591 596 779 591 779 781 1143 1184 1374 1143 1374 1373 1373 1376 1375 1373 1375 1143 1369 1377 1376 1369 1376 1373 1380 1381 1198 1380 1198 1197 790 794 788 790 788 787 789 796 795 789 795 579 799 808 796 799 796 797 1990 1759 1761 1990 1761 1989 1993 1994 1987 1993 1987 1989 1982 1994 1993 1982 1993 1981 809 810 361 809 361 373 811 845 361 811 361 810 1409 1410 1408 1409 1408 1407 814 815 813 814 813 812 2016 2032 2017 2016 2017 2004 1425 1412 1411 1425 1411 1424 1138 954 1438 1138 1438 1406 1440 1403 1402 1440 1402 1415 1419 1407 1405 1419 1405 1440 355 292 750 355 750 742 322 323 851 322 851 850 1775 2049 2046 1775 2046 1776 1986 1504 1506 1986 1506 1992 1776 2045 2047 1776 2047 1740 1774 2051 2048 1774 2048 1775 1460 1445 1446 1460 1446 1461 895 897 896 895 896 894 900 901 899 900 899 897 358 316 315 358 315 314 321 325 324 321 324 323 1517 1524 1482 1517 1482 1480 1524 1525 1484 1524 1484 1482 1527 1493 1490 1527 1490 1488 937 942 941 937 941 935 353 291 354 353 354 352 356 338 331 356 331 328 888 890 945 888 945 947 312 307 341 312 341 314 1563 1564 1562 1563 1562 1561 1577 1567 1569 1577 1569 1576 985 986 982 985 982 981 1586 1584 1583 1586 1583 1582 1601 1596 1595 1601 1595 1594 1003 1007 1006 1003 1006 1005 1604 1587 1589 1604 1589 1603 1020 1021 1019 1020 1019 1018 434 518 437 434 437 436 1633 1634 1632 1633 1632 1631 1637 1638 1636 1637 1636 1635 1608 1642 1641 1608 1641 1611 1073 1074 1072 1073 1072 1071 1668 1669 1667 1668 1667 1666 1079 1080 1078 1079 1078 1077 499 494 493 499 493 492 501 496 495 501 495 500 1096 1091 1090 1096 1090 1095 472 474 508 472 508 507 1660 1637 1635 1660 1635 1694 1099 1100 1103 1099 1103 1102 1693 1694 1697 1693 1697 1696 1048 1102 1105 1048 1105 1018 509 510 513 509 513 512 1104 1040 1038 1104 1038 1107 1020 1108 1025 1020 1025 1022 1698 1699 1702 1698 1702 1701 1699 1700 1703 1699 1703 1702 517 443 441 517 441 519 519 441 439 519 439 437 525 520 364 525 364 521 524 525 521 524 521 523 1715 1716 1560 1715 1560 1562 1127 1129 1128 1127 1128 1125 929 1133 1132 929 1132 928 1735 1737 1736 1735 1736 1734 372 371 555 372 555 554 1162 1163 1161 1162 1161 1160 585 576 575 585 575 574 1165 1180 1161 1165 1161 1163 589 561 563 589 563 588 1147 1148 1150 1147 1150 1183 1783 1597 1598 1783 1598 1784 1706 1803 1792 1706 1792 1550 610 634 608 610 608 609 636 612 613 636 613 614 626 627 625 626 625 615 1817 1821 1815 1817 1815 1816 1428 1429 1416 1428 1416 1427 636 614 625 636 625 627 2174 2175 2172 2174 2172 2171 1028 1238 1237 1028 1237 1097 1836 1753 1751 1836 1751 1835 1848 1827 1826 1848 1826 1846 1838 1622 1855 1838 1855 1854 1624 1857 1855 1624 1855 1622 1272 1261 1262 1272 1262 1264 1676 1689 1858 1676 1858 1856 1178 1271 1270 1178 1270 1177 391 390 682 391 682 681 1258 972 984 1258 984 1274 683 684 390 683 390 420 686 687 466 686 466 683 687 688 467 687 467 466 1283 1195 1194 1283 1194 1268 1284 1196 1195 1284 1195 1283 1281 1291 1062 1281 1062 1060 698 699 471 698 471 469 1602 1888 1887 1602 1887 1603 1593 1889 1888 1593 1888 1602 708 476 706 708 706 707 1068 1295 1296 1068 1296 1046 696 711 710 696 710 692 501 500 711 501 711 696 1069 1301 1307 1069 1307 1084 492 491 714 492 714 719 1310 1187 1186 1310 1186 1315 978 1125 1316 978 1316 979 1573 1572 1909 1573 1909 1913 1336 1327 877 1336 877 948 745 747 746 745 746 744 1337 1339 1328 1337 1328 1330 746 732 733 746 733 735 984 974 976 984 976 983 1346 992 991 1346 991 1341 1943 1592 1590 1943 1590 1942 1356 1363 1358 1356 1358 1357 1359 1360 1357 1359 1357 1358 1938 1952 1940 1938 1940 1939 1956 1942 1941 1956 1941 1951 867 852 853 867 853 868 1959 1960 1964 1959 1964 1958 1491 1492 1970 1491 1970 1962 1379 1378 1383 1379 1383 1380 807 577 579 807 579 795 1499 1985 1983 1499 1983 1497 1395 1397 1396 1395 1396 1394 796 808 807 796 807 795 1724 2001 2003 1724 2003 1521 2013 2002 2000 2013 2000 2012 2019 2029 2021 2019 2021 2020 1431 1437 1433 1431 1433 1432 2026 2028 2027 2026 2027 2025 1417 1419 1440 1417 1440 1415 805 806 849 805 849 848 1506 1508 2036 1506 2036 1992 326 327 854 326 854 853 329 330 856 329 856 855 2044 2041 2042 2044 2042 2043 1454 1452 1451 1454 1451 1450 589 863 860 589 860 590 1183 1452 1454 1183 1454 1147 864 854 855 864 855 858 2034 2035 2052 2034 2052 2051 868 853 854 868 854 864 1493 1494 1492 1493 1492 1490 334 337 2165 334 2165 2143 316 319 318 316 318 317 936 938 937 936 937 935 349 350 348 349 348 344 912 909 951 912 951 950 974 984 972 974 972 973 654 644 645 654 645 647 391 381 383 391 383 390 1579 1582 1581 1579 1581 1580 992 994 990 992 990 991 995 996 994 995 994 992 997 998 996 997 996 995 410 412 411 410 411 409 1025 1111 1027 1025 1027 1026 437 439 438 437 438 436 439 441 440 439 440 438 1631 1632 1630 1631 1630 1629 1047 1072 1045 1047 1045 1046 1644 1645 1643 1644 1643 1642 467 468 462 467 462 466 1064 1066 1065 1064 1065 1063 488 489 487 488 487 486 1685 1680 1679 1685 1679 1678 1689 1684 1683 1689 1683 1688 1083 1081 1091 1083 1091 1096 1097 1024 1026 1097 1026 1028 1667 1636 1638 1667 1638 1665 1673 1630 1632 1673 1632 1671 1055 1061 1098 1055 1098 1052 457 506 509 457 509 455 1103 1104 1107 1103 1107 1106 1107 1038 1036 1107 1036 1110 1108 1109 1111 1108 1111 1025 519 437 518 519 518 516 1703 1629 1627 1703 1627 1705 534 536 535 534 535 532 1723 1464 1721 1723 1721 1722 543 544 541 543 541 542 1558 1557 1741 1558 1741 1740 558 560 559 558 559 557 1154 1182 1152 1154 1152 1153 1155 1157 1156 1155 1156 1154 1158 1159 1156 1158 1156 1157 1171 1177 1176 1171 1176 1175 1182 1154 1156 1182 1156 1181 597 411 412 597 412 598 1200 1211 1202 1200 1202 1201 1418 1420 1419 1418 1419 1417 424 426 613 424 613 624 1815 1822 1813 1815 1813 1814 1210 1209 1215 1210 1215 1211 964 1225 1230 964 1230 1149 1834 1832 1838 1834 1838 1837 1155 1248 1246 1155 1246 1157 1744 1845 1843 1744 1843 1746 556 661 659 556 659 558 971 972 1258 971 1258 1257 1837 1838 1854 1837 1854 1853 1245 1029 1262 1245 1262 1261 1770 1863 1862 1770 1862 1769 1179 1260 1271 1179 1271 1178 1853 1854 1865 1853 1865 1864 1864 1865 1866 1864 1866 1863 679 671 670 679 670 680 1256 1274 1057 1256 1057 1056 665 379 391 665 391 681 1293 1066 1064 1293 1064 1292 689 395 419 689 419 698 1659 1887 1888 1659 1888 1661 1899 1895 1896 1899 1896 1898 1300 1309 1308 1300 1308 1301 1780 1903 1902 1780 1902 1783 1905 1906 1685 1905 1685 1678 1313 1305 1093 1313 1093 1092 721 722 713 721 713 712 1908 1779 1739 1908 1739 1899 1912 1916 1915 1912 1915 1913 283 285 730 283 730 726 1471 1472 1917 1471 1917 1916 976 1337 1330 976 1330 981 1331 1329 1334 1331 1334 1332 1339 1325 1326 1339 1326 1328 1345 1346 1341 1345 1341 1342 1347 995 992 1347 992 1346 756 770 758 756 758 757 1353 937 939 1353 939 1354 762 349 344 762 344 760 1358 1348 1347 1358 1347 1359 1361 1007 1362 1361 1362 1352 414 768 771 414 771 598 768 761 772 768 772 771 1369 1373 1370 1369 1370 1368 1782 1784 1957 1782 1957 1965 2522 224 223 2522 223 2536 898 899 1377 898 1377 1369 786 782 783 786 783 785 786 785 790 786 790 787 1382 1381 1387 1382 1387 1386 1977 1978 1980 1977 1980 1976 804 805 572 804 572 573 1988 1992 1991 1988 1991 1990 1400 1401 1394 1400 1394 1396 1401 1392 1391 1401 1391 1394 2229 2228 2227 2229 2227 2226 2009 2022 2011 2009 2011 2010 1423 1439 1424 1423 1424 1411 2024 2030 2026 2024 2026 2025 840 842 841 840 841 839 2015 2023 2032 2015 2032 2016 572 805 848 572 848 587 861 859 858 861 858 857 635 610 611 635 611 612 1990 1991 1758 1990 1758 1759 848 849 866 848 866 865 2051 2052 2053 2051 2053 2048 260 263 2319 260 2319 2318 267 2327 2326 267 2326 265 150 151 2066 150 2066 2065 215 2570 2574 215 2574 2573 2202 2217 2204 2202 2204 2203 2212 2217 2199 2212 2199 2197 2218 2220 2219 2218 2219 960 2111 2119 2113 2111 2113 2112 912 914 913 912 913 911 540 2131 2130 540 2130 542 277 2171 2161 277 2161 288 2484 2485 259 2484 259 258 2565 2232 2229 2565 2229 2208 2190 165 164 2190 164 2187 2197 2199 2198 2197 2198 2196 2074 2083 2072 2074 2072 2073 2075 2077 2076 2075 2076 2074 2206 2210 2209 2206 2209 2208 2080 2081 151 2080 151 153 267 268 2343 267 2343 2328 2081 2086 2068 2081 2068 2066 2213 2214 2205 2213 2205 2207 1051 1049 2203 1051 2203 2214 1608 1607 2346 1608 2346 2331 2065 2067 2085 2065 2085 2064 2231 2232 2230 2231 2230 2225 2221 2220 2234 2221 2234 2236 2232 2240 2239 2232 2239 2231 929 2256 2255 929 2255 1133 2264 2235 2263 2264 2263 2260 2267 967 1124 2267 1124 2266 2252 2254 2269 2252 2269 2265 2407 2408 2406 2407 2406 2405 2278 2258 2277 2278 2277 2276 2294 2295 886 2294 886 881 2427 1523 1479 2427 1479 2426 2438 2428 2427 2438 2427 2426 2166 2145 2143 2166 2143 2165 2298 2278 2276 2298 2276 2297 2167 2168 178 2167 178 179 2160 2158 2169 2160 2169 2170 139 141 2431 139 2431 2420 2311 2309 2308 2311 2308 2310 2283 2314 2313 2283 2313 2310 2185 537 536 2185 536 2184 2435 1462 1723 2435 1723 2447 2443 144 143 2443 143 134 2285 2316 254 2285 254 253 2347 2324 265 2347 265 2326 2070 456 422 2070 422 2069 2072 458 456 2072 456 2071 1812 1824 1823 1812 1823 1818 1053 1051 2214 1053 2214 2213 422 421 2084 422 2084 2069 2198 2200 2215 2198 2215 2216 1259 2248 2245 1259 2245 1124 2252 2251 2244 2252 2244 2250 2391 2394 2392 2391 2392 2390 68 92 66 68 66 67 2280 977 967 2280 967 2279 2175 2154 156 2175 156 2155 2428 2407 2405 2428 2405 2427 2435 2416 2437 2435 2437 2436 2307 2295 2294 2307 2294 2301 2152 2183 2182 2152 2182 2179 2173 276 537 2173 537 2185 2667 2663 2664 2667 2664 2666 213 215 2560 213 2560 2548 2465 2385 2380 2465 2380 2464 2372 2466 2464 2372 2464 2380 2451 2448 2468 2451 2468 2467 62 53 51 62 51 61 2471 2475 234 2471 234 233 218 217 2535 218 2535 2534 2487 2486 2477 2487 2477 2476 55 57 42 55 42 40 2484 2483 2480 2484 2480 2479 2412 2415 2490 2412 2490 2414 225 224 2521 225 2521 2500 2488 2470 271 2488 271 269 58 60 59 58 59 57 1777 1782 1965 1777 1965 1967 2472 2474 2473 2472 2473 2400 217 216 2547 217 2547 2535 2549 2550 250 2549 250 248 2555 2556 2232 2555 2232 2554 2560 2561 2559 2560 2559 2548 2565 2208 2566 2565 2566 2564 2542 2543 2541 2542 2541 2271 228 227 2472 228 2472 2463 1175 1176 1194 1175 1194 1174 2682 194 192 2682 192 2678 2090 2105 2680 2090 2680 2671 2391 2614 2613 2391 2613 2395 179 2693 2705 179 2705 2147 2693 2691 2706 2693 2706 2705 2635 2258 2631 2635 2631 2632 147 2060 2058 147 2058 146 2645 2264 2260 2645 2260 2644 201 2685 2687 201 2687 202 2693 179 177 2693 177 2692 2677 2676 2687 2677 2687 2683 31 2605 2604 31 2604 18 2055 369 368 2055 368 2088 2672 192 191 2672 191 2668 161 2696 2695 161 2695 157 2696 2684 2685 2696 2685 2686 193 194 2701 193 2701 2704 2709 2147 2705 2709 2705 2706 196 2691 2690 196 2690 197 2677 2683 163 2677 163 172 2691 2693 2692 2691 2692 2690 37 40 39 37 39 38 117 118 116 117 116 115 113 114 112 113 112 111 123 125 124 123 124 122 41 163 162 41 162 39 38 161 157 38 157 159 173 174 172 173 172 165 20 274 251 20 251 22 187 188 81 187 81 83 19 87 89 19 89 17 9 68 67 9 67 7 201 202 69 201 69 71 32 209 102 32 102 33 217 218 100 217 100 216 211 212 100 211 100 210 60 106 108 60 108 62 221 222 96 221 96 94 248 249 245 248 245 247 127 130 128 127 128 122 284 287 286 284 286 285 1475 1476 1463 1475 1463 1474 354 291 281 354 281 290 293 294 289 293 289 288 1484 1486 1485 1484 1485 1483 321 323 322 321 322 320 1586 1582 1579 1586 1579 1578 1523 1520 1519 1523 1519 1517 339 340 300 339 300 298 1475 1481 1540 1475 1540 1476 295 297 352 295 352 354 1544 1500 1527 1544 1527 1526 299 301 348 299 348 350 1546 1552 1548 1546 1548 1547 1551 1556 1549 1551 1549 1550 964 965 963 964 963 958 377 380 379 377 379 378 381 391 379 381 379 380 385 386 377 385 377 375 979 980 973 979 973 970 389 420 390 389 390 383 1583 1605 1581 1583 1581 1582 993 989 986 993 986 985 1588 1589 1587 1588 1587 1585 407 416 405 407 405 406 415 410 409 415 409 408 432 433 431 432 431 429 1618 1704 1620 1618 1620 1619 434 436 435 434 435 433 1620 1704 1623 1620 1623 1622 1040 1041 1039 1040 1039 1038 422 456 455 422 455 425 484 485 483 484 483 482 486 487 485 486 485 484 1085 1086 1069 1085 1069 1084 1671 1632 1634 1671 1634 1669 487 444 446 487 446 485 505 472 507 505 507 506 1695 1696 1699 1695 1699 1698 425 512 515 425 515 427 1705 1623 1704 1705 1704 1702 1705 1627 1625 1705 1625 1623 384 533 532 384 532 385 1142 1140 1146 1142 1146 1145 565 566 563 565 563 564 571 573 572 571 572 570 578 580 579 578 579 577 1144 1145 1186 1144 1186 1185 580 581 599 580 599 579 1793 1804 1795 1793 1795 1794 1796 1820 1794 1796 1794 1795 1442 1443 1444 1442 1444 1459 611 624 613 611 613 612 621 623 622 621 622 620 1216 1202 1211 1216 1211 1215 424 624 621 424 621 423 624 611 623 624 623 621 1223 1226 964 1223 964 1224 392 393 389 392 389 388 635 612 636 635 636 629 371 632 637 371 637 556 648 646 652 648 652 651 646 435 436 646 436 652 558 659 657 558 657 560 1847 1848 1846 1847 1846 1845 651 652 668 651 668 667 670 671 438 670 438 490 1865 1854 1855 1865 1855 1857 1083 1096 1265 1083 1265 1263 584 677 676 584 676 583 1772 1853 1864 1772 1864 1771 667 668 679 667 679 678 680 674 676 680 676 677 1272 1264 1263 1272 1263 1273 1689 1688 1880 1689 1880 1859 1886 1659 1657 1886 1657 1885 418 417 700 418 700 699 418 699 698 418 698 419 416 702 701 416 701 417 1000 1296 1295 1000 1295 1009 704 454 453 704 453 703 409 411 706 409 706 705 1894 1662 1892 1894 1892 1893 473 701 702 473 702 475 692 710 709 692 709 546 1898 1896 1897 1898 1897 1686 1004 1190 1309 1004 1309 1300 594 717 716 594 716 597 1310 1311 1308 1310 1308 1309 1721 1911 1910 1721 1910 1718 727 723 724 727 724 726 876 878 1323 876 1323 1319 736 738 737 736 737 735 985 981 1330 985 1330 1331 741 743 742 741 742 740 1569 1930 1923 1569 1923 1574 383 382 745 383 745 744 729 730 731 729 731 747 1930 1932 1921 1930 1921 1923 1922 1920 1929 1922 1929 1927 757 406 404 757 404 756 1355 942 937 1355 937 1353 1361 1354 1365 1361 1365 1364 1533 1531 1960 1533 1960 1959 1963 1967 1965 1963 1965 1964 1364 1365 1371 1364 1371 1372 786 548 550 786 550 782 1966 1969 1968 1966 1968 1736 1975 1974 1980 1975 1980 1979 1993 1763 1765 1993 1765 1981 1382 1389 1388 1382 1388 1172 793 797 796 793 796 789 313 799 797 313 797 311 1984 1985 1499 1984 1499 1503 1504 1986 1984 1504 1984 1503 802 806 805 802 805 804 1994 1985 1984 1994 1984 1987 1407 1408 1406 1407 1406 1405 372 830 818 372 818 373 2009 2010 2008 2009 2008 2007 833 843 835 833 835 834 2019 2027 2028 2019 2028 2029 1138 1406 1408 1138 1408 1131 841 846 837 841 837 839 2033 1996 1995 2033 1995 2008 1414 1425 1427 1414 1427 1416 913 915 1443 913 1443 1399 915 916 1444 915 1444 1443 1509 1510 2038 1509 2038 2037 919 920 1447 919 1447 1446 1437 1431 1450 1437 1450 1449 860 864 858 860 858 859 590 859 861 590 861 554 1397 1398 1165 1397 1165 1166 1441 1442 1459 1441 1459 1458 865 866 867 865 867 862 1459 1444 1445 1459 1445 1460 862 867 868 862 868 863 877 878 876 877 876 874 1470 1473 1472 1470 1472 1471 1479 1480 1475 1479 1475 1474 1480 1482 1481 1480 1481 1475 889 891 890 889 890 888 298 300 299 298 299 297 1486 1488 1487 1486 1487 1485 328 329 327 328 327 325 331 338 296 331 296 294 1525 1526 1486 1525 1486 1484 340 341 302 340 302 300 898 936 935 898 935 896 944 946 945 944 945 943 321 319 357 321 357 356 1505 1502 1544 1505 1544 1543 1542 1543 1525 1542 1525 1524 890 892 943 890 943 945 892 894 941 892 941 943 905 900 934 905 934 907 967 977 968 967 968 969 1008 1003 1002 1008 1002 1001 1032 1034 1033 1032 1033 1031 1635 1636 1634 1635 1634 1633 465 466 462 465 462 464 1066 1068 1067 1066 1067 1065 1068 1046 1044 1068 1044 1067 1666 1667 1665 1666 1665 1664 1081 1082 1080 1081 1080 1079 1681 1666 1664 1681 1664 1680 1089 1075 1073 1089 1073 1088 1608 1611 1610 1608 1610 1609 1676 1674 1684 1676 1684 1689 1076 1041 1043 1076 1043 1074 1643 1692 1695 1643 1695 1641 1692 1693 1696 1692 1696 1695 1100 1101 1104 1100 1104 1103 511 447 445 511 445 514 1112 1030 1111 1112 1111 1109 526 527 525 526 525 524 1016 1121 1120 1016 1120 1014 1727 1724 1521 1727 1521 1725 1133 1135 1134 1133 1134 1132 1136 1137 1134 1136 1134 1135 954 1138 1137 954 1137 952 1142 1144 1143 1142 1143 1141 1755 1756 1754 1755 1754 1753 586 571 570 586 570 569 1171 1173 1172 1171 1172 1170 1776 1743 1745 1776 1745 1775 1736 1737 1778 1736 1778 1777 1187 1188 1185 1187 1185 1186 1200 1201 957 1200 957 1199 1809 1797 1796 1809 1796 1795 1612 1801 1800 1612 1800 1799 1794 1820 1551 1794 1551 1550 1227 1203 1228 1227 1228 1224 1229 1207 1218 1229 1218 1220 1209 1212 1213 1209 1213 1215 1826 1827 1614 1826 1614 1616 2576 2578 2577 2576 2577 2575 1249 1236 1237 1249 1237 1247 1746 1843 1841 1746 1841 1748 1251 1235 1236 1251 1236 1249 1124 1123 1257 1124 1257 1259 673 674 672 673 672 503 1861 1862 1860 1861 1860 1859 1392 1401 1389 1392 1389 1390 987 1279 1276 987 1276 1013 1687 1882 1881 1687 1881 1688 1285 1284 1290 1285 1290 1289 693 697 691 693 691 690 1880 1881 1883 1880 1883 1879 1069 1047 1298 1069 1298 1299 1301 1069 1299 1301 1299 1300 1187 1310 1309 1187 1309 1190 722 593 553 722 553 713 717 594 593 717 593 722 719 718 721 719 721 720 1904 1903 1908 1904 1908 1907 880 1326 1325 880 1325 879 877 1327 1326 877 1326 880 2435 2436 1463 2435 1463 1462 1922 1924 1923 1922 1923 1921 1925 1927 1926 1925 1926 1586 1932 1918 1919 1932 1919 1921 1940 1588 1585 1940 1585 1939 762 763 351 762 351 349 1345 1359 1347 1345 1347 1346 1955 1601 1592 1955 1592 1943 1532 1533 1959 1532 1959 1947 1378 1376 1377 1378 1377 899 1378 901 1384 1378 1384 1383 309 792 791 309 791 308 1386 1387 1385 1386 1385 903 1383 1387 1381 1383 1381 1380 791 792 794 791 794 790 1400 1170 1172 1400 1172 1388 1657 1659 1658 1657 1658 1656 1271 1272 1273 1271 1273 1270 2027 2019 2017 2027 2017 2032 1458 1459 1460 1458 1460 1455 1455 1460 1461 1455 1461 1456 307 308 306 307 306 304 1493 1498 1497 1493 1497 1496 357 358 340 357 340 339 297 299 350 297 350 352 1485 1487 1534 1485 1534 1536 1498 1493 1527 1498 1527 1500 1550 1548 1552 1550 1552 1554 1571 1572 1563 1571 1563 1561 1572 1573 1566 1572 1566 1563 986 989 988 986 988 987 397 419 395 397 395 396 402 403 401 402 401 399 1596 1601 1600 1596 1600 1599 429 430 428 429 428 427 1030 1032 1031 1030 1031 1029 1044 1045 1043 1044 1043 1042 475 453 451 475 451 474 1664 1665 1640 1664 1640 1663 1087 1071 1070 1087 1070 1086 495 480 478 495 478 494 496 482 480 496 480 495 1090 1077 1075 1090 1075 1089 1684 1672 1670 1684 1670 1683 1094 1089 1088 1094 1088 1093 1687 1688 1683 1687 1683 1682 504 431 433 504 433 435 483 448 450 483 450 481 489 442 444 489 444 487 1613 1701 1618 1613 1618 1615 1105 1106 1109 1105 1109 1108 514 445 443 514 443 517 1555 1708 1707 1555 1707 1550 562 564 563 562 563 561 569 570 568 569 568 567 1179 1167 1166 1179 1166 1164 1771 1762 1761 1771 1761 1760 1189 1184 1185 1189 1185 1188 1783 1784 1782 1783 1782 1781 1766 1767 1785 1766 1785 1765 1174 1194 1193 1174 1193 1192 607 618 609 607 609 608 1797 1810 1799 1797 1799 1798 616 617 520 616 520 528 1217 1204 1216 1217 1216 1214 1221 1226 1223 1221 1223 1222 1816 1819 1557 1816 1557 1817 1818 1557 1819 1818 1819 1814 1827 1848 1824 1827 1824 1825 1621 1831 1830 1621 1830 1690 1836 1837 1755 1836 1755 1753 1157 1246 1242 1157 1242 1158 1575 1606 1576 1575 1576 1569 1248 1249 1247 1248 1247 1246 656 643 644 656 644 654 1843 1844 1842 1843 1842 1841 664 665 663 664 663 461 529 378 664 529 664 530 1755 1837 1853 1755 1853 1772 490 503 672 490 672 670 1268 1269 1267 1268 1267 1266 1771 1864 1863 1771 1863 1770 1260 1261 1272 1260 1272 1271 1866 1860 1862 1866 1862 1863 1263 1264 1031 1263 1031 1083 1851 1565 1577 1851 1577 1867 465 682 685 465 685 684 1279 1280 1059 1279 1059 1276 1873 1874 1653 1873 1653 1652 1280 987 988 1280 988 1282 1877 1789 1788 1877 1788 1876 1285 1139 1196 1285 1196 1284 503 502 694 503 694 673 1879 1883 1877 1879 1877 1876 1282 988 1012 1282 1012 1291 1011 1292 1291 1011 1291 1012 1593 1595 1890 1593 1890 1889 1066 1294 1295 1066 1295 1068 1882 1897 1896 1882 1896 1878 1306 1302 1303 1306 1303 1305 1893 1902 1901 1893 1901 1894 1904 1905 1900 1904 1900 1901 719 720 499 719 499 492 1907 1908 1899 1907 1899 1898 871 872 1318 871 1318 1128 1320 1316 1317 1320 1317 1319 1470 1920 1919 1470 1919 1473 1927 1929 1928 1927 1928 1926 1931 1933 1932 1931 1932 1930 1920 1922 1921 1920 1921 1919 1914 1915 1933 1914 1933 1931 1329 1327 1336 1329 1336 1334 1586 1926 1934 1586 1934 1584 1937 1938 1935 1937 1935 1936 1942 1956 1944 1942 1944 1943 1944 1948 1946 1944 1946 1945 761 768 759 761 759 760 1946 1530 1532 1946 1532 1947 763 770 765 763 765 764 1951 1941 1940 1951 1940 1952 353 767 751 353 751 291 353 351 764 353 764 767 1531 1529 1961 1531 1961 1960 898 1369 1368 898 1368 936 1962 1966 1963 1962 1963 1961 1964 1960 1961 1964 1961 1963 61 51 48 61 48 46 1736 1777 1967 1736 1967 1966 1972 1734 1736 1972 1736 1968 1972 1968 1969 1972 1969 1971 1379 1380 1197 1379 1197 1141 1495 1978 1977 1495 1977 1494 1979 1983 1982 1979 1982 1975 906 1392 1390 906 1390 904 1456 1461 1457 1456 1457 1453 800 318 320 800 320 806 1763 1993 1989 1763 1989 1761 807 808 801 807 801 803 1403 1440 1405 1403 1405 1404 1406 1438 1404 1406 1404 1405 2000 2001 1999 2000 1999 1998 1412 1425 1414 1412 1414 1413 2008 1995 2006 2008 2006 2007 823 836 825 823 825 824 1203 1227 1201 1203 1201 1202 833 834 832 833 832 831 1426 1436 1428 1426 1428 1427 835 836 823 835 823 834 1437 925 926 1437 926 1436 1434 1439 1430 1434 1430 1432 847 810 809 847 809 822 826 814 812 826 812 847 1758 1991 2034 1758 2034 1773 1991 1992 2035 1991 2035 2034 922 923 1449 922 1449 1448 1518 2030 2042 1518 2042 1516 2030 2024 2043 2030 2043 2042 1451 1448 1449 1451 1449 1450 1453 1457 1451 1453 1451 1452 828 861 857 828 857 838 1457 1447 1448 1457 1448 1451 1821 1796 1797 1821 1797 1798 1948 1944 1956 1948 1956 1949 2056 2057 524 2056 524 523 2337 2339 2338 2337 2338 2336 2217 2212 2211 2217 2211 2204 2349 2351 2350 2349 2350 1553 460 2091 2106 460 2106 666 2371 2372 2370 2371 2370 2362 2114 2117 2112 2114 2112 2113 2113 2120 2115 2113 2115 2114 2128 2124 2126 2128 2126 2127 2396 2397 1717 2396 1717 2377 2221 174 173 2221 173 2219 2138 2139 2137 2138 2137 2135 2388 2406 2408 2388 2408 2389 2281 2282 2279 2281 2279 2268 155 176 2156 155 2156 2155 2158 2160 2159 2158 2159 2157 2291 2293 2292 2291 2292 2290 2170 2163 2162 2170 2162 2160 2303 2287 2288 2303 2288 2290 2173 2154 2175 2173 2175 2174 2298 2297 2307 2298 2307 2299 2178 533 384 2178 384 2177 2180 2178 2177 2180 2177 2179 2414 2445 2444 2414 2444 2441 2178 2184 534 2178 534 533 2447 1723 1722 2447 1722 2446 2416 2447 134 2416 134 135 2320 1712 1710 2320 1710 2319 2332 1642 1608 2332 1608 2331 2206 171 49 2206 49 2210 2067 2069 2084 2067 2084 2085 2087 2089 2088 2087 2088 367 2260 2263 2261 2260 2261 2259 1136 2261 2263 1136 2263 952 1133 2262 2261 1133 2261 1135 2543 2542 2549 2543 2549 247 2387 1522 1520 2387 1520 2404 2299 2307 2301 2299 2301 2300 2315 1129 1127 2315 1127 2309 2680 2681 2679 2680 2679 2671 2322 2323 1712 2322 1712 2320 169 2196 2195 169 2195 168 2317 1555 1554 2317 1554 2350 2352 272 2350 2352 2350 2351 2321 2350 272 2321 272 261 2087 360 359 2087 359 2103 2374 2369 2370 2374 2370 2373 2238 2243 2248 2238 2248 2237 2249 2254 2250 2249 2250 2242 2133 2104 2132 2133 2132 2129 543 2130 2132 543 2132 359 2121 2123 2138 2121 2138 2134 2143 2144 2142 2143 2142 334 2411 1570 1560 2411 1560 2410 176 178 2169 176 2169 2158 2413 2414 2441 2413 2441 2439 2442 2440 2439 2442 2439 2441 2312 254 2315 2312 2315 2311 2181 63 160 2181 160 159 2449 2360 2339 2449 2339 2448 2360 2359 2358 2360 2358 2357 2448 2451 2450 2448 2450 2449 2454 2449 2450 2454 2450 2453 231 228 2458 231 2458 2457 2573 2574 2568 2573 2568 2572 245 2567 2580 245 2580 246 2566 2208 2209 2566 2209 2582 2541 2543 244 2541 244 243 35 55 40 35 40 37 59 61 46 59 46 44 2489 2491 2490 2489 2490 2415 2593 209 32 2593 32 2589 2514 2283 2513 2514 2513 2511 2517 2496 2495 2517 2495 2516 2516 2495 2312 2516 2312 2310 2602 2598 2597 2602 2597 2599 2500 2521 2520 2500 2520 2504 2522 2520 2521 2522 2521 224 2482 2494 2493 2482 2493 2481 2485 2486 262 2485 262 259 2487 2488 269 2487 269 266 51 52 50 51 50 48 35 37 36 35 36 34 2475 2476 235 2475 235 234 219 218 2534 219 2534 2540 2539 2540 2531 2539 2531 2530 2488 2487 2476 2488 2476 2475 2533 2535 2546 2533 2546 2544 54 208 2580 54 2580 52 2241 2240 2551 2241 2551 2550 2542 2254 2249 2542 2249 2549 2567 245 249 2567 249 2563 2554 2232 2565 2554 2565 2564 175 176 155 175 155 157 2461 2457 2456 2461 2456 2455 2526 2525 2524 2526 2524 2284 2585 211 210 2585 210 2586 2496 2492 2493 2496 2493 2495 2490 2498 2497 2490 2497 2414 2500 2503 2501 2500 2501 225 2509 2510 241 2509 241 2508 2466 2458 2462 2466 2462 2464 2592 2600 2599 2592 2599 2593 2444 2506 2505 2444 2505 2441 2517 2516 2515 2517 2515 2518 2183 2594 2601 2183 2601 2182 30 2352 2605 30 2605 31 2606 2604 2605 2606 2605 2352 2615 2618 183 2615 183 2614 2611 2367 2395 2611 2395 2616 2129 2698 2697 2129 2697 2133 2634 2635 2632 2634 2632 2633 2258 2635 2641 2258 2641 2259 2643 2260 2259 2643 2259 2642 2613 2614 183 2613 183 2612 2654 188 187 2654 187 2653 2676 203 202 2676 202 2687 122 2661 2660 122 2660 127 2676 2674 2675 2676 2675 203 2671 2669 2670 2671 2670 2090 2666 2675 2674 2666 2674 2667 184 2640 2649 184 2649 185 3 5 4 3 4 2 206 2644 2643 206 2643 2642 2264 2645 2647 2264 2647 2648 2389 2619 2617 2389 2617 2390</p></triangles></mesh></geometry></library_geometries><library_visual_scenes><visual_scene id="Scene" name="Scene"><node id="mesh0-node" name="mesh0"><instance_geometry url="#mesh0"><bind_material><technique_common><instance_material symbol="mesh0-material0" target="#mesh0-material0" /></technique_common></bind_material></instance_geometry></node></visual_scene></library_visual_scenes><scene><instance_visual_scene url="#Scene" /></scene></COLLADA>